"X" "Y" "BIO1" "BIO12" "PET" "MOD44B" "GLC"
-68.2270445082 -16.5399671843 76.48 583.92 1164.2 1.225 22
-99.0997761783 19.4010518773 159.92 625.08 1636.16 4.14646 22
-80.3877449341 25.7115352032 238.76 1425.44 1372.04 5.3825 22
-93.1377667403 31.7614373031 183.84 1344.08 1453.8 34.0971 22
-82.0915968626 33.4673620919 167.48 1185.56 1405.68 15.82 22
-118.41246266 33.9595961085 178.12 339.52 1192.24 6.62 22
-90.5113956661 36.0584000289 153.8 1247 1262.16 7.03535 22
-87.4846106129 36.8877633482 139.44 1252.36 1216.36 10.23 22
-77.3914829372 37.5147136693 141 1095.32 1223.32 17.54 22
-90.785491154 38.4974295718 125.48 987.6 1206.16 20.8225 22
-77.172886129 38.9246432252 126.64 1031.8 1131.16 35.1475 22
-74.6162092738 40.9200269083 88.32 1263.88 995.96 55.9725 22
-74.0642729453 41.1294257961 100.52 1241.08 992.68 35.9375 22
-86.2338709183 41.7384066835 95.52 978.48 986 22.82 22
-88.0137301498 42.1478477234 88.64 904.04 950.88 15.6225 22
-79.6686984438 43.5843167487 76.12 804.56 862.28 11.8825 22
-122.200648377 47.6375137332 106.64 1080.96 816.44 46.468 22
-114.029481057 50.9349115644 35.64 426.8 780.72 0 22
-69.8715912597 -54.6363894883 -27.12 1010.24 374.2 1.025 21
-73.2667733 -50.6616263253 -21.96 1414.16 432 1 21
-73.5763485888 -49.0315005219 -3.96 1595.24 473.84 1 21
-73.1727283739 -48.3591000786 38.56 1167.16 593.44 1.3 21
-123.848368919 50.2272087667 -2 1015.32 544.24 0 21
-123.761308269 50.5320483332 -1.36 814.32 570.6 0 21
-123.712354593 50.9554851461 -23.76 668.24 512.32 0 21
-176.547633437 51.7402105837 43.2609 1539.83 413.174 0 21
-125.941810194 51.7896247121 -16.56 943.84 479.92 0 21
-117.847233331 52.2570187474 -46.52 722.6 427.52 0 21
-120.077066658 52.782133869 -25.52 892.28 473.68 0 21
-166.859808234 53.5645567196 26.72 961.6 349.84 0 21
-129.451842729 54.6100876726 29.96 1603.48 523.24 0 21
-162.094760114 55.3387516585 8.92 943.52 350.48 0 21
-161.13968808 55.5064389551 31.4762 834.143 401.381 0 21
-160.97889236 55.5069102792 21.84 829.44 382.88 0 21
-129.342419678 55.5801429922 21.16 1125.4 557.16 0 21
-160.959965549 55.6757496103 21.04 827.12 384.12 0 21
-161.077957951 55.6885855481 29.32 825.36 400.96 0 21
-127.573908156 55.9716058481 -26.2 548.96 503 0 21
-132.368433714 56.1136341468 36.16 2239.24 485.56 0 21
-129.558770823 56.2882795178 -4.76 877.72 506.92 0 21
-132.260421144 56.8307128273 31.88 1617.32 527.96 0 21
-153.632567148 57.2097426497 17.08 1284.04 401.88 0 21
-132.394813346 58.0904576624 -14.96 811.4 479.52 0 21
-133.919377811 58.2112634112 -1.96 1261.52 455.4 0 21
-132.729862286 58.3736904174 -30.32 783.84 434.52 0 21
-133.203204088 58.5630991663 -15.48 834.12 464.6 0 21
-135.667781617 59.0870617602 -31.56 859.24 411.88 0 21
-135.826776247 59.1306552906 -29.32 880.36 417.84 0 21
-138.685751219 59.3576739511 13.92 2136.28 472.12 0 21
-135.073991685 59.3941679013 -33.16 594.24 438.72 0 21
-138.394357322 59.3945951456 23.88 2021.64 509.08 0 21
-135.335095026 59.7129824133 -46.2 508.2 420.72 0 21
-138.270753287 59.7199052357 -14.88 1259.88 467.6 0 21
-137.967095657 59.9635636922 -33.44 857 453.4 0 21
-138.611322078 59.9927347615 -28 1095.2 443.16 0 21
-150.231180104 60.0158342689 -20.16 833.84 372.92 0 21
-139.151307135 60.0356508097 -54.8 1098.68 364.2 0 21
-149.887448512 60.0715718343 -17.72 890.12 375.72 0 21
-138.926752099 60.08177496 -53.96 1010.32 375.24 0 21
-141.837254589 60.0869087758 -30.52 1706.36 362.72 0 21
-64.6536160644 60.0989568984 -69.6 450.2 268.36 0 21
-142.407391179 60.215412687 0 1930 406.28 0 21
-139.905427798 60.3662989965 -57.24 1086.76 368.32 0 21
-142.242670779 60.36916998 -28 1581.2 378.4 0 21
-142.24502059 60.405083598 -41.8 1426.56 359 0 21
-153.098582395 60.5489346401 -28.04 655.96 420.28 0 21
-143.109073326 60.5853598546 -38.56 1273.2 379 0 21
-144.328253596 60.6147214784 -0.2 1438.8 466.56 0 21
-139.481479095 60.643388978 -71.4 757.76 362.56 0 21
-143.065101614 60.6490341416 -46.68 1203.16 366.8 0 21
-152.782047922 60.7106196823 -49.28 645.24 367.64 0 21
-148.759842521 60.7439525244 -4.6 986.56 427.84 0 21
-145.774899714 60.7627311991 -15.76 1135.8 443.84 0 21
-144.034033627 60.7846787315 -23.96 1172.08 432.92 0 21
-143.723404259 60.831570892 -31.04 1138 417 0 21
-141.497528666 60.8592183583 -67.8 1001.84 354.36 0 21
-139.129770278 60.9344170777 -87.28 554.32 343.88 0 21
-148.997178004 61.0550247306 -42.64 705.92 362.76 0 21
-146.021675895 61.2559587514 -57.12 614.08 407.4 0 21
-146.935434184 61.3727687659 -71.28 576.92 356.24 0 21
-141.187221657 61.3779767482 -113.4 635 289.4 0 21
-141.082054744 61.3978824318 -134.24 615.72 238.92 0 21
-141.251178771 61.4845528607 -87.48 645.88 361.16 0 21
-147.180947778 61.6213356218 -65.04 511.68 386.6 0 21
-143.271654698 61.8969714124 -80.68 527.96 387.4 0 21
-144.066136389 61.9360110624 -112.92 476.8 304.4 0 21
-149.065153188 62.0024669526 -56.88 525.08 365.72 0 21
-143.748389713 62.0576732805 -99.48 457.32 347.48 0 21
-66.8052893808 62.2615463802 -97.8 449.96 221.28 0 21
-142.720856036 62.3017416204 -97.76 415.64 375.36 0 21
-67.0267994854 62.5702931505 -105.96 478.08 211.24 0 21
-67.5488145669 62.766629573 -108.28 480.76 216.52 0 21
-149.989912922 63.0309107444 -45.16 582.48 410.84 0 21
-65.2086172637 63.1064005618 -89.36 432.88 211.8 0 21
-145.528185416 63.2578812753 -82.76 247.76 436.32 0 21
-146.436968879 63.3083027014 -79.08 259.68 432 0 21
-145.073436473 63.4287335972 -102.16 251.04 392.56 0 21
-147.608386979 63.5656032062 -95.92 309.84 365.72 0 21
-65.0127693094 63.9162038362 -90.52 428.4 216.08 0 21
-64.1222876337 65.8559688725 -138.24 550.6 152.2 0 21
-63.6829440979 66.4945534296 -140 522.96 154 0 21
-63.7500766142 66.7148824144 -135.68 466.84 160.52 0 21
-67.3999776507 67.4076423851 -141.08 396.56 161.2 0 21
-66.9952967872 67.9448453842 -141.4 377.28 156.64 0 21
-68.9481818828 68.359346537 -126.72 285.36 195.44 0 21
-68.5029439797 69.0240746048 -151.64 360.6 158.68 0 21
-143.977631862 69.0684171488 -178.12 150.88 194.76 0 21
-144.927612737 69.1211662189 -174.12 152.52 208.4 0 21
-67.6638160244 69.3906598507 -125.84 261.6 190.84 0 21
-73.4719011648 69.7272371892 -147.96 274.64 175.96 0 21
-72.3402903897 69.7334305318 -154.44 305.8 165.64 0 21
-72.8432111353 69.7547610959 -152.68 295.6 167.96 0 21
-70.0654859077 70.1223679322 -158.4 331.84 157.88 0 21
-70.3681497731 70.193968293 -172.96 386.16 138.76 0 21
-74.5398662011 70.3377932205 -158.76 281.44 164.92 0 21
-71.9866209243 70.8868577138 -163.12 307.72 154.24 0 21
-71.8441540329 71.0012228901 -143.68 241.72 181 0 21
-81.1292192908 71.2628478396 -150 220.96 187.2 0 21
-78.8601042025 71.3944856408 -167.2 245.72 165.72 0 21
-87.2388358221 71.3979936698 -143.48 153.68 199.28 0 21
-72.6122610371 71.4809365652 -133.32 190.6 196.56 0 21
-81.0797916355 71.7653221992 -152.04 213.36 185.32 0 21
-88.549544024 71.8445059393 -153.16 156.04 192.6 0 21
-83.32178532 71.8625685684 -145.4 205.12 186.08 0 21
-87.2156682274 71.8689262487 -149.24 157.4 193.36 0 21
-88.9044257183 71.8996269142 -153.24 152.44 193.36 0 21
-79.8570386159 71.9123716091 -165.48 237.44 169.72 0 21
-107.116836704 71.9303225079 -157.48 82 189 0 21
-86.777347085 71.9725644744 -149.88 164.44 191 0 21
-105.837395022 71.9813001749 -164 91.04 175.68 0 21
-107.657313913 72.15037819 -158.091 81.2273 186.773 0 21
-107.48216645 72.1793106602 -164.52 87.96 175 0 21
-76.8552630305 72.413571373 -180 274.36 151.08 0 21
-77.2281642001 72.4145678611 -193.76 325.28 134.4 0 21
-85.1523845168 72.4272508424 -148.44 184.4 185.4 0 21
-89.257216802 72.4511205255 -150.04 134.64 198.72 0 21
-99.3428777335 72.5409068375 -167 107 173.4 0 21
-84.4093772738 72.5660032569 -155.84 230.4 163.48 0 21
-81.7151699676 72.5723751288 -166.04 244.36 163.04 0 21
-89.5149613657 72.5822808046 -155 142.16 191 0 21
-99.4906959832 72.586772311 -167.96 106.32 173 0 21
-107.243239093 72.6837186495 -170 85 164.08 0 21
-105.714463969 72.7980206556 -162.72 76.28 176.48 0 21
-84.7692998722 72.8288739059 -159.04 234.28 158.92 0 21
-100.242425623 72.8334369043 -166 96 174.8 0 21
-107.321211111 72.8434424954 -170.24 83.52 163.36 0 21
-100.046778404 72.8698413133 -166.08 96.2 174.92 0 21
-106.491751802 72.9244769499 -169.2 81.6 164.56 0 21
-92.598535488 72.9808977229 -161 140 180.32 0 21
-83.9971335186 73.031748307 -142.56 173.92 188.12 0 21
-78.587391775 73.0531814733 -192.88 299.92 139.56 0 21
-81.2013947188 73.0700093859 -167.68 229.04 164.24 0 21
-95.3876605958 73.1036522594 -165.08 138.08 172.36 0 21
-86.978125807 73.1487633584 -156.8 159 185 0 21
-76.9820370601 73.1764960204 -157.2 181.6 186.92 0 21
-77.9649391698 73.1921239717 -193.64 300 139.2 0 21
-78.128332164 73.2111853559 -192.88 296 140.32 0 21
-88.1688755697 73.2187206944 -160.96 154.36 182 0 21
-91.8869005887 73.2440974737 -162.24 141.12 177.76 0 21
-92.8048642168 73.2465153402 -168 152.68 166.12 0 21
-94.2159259203 73.3067809951 -167.16 148.92 165.76 0 21
-78.4823588956 73.3291518553 -199.8 319.92 131.2 0 21
-100.166455658 73.422117126 -174.84 106 158.24 0 21
-105.265577508 73.5111306551 -172 78 157.52 0 21
-93.5357322676 73.5206838802 -169 150 164 0 21
-92.4039072374 73.5233178689 -167.76 149.4 167.16 0 21
-86.125412522 73.6337529864 -156 156 186 0 21
-99.823352262 73.6804326531 -176 107.56 157 0 21
-94.2701836531 73.7393083204 -168.32 149.28 162.12 0 21
-86.8112854531 73.7610646887 -156.04 142.12 187.64 0 21
-91.2998900034 73.7966376314 -168.44 147.48 166.76 0 21
-94.4538328139 73.8754344771 -163.48 139.32 169.04 0 21
-92.4347487813 74.0247287458 -161.2 132.04 177.64 0 21
-85.3943988914 74.5939069643 -174.48 191.56 158.76 0 21
-83.7813119945 74.6291693712 -153.64 146.64 185.08 0 21
-82.1378126624 74.7229146161 -185.36 237.08 143.56 0 21
-87.7400882806 74.8431675397 -171 145.36 170.28 0 21
-86.3472664385 74.8652721826 -176.24 174.68 161.12 0 21
-81.8674365041 74.9070329534 -195.96 267.28 131.48 0 21
-94.9768730247 74.9417922445 -165.48 135 161.16 0 21
-100.306227302 75.0169243299 -176.667 98.1333 154.4 0 21
-85.1913525919 75.0441458172 -182.6 201.24 149.84 0 21
-94.7426631013 75.0473873608 -166.84 135.36 160.32 0 21
-81.2428906557 75.0643345406 -186.16 225.8 145.4 0 21
-94.1596635366 75.0748656286 -166.72 133.68 162.8 0 21
-87.4470718853 75.0764840463 -170 140.52 172.2 0 21
-83.80646346 75.1042623 -192.96 246.64 133.72 0 21
-106.920952008 75.1143322022 -177.64 60 147.16 0 21
-106.719157245 75.1238226135 -176 59.84 149.6 0 21
-100.123021723 75.1280109429 -176 99 155.52 0 21
-88.3566852148 75.1700627972 -171.76 135.36 170.88 0 21
-112.499274367 75.2483448206 -184 88.2 137.32 0 21
-110.55109908 75.2936636448 -180.48 72 145.24 0 21
-91.2003897229 75.3146738358 -169.48 126.72 167.36 0 21
-87.9267848032 75.4124050844 -172.64 134.48 170.24 0 21
-109.428765766 75.4231188443 -181.24 68.52 144.32 0 21
-90.6493547924 75.4291204755 -174.76 132.52 160.08 0 21
-87.8849581198 75.4589061228 -168.84 123.64 175.96 0 21
-82.6787860232 75.4807346502 -217.6 323.08 107.2 0 21
-109.515530236 75.499871021 -179.28 68 146.72 0 21
-96.9637010523 75.5061692705 -170 113 160 0 21
-82.0139128549 75.5329759661 -216.76 318.24 108.92 0 21
-102.093608234 75.6087352299 -182 90.28 145.48 0 21
-88.6898180764 75.6144060355 -168.84 117.16 177.16 0 21
-89.7866843847 75.7910372824 -165.375 108.25 179.5 0 21
-112.679691667 75.9010883151 -194.36 93.16 123.08 0 21
-98.3821932847 75.9254165117 -183.44 115.88 142.32 0 21
-119.882659987 76.1429069873 -185.04 98.08 133.76 0 21
-100.234047643 76.2415408718 -189.8 109.56 134.68 0 21
-102.624783373 76.2511098497 -184 88 143 0 21
-79.2891259812 76.318120527 -159 116.364 187.818 0 21
-79.4963784147 76.3717914678 -174.12 153.56 165.6 0 21
-99.4013234068 76.4109946202 -185.68 105.72 141 0 21
-118.755234733 76.445768258 -186.44 97.08 132.6 0 21
-82.7544247379 76.498784946 -195.52 201.36 138.92 0 21
-117.494723979 76.5255136617 -190 95.28 128.24 0 21
-80.2554379179 76.5261057347 -189.2 188.84 146.44 0 21
-91.2383478826 76.554152739 -176.2 115.04 159.48 0 21
-94.9834738588 76.5894829791 -183.4 131.2 140.08 0 21
-88.4254473778 76.6390716518 -174.28 106.6 172.48 0 21
-84.8218968518 76.6841656739 -189.88 162.72 149.92 0 21
-94.5330567639 76.6844422508 -190.12 143.04 130.6 0 21
-85.8922439669 76.7062259044 -206.04 202.24 130.64 0 21
-88.7609421129 76.7252767264 -183.16 124.2 160.12 0 21
-87.2533065158 76.7334713803 -192.84 152.84 149.08 0 21
-95.4286297346 76.7719298643 -187.12 132.12 135.32 0 21
-83.6847085482 76.7842412135 -184.28 153.6 155.92 0 21
-95.3577522957 76.8125172538 -187.52 132.24 134.6 0 21
-78.6455923596 76.8236480975 -163.72 119.76 179.12 0 21
-86.8077851698 76.8291975681 -195.2 159.84 145.72 0 21
-82.4697640269 76.8452716137 -190.24 173.28 147.32 0 21
-82.9968470245 76.8534133104 -179.44 141.24 162.12 0 21
-85.828489096 76.8651426781 -225.88 262.68 108.16 0 21
-86.5932813646 76.8834496398 -198.96 167.96 141.56 0 21
-94.7153443821 76.8882921574 -178.72 117.8 149.6 0 21
-79.7468200333 76.9565014342 -172.96 134.52 168.6 0 21
-88.5708373593 77.0476179959 -172 93.0769 177.385 0 21
-104.314742039 77.0866867782 -189 81.32 135.2 0 21
-85.5167424121 77.0930573217 -195.08 157.96 146.4 0 21
-81.321664195 77.3490280553 -169.571 111.143 175.476 0 21
-86.7423053409 77.4289392093 -185.52 114.76 162.64 0 21
-105.26473436 77.5022106278 -193.2 74.84 130.72 0 21
-85.0484783298 77.547788306 -172.48 92.84 179.2 0 21
-83.0169144881 77.6447527837 -170.2 96.64 178.92 0 21
-79.0322959301 77.6480221264 -193 174.08 141.76 0 21
-86.6462086537 77.674441509 -183.72 105.28 165.96 0 21
-111.692183069 77.7045026109 -197.48 71 122.36 0 21
-113.896463746 77.7490083595 -194.417 72 126.833 0 21
-112.56561038 77.7780025345 -197.48 73 122.92 0 21
-78.5779953045 77.8118208516 -179.92 137.64 157.88 0 21
-81.4211913672 77.910761208 -199.12 169.32 139 0 21
-82.0360868631 77.9244167623 -188.72 137.68 153.44 0 21
-112.594234256 77.9310612239 -196 68 125.56 0 21
-76.7497263822 77.9444276546 -168.733 119.467 166.067 0 21
-79.7457154807 78.0008538701 -194.8 165.24 141.24 0 21
-79.1282896647 78.0043280521 -189.48 153.92 146.84 0 21
-110.868928811 78.0323486501 -196.44 65 126 0 21
-75.863915337 78.0645360987 -184.52 165.24 141.12 0 21
-90.8631520066 78.1413228042 -181 92 161.733 0 21
-100.889483338 78.2226543655 -198.68 102.6 126.52 0 21
-77.3337233843 78.2458217529 -177.24 130.24 157.4 0 21
-76.8989448402 78.2535506509 -186.56 157.52 144.08 0 21
-75.8197112496 78.2692379826 -180.76 151.72 146.04 0 21
-101.722084268 78.2960448622 -199.24 101 126.12 0 21
-76.3224863473 78.3653318125 -202.12 204.16 123 0 21
-91.4526208089 78.4366930973 -220.48 156.44 101.2 0 21
-92.6944599909 78.4381179577 -191.6 106.96 141.68 0 21
-92.7974716422 78.4624027147 -188.64 101.68 146.64 0 21
-80.052071937 78.5165855778 -228.6 252.68 104.24 0 21
-80.403537982 78.5246411746 -225 237.68 108.64 0 21
-97.0883275222 78.6140343989 -195.8 104.76 131.64 0 21
-75.2262794023 78.6166759155 -192.08 180.56 130.08 0 21
-98.0008599381 78.6626736165 -198.8 105.44 127.44 0 21
-75.1358174086 78.687103232 -171.16 126.32 155.4 0 21
-87.5314857623 78.7184366569 -197.44 106.48 151.88 0 21
-89.8466203457 78.7242085346 -226.2 174.68 106.72 0 21
-78.7374769071 78.7430787448 -203.96 181.12 129.52 0 21
-90.8839912188 78.7765969393 -226.64 159.08 96.32 0 21
-80.2475676188 78.78535626 -236.52 271.52 95.84 0 21
-102.024143368 78.8420955096 -209.12 108.72 113.52 0 21
-80.6934990492 78.8686887402 -217.72 201.44 118.2 0 21
-90.3876071762 78.9106908534 -224.96 157.68 102.84 0 21
-75.7594916572 78.9630527104 -164 97.5 167.5 0 21
-76.4295941506 78.9660527662 -190.12 153.92 138.36 0 21
-89.4746978337 79.0240469322 -249.28 241.96 85.96 0 21
-88.5843682451 79.0458720487 -211.36 132.72 133.08 0 21
-82.474721111 79.1531393082 -218.84 180.24 120.52 0 21
-105.26768355 79.194896074 -206.24 82.12 115.96 0 21
-104.765160747 79.2061919774 -206 88.92 118 0 21
-89.1240641516 79.2190631382 -236.08 198.36 104.2 0 21
-82.6084716497 79.2218716305 -213.12 159.88 128.56 0 21
-103.845321321 79.2537203369 -207 100.72 117 0 21
-103.447403715 79.2704856825 -207.04 103 116.76 0 21
-77.5954456767 79.3058659887 -176 103.533 161.267 0 21
-95.5752684423 79.4037262432 -195.467 93.8 137.467 0 21
-77.8945501361 79.4208830146 -223.64 227.52 105.76 0 21
-90.5937676938 79.4343614425 -202.64 101.24 136.08 0 21
-87.8906095818 79.5021763384 -228.48 164.44 115.84 0 21
-94.0139198655 79.5537187846 -226.24 143.56 95.16 0 21
-74.6939924536 79.6414576788 -194.72 168.88 125.48 0 21
-90.8710463455 79.6864925425 -263.52 216.48 59.32 0 21
-76.0885752266 79.7452525237 -205.6 181.64 119.4 0 21
-91.4510985095 79.754564695 -273.24 237.2 49.96 0 21
-90.460176283 79.7701959484 -254.52 201 71.4 0 21
-78.4604160654 79.792055107 -229.12 227.96 102.44 0 21
-95.7944116209 79.8885973416 -206.72 103 122.48 0 21
-85.9434090837 79.9284098193 -195.55 71 162.9 0 21
-71.6681272225 79.9352579647 -180.72 159.72 129.24 0 21
-79.455128782 79.9689342179 -247.08 275.64 86 0 21
-93.7739070389 79.9806777012 -212.88 110.92 116.56 0 21
-79.4339312959 79.9997394829 -247.08 275.64 86 0 21
-71.3618732106 80.0113517721 -196.92 207.36 110.4 0 21
-78.4023139682 80.0359256894 -255.08 316.08 75.88 0 21
-78.6173666026 80.1130616418 -253.68 303.8 77.2 0 21
-74.2911836476 80.1419741211 -222.92 247.44 94.88 0 21
-92.2545145909 80.1521904093 -241.24 157.32 81.32 0 21
-90.2750062524 80.1616120639 -212.44 106.56 127.08 0 21
-73.6507473642 80.1630147118 -211.96 219.72 103.48 0 21
-71.2621407005 80.179627564 -163.56 114.12 148.64 0 21
-74.448359853 80.1930880656 -222 240.68 96.28 0 21
-79.0768017798 80.2222350904 -232.24 219.44 100.92 0 21
-71.2988838983 80.2285176097 -167.52 120.88 144.44 0 21
-75.8126654867 80.2704917606 -250.84 324.44 72.32 0 21
-92.0890612846 80.2951220117 -249.6 169.56 73.28 0 21
-72.1601238323 80.5229934212 -227.64 282.48 83.08 0 21
-95.1773923776 80.6261154 -221.04 111.32 106.52 0 21
-75.7243480431 80.6455441787 -211.88 178.68 112.88 0 21
-84.7922210219 80.6899640731 -208.44 92.48 144.24 0 21
-81.0275885703 80.7337124902 -226.12 168.24 113 0 21
-71.9147427511 80.8812084321 -217.64 237.92 93.36 0 21
-85.820781418 80.8817162294 -209.08 84.84 146.12 0 21
-84.099139124 80.9156106259 -215.52 109.92 133.96 0 21
-74.4533026599 80.9253604256 -215.76 198.04 105 0 21
-72.8492439812 80.981757686 -222.72 238.92 91.92 0 21
-68.5902869137 80.9926021224 -189.04 183.96 117.56 0 21
-71.2026640931 80.9969323305 -202.32 195.96 107.72 0 21
-70.4392674491 81.0043098465 -176.2 131.16 135 0 21
-84.3965954738 81.0236275859 -218.48 114.2 131.28 0 21
-83.2430430761 81.050733728 -226.72 141.04 118.4 0 21
-84.562210967 81.1276921194 -227.28 130 121.44 0 21
-79.5523823797 81.1529009054 -223.88 165.56 112.6 0 21
-70.423263842 81.1607176278 -176.88 129.2 135.08 0 21
-80.40886353 81.171236107 -230.04 172.72 107.44 0 21
-87.2374188519 81.1950188558 -214.24 90.2 137.2 0 21
-80.0078962445 81.197886123 -230.56 179.32 106.56 0 21
-75.9874262587 81.2080148211 -213.76 169 112.8 0 21
-79.7765586935 81.2150538905 -196.64 95.64 145.16 0 21
-76.4297251139 81.2344073711 -215.64 167.4 112.72 0 21
-83.3896421 81.2411156728 -242.24 178.6 101.72 0 21
-67.9839741268 81.2921177173 -159.5 102.5 153.5 0 21
-71.2038286984 81.293381774 -183.52 134.76 130.28 0 21
-77.1751201853 81.3202209345 -204.36 131.08 127.76 0 21
-70.5142831867 81.3595441897 -181.4 134.92 131.4 0 21
-78.9725178704 81.4039800099 -241.64 215.76 92.92 0 21
-75.9766081301 81.4169303961 -211.88 156.36 115.4 0 21
-88.4717247683 81.4259971353 -213.96 88.52 135.24 0 21
-88.5295616382 81.4382938197 -215.72 92.84 133.16 0 21
-80.2894904782 81.4630135713 -267.28 287.32 71.84 0 21
-83.2040588546 81.4814221569 -250.32 198.8 92.92 0 21
-68.0545117119 81.4906762694 -189.96 173.68 119.48 0 21
-75.5944463673 81.4918498265 -244.84 263.24 80.12 0 21
-68.6077216542 81.5035798022 -170.625 119.75 141.75 0 21
-70.9204085563 81.5092365311 -189.2 146 123.96 0 21
-78.9689073255 81.5225060603 -249.68 239.44 83.8 0 21
-85.4107473373 81.5252864188 -227.88 117.2 121.92 0 21
-75.677346504 81.5587912834 -231.76 216.04 93.36 0 21
-77.7377740433 81.5703905931 -228.52 185.96 103.08 0 21
-85.2970097831 81.6019729954 -248.28 171 99.16 0 21
-67.3075522984 81.6213484835 -180.467 149.067 130.867 0 21
-73.9268703146 81.6263005141 -204 150.56 117.52 0 21
-88.9790240012 81.6624164399 -218.84 96.8 128.72 0 21
-67.7363429963 81.7115139735 -190.28 170.24 119.68 0 21
-76.610942629 81.7474552661 -217.64 159.24 111.64 0 21
-73.9608952697 81.7597795664 -238.16 250.88 82.32 0 21
-90.7045621821 81.7659108235 -221.44 87.84 121.12 0 21
-79.6125279695 81.8067601653 -224.52 149.44 112.68 0 21
-69.969255524 81.8077228927 -172.68 106.08 142.92 0 21
-69.1098505511 81.8097581854 -177.68 124 136 0 21
-75.6276270758 81.8491226307 -258.32 299.64 69.6 0 21
-71.6969812743 81.8542797721 -200.16 158.12 115.16 0 21
-85.5039626596 81.8628217061 -232.84 123.56 116.52 0 21
-85.5888392573 81.8657787287 -233.56 125 115.88 0 21
-76.5750710606 81.8879974113 -252.04 263.28 76.76 0 21
-67.981985351 81.9417528821 -178.6 129 134.6 0 21
-65.9173796764 81.9496469753 -194.48 185.64 119.24 0 21
-87.3261289115 81.9595326382 -215.76 82.4 135.88 0 21
-72.6206925026 81.9650029173 -232.8 243.16 83.96 0 21
-79.4695381692 81.966814607 -206.36 103 133.56 0 21
-65.5810652323 81.9946494475 -185.44 161.4 129.2 0 21
-63.5262965944 82.0222913083 -189.84 184.48 128.96 0 21
-76.8918624745 82.0417864059 -264.16 297.6 67.92 0 21
-73.0068478051 82.0470716574 -241.64 265.6 76.96 0 21
-69.935959373 82.0499374973 -205.68 184.88 106.48 0 21
-79.3255540283 82.0624170501 -231.28 163.96 105.36 0 21
-75.5267298083 82.1203146753 -231.16 199.88 94.92 0 21
-70.3659603968 82.1501874201 -223.6 233.8 89.2 0 21
-76.3711474932 82.1728590406 -233.28 194.56 95.6 0 21
-73.6508491878 82.1856397008 -260 321 64.88 0 21
-80.8123210177 82.2096409944 -236.2 160.08 104.32 0 21
-81.1924521377 82.2157920951 -226 130.2 115.48 0 21
-62.1659105327 82.2318215062 -191.48 188.92 129.64 0 21
-64.3197514714 82.2566471114 -196.96 191.48 121.08 0 21
-73.903536388 82.2708230891 -234.64 225.04 86.64 0 21
-70.3170613665 82.2865777275 -220.56 220.44 92.8 0 21
-65.0386479658 82.3024608546 -193.84 178.28 122.76 0 21
-64.0853077649 82.303627541 -191.72 176.72 126.84 0 21
-64.8820105453 82.3217364377 -196.04 184.92 120.84 0 21
-65.9128130902 82.3967654775 -210.68 221.6 103.44 0 21
-62.9453701801 82.4145999487 -187.52 167.84 135.12 0 21
-72.1257144811 82.4359438539 -229.44 222.08 88.4 0 21
-82.4780077131 82.4408855225 -214.6 91.08 131.96 0 21
-81.5159982814 82.4539947258 -220.4 111.6 123.24 0 21
-69.4680850296 82.4951392642 -181.84 114.04 134.72 0 21
-72.5649303914 82.5115872089 -191 110.2 130.56 0 21
-82.1251504913 82.5793818912 -208.32 78.24 139.08 0 21
-81.8509524782 82.6009100083 -222.6 109 121.04 0 21
-66.9074570139 82.6913420389 -194.2 156.68 121.32 0 21
-65.3469963657 82.703421302 -178.4 124.84 141.8 0 21
-75.6199001724 82.7333249513 -214.72 136 114.16 0 21
-70.2046303022 82.7360429289 -215.52 190.68 99.52 0 21
-73.3811491607 82.751000325 -184.76 87 141.08 0 21
-71.6776490917 82.839566592 -193.72 116.4 125.36 0 21
-74.6659442091 82.8436786768 -202.12 111.4 124.92 0 21
-70.1190381364 82.9517183421 -201.16 145.28 115.88 0 21
-75.8672256436 83.0054104188 -191.56 77.32 141.8 0 21
-72.2984827493 83.0130168023 -189.84 99.24 133 0 21
-70.5556266422 -55.0833277393 38.2174 1305.87 477.652 19.2761 19
-74.7235940057 -50.7982460411 68.3913 4192.35 521.739 39.2426 19
-68.2053797651 -48.5613569426 99.48 224.96 900.8 1.36 19
-70.0923264542 -39.2334718845 110.44 221.8 1211.6 1.0875 19
-70.1931246731 -36.7138953933 45.44 503.36 983.96 4.7775 19
-69.5997787932 -36.3830395938 109.28 255.24 1283.12 1 19
-70.4660765201 -36.1825477934 39.76 650.8 951.32 8.0361 19
-69.8152822043 -35.8868129644 96.24 362.2 1214 1.2825 19
-70.2704003489 -35.824155856 41.56 614.36 957.24 3.77 19
-69.7486268173 -34.7186957583 25.72 551.28 886.56 3.845 19
-70.1994664341 -34.3859336276 42.76 708.44 952.64 7.06616 19
-66.687733164 -32.1610338533 192 387.64 1552.04 1.2675 19
-67.7749517938 -29.7815454146 154.6 213.12 1501.44 1 19
-69.3439755693 -29.7023436938 6.44 149.8 772.32 1.08 19
-66.6735402597 -28.7056752265 191.48 299.68 1675.32 1 19
-66.0412354622 -28.0498044824 108 319.6 1224.64 4.28 19
-69.7144800013 -27.799580057 83.64 39.24 1021.64 2.45 19
-68.6433925208 -27.1581016149 -26.24 116.08 654.36 2.41 19
-68.4739787932 -26.9384808371 11.44 88.28 794.16 2.9225 19
-69.1160913479 -26.9043363551 66.48 45.44 950.48 2.825 19
-69.1151494475 -25.8838410095 50.24 31.56 943.16 2.11 19
-68.7213235946 -25.7511701393 33.64 42.6 904.2 3.385 19
-69.7242122652 -25.6788941551 160.28 11 1475.08 1 19
-69.8972162429 -25.4272017563 170.76 8.68 1582.6 1 19
-66.8368923763 -25.3486534438 63.84 92.36 1102.28 1.02 19
-69.167192588 -25.3445422327 75 17.2 1067.68 1 19
-69.1419731701 -25.058456231 60.4 19.8 1032.72 1 19
-67.2747845916 -24.9619462848 81.72 63.16 1185.8 1.69 19
-67.5121132755 -24.7239773951 90.8 49.44 1229.28 1 19
-67.4617650582 -24.6017115359 90.72 51.48 1237.72 1 19
-69.9058562069 -24.4787622659 163.4 5.16 1471.96 1 19
-70.1443581366 -24.3864066657 140.52 4.88 1392.48 1.005 19
-66.7133920988 -24.1420320042 55.8 89.36 1130.56 1 19
-69.0766483961 -23.9953627919 129.88 11 1381.56 1 19
-69.3911890603 -23.8682957284 150.8 9 1426.8 1 19
-68.0340576151 -23.8385513569 103.96 33.04 1312.76 1 19
-68.9227859473 -23.6714076469 139.64 16.48 1412.8 1 19
-70.2342617763 -23.5419884443 168.6 2 1203.68 1 19
-67.8391247205 -23.253484697 86.44 39.72 1268.92 1 19
-67.1756747742 -23.0742483224 50.2 65.52 1140.44 1 19
-67.6575373325 -23.0668799172 27.76 54 1019.12 1 19
-69.9323362208 -23.0298130198 150.72 3.16 1307.48 1 19
-67.5313246714 -22.5834764596 43.56 55.08 1106.64 1.0025 19
-66.9673400935 -22.5445199361 22.04 82.84 1016.72 2.795 19
-66.7321132299 -22.3759043117 51.28 91.24 1177.24 1 19
-69.6076725414 -22.3479036534 163.84 3.48 1332.44 1 19
-69.5819916061 -22.327337949 165.16 4 1335.24 1 19
-67.8246393579 -22.2504288687 43.6 48.12 1101.8 1.77994 19
-67.3641131424 -22.2001682057 58.6 60.6 1188.2 1.055 19
-66.8566450074 -21.5989795505 76.56 88.04 1287.44 1 19
-66.9434511912 -21.0832070588 94.72 96.12 1347.28 1 19
-69.862096505 -21.0664855848 167.04 0 1283.68 1 19
-67.7610657847 -21.0536744951 76.84 64.24 1249.2 1 19
-66.7141251091 -20.5549246779 97.88 123.84 1347.36 1 19
-67.6690347835 -20.4586419615 84.64 112.56 1280.72 1.99 19
-68.3351892615 -20.4299568706 47.44 102.76 1115.4 1.57 19
-47.4129573446 -20.086788732 221.56 1483.8 1576.4 14.0562 19
-68.6757338987 -20.0431387686 33 128.08 1052.56 1.1275 19
-66.3477909696 -19.9293983101 85.16 178.72 1270.8 1.0475 19
-67.5033890892 -19.8355342727 90.28 179.6 1304.8 4.42821 19
-67.3311360501 -19.6756527531 95.28 192.8 1324.64 1 19
-68.1446631149 -19.1469270473 83.48 233.16 1302.56 1.21337 19
-68.1391492732 -19.0742358077 83.6 240.72 1303.68 1.025 19
-70.1548266231 -18.7982045527 174 1.72 1281 1 19
-68.0412781558 -18.6058277347 82.56 278.76 1318.92 1.00506 19
-67.334929268 -18.6046372528 91.64 309.68 1345.88 1 19
-67.9971616495 -18.2964754129 79.64 294.8 1314.08 1.52 19
-70.0264528634 -18.1593068862 165.8 13.56 1468.32 1 19
-70.1795248394 -17.9441427303 172.56 14.12 1472.04 1.235 19
-70.6388964348 -17.8892917229 183.56 5.56 1337.76 1 19
-68.7392569722 -17.7168038158 64.32 373.08 1228.08 1 19
-68.5483515986 -17.4634657982 84.04 376.04 1312.84 1 19
-67.4626739914 -17.4552033794 80.2 399.2 1308.8 1 19
-70.8227096527 -17.4134403348 164.96 9.24 1524.12 1 19
-70.8869249537 -17.1165700161 152 30.88 1535.36 1.495 19
-71.364340006 -16.8916368856 168 17.96 1613.16 1.0075 19
-69.0920871388 -16.8812087567 82.2 579.16 1192.32 1 19
-68.2166483907 -16.6897778294 78.68 523.12 1225.44 1.2825 19
-68.5256997298 -16.5843944651 72.28 618.52 1161.68 2.68 19
-72.8330320615 -16.4395039545 182.68 0.72 1471.68 1.01 19
-72.3112514719 -16.3950244537 191.76 2 1595.76 1 19
-70.8398243825 -16.2404380991 12.4 541.36 932.68 1.0375 19
-73.1349346619 -16.1861815083 186.52 3.8 1390.28 2.685 19
-72.8769873489 -16.1175880566 150.64 36.8 1548.16 1 19
-72.9759871159 -16.0723057527 142.36 51.64 1523.4 1.0625 19
-74.1923152561 -15.7652188111 189.56 2.52 1423.52 1.6825 19
-74.5224143469 -15.5647926245 190.48 4.64 1520.32 1.025 19
-75.265389175 -14.7706490862 199.84 3.4 1697.32 1 19
-75.4664783154 -14.5245369624 197.68 4 1616.68 1 19
-75.554281737 -14.2306503074 195.12 7.12 1629.52 1 19
-75.6631913334 -13.996066203 186.96 12.44 1645.4 3.1575 19
-38.7238704623 -11.088397557 245.16 801.56 1783.12 3.9725 19
-77.8276112093 -10.388045861 176.44 22.48 1392.68 2.73 19
-78.1434314636 -9.63846071614 179.68 27.24 1411.32 1.04 19
-78.130308724 -9.62309885219 185.24 24.08 1399.2 1 19
-40.004194006 -9.20724708716 243.56 494.64 1838 4.975 19
-78.250149784 -9.08683683427 181.08 36.56 1418 1.03 19
-78.71298541 -8.80353318068 184.273 2 1269.32 3.80859 19
-37.3745903438 -7.84216836659 227.08 657.28 1522.08 7.6225 19
-79.9258443307 -6.83874415651 219.214 17.5 1520 2.85405 19
-80.181283119 -6.57555657318 224.24 22.32 1570.08 1.04188 19
-37.1262451594 -6.39585140459 268.72 723.68 1707.72 3.5 19
-80.7020217025 -5.84296461484 231.76 29.88 1706.72 1.8175 19
-37.7191091046 -5.65093890919 280 741.64 1826.28 3.87 19
-38.3271837327 -5.42489958074 276 789.8 1801.24 3.05115 19
-80.5825897899 -5.09881120847 242.44 69.52 1852.48 3.175 19
-68.235179347 -43.7375692716 120.28 183.36 1101.92 1 18
-67.5611576427 -43.6720623332 125.08 179.4 1110.96 1.0125 18
-68.3555231002 -43.4829582732 118 185.68 1109.6 1.0275 18
-59.8024523109 -38.5852914989 141.96 754.16 1200.04 8.155 18
-72.9738871623 -38.4763975122 113.92 1099.32 1069.36 54.8775 18
-62.5736694005 -38.4289339839 148.56 618.08 1291.76 7.1725 18
-58.1216027596 -37.8757454117 135.28 831.88 1171.4 10.43 18
-61.6510327017 -37.8378502426 135.12 767.36 1238 5.49 18
-58.5069850679 -37.2244845434 142 845.92 1251.68 10.2075 18
-72.0335994989 -37.1909822452 123.52 1409.68 1209.8 51.685 18
-59.418344709 -37.1824544967 135.72 880.84 1255.32 8.3 18
-58.8180365467 -37.1364692683 140.44 867.56 1259.08 10.58 18
-64.3137428799 -36.8248834003 152.36 589.28 1406.28 3.8325 18
-63.9622356728 -36.734508173 153.68 613.2 1410.32 4.51958 18
-72.1974952785 -36.5363828744 138.72 903.4 1229 23.945 18
-60.1485754041 -36.0717676858 152.8 969.76 1337.76 7.0275 18
-71.8848094648 -35.7152089385 138.24 912.16 1285.8 14.9775 18
-60.5570487845 -35.5977025357 157 1013.96 1355.12 8.54 18
-61.6148694411 -35.5513394959 154.68 915.84 1340.68 7.06231 18
-59.5366698172 -35.5301950167 159 982 1363.68 6.89 18
-60.7169991517 -35.4942188407 157.96 1032.72 1358.24 9.05 18
-62.29553156 -35.2022760362 158 790.84 1382.28 5.82369 18
-59.9650424627 -35.1725383076 161.16 973.64 1385.88 9.63112 18
-60.767526342 -35.1491553189 159.48 1013.6 1366.8 10.89 18
-60.3043297551 -34.9094993787 162 969.4 1384.28 9.8675 18
-59.919691223 -34.6508951067 164.56 991.24 1400.28 11.08 18
-61.7360325943 -34.5514303859 159 879.92 1375.32 11.1508 18
-61.2811615384 -34.2562343099 160 925.04 1372.92 8.475 18
-59.4268555496 -34.1860491238 166.6 1028.96 1379.08 7.3475 18
-71.3525159709 -34.0784689722 160.52 454.52 1312.64 29.86 18
-71.2471194693 -33.947527027 153.16 484.24 1309.52 21.9275 18
-60.7786007787 -33.198346651 166.4 945.32 1389 12.1625 18
-63.9717107916 -30.5875176111 168.08 737.48 1463.04 7.345 18
-52.897622659 -30.1748331872 194.56 1413.2 1310.56 13.1935 18
-57.0328889958 -29.4856472789 201.88 1351.44 1472.72 12.185 18
-59.9081328381 -29.3662888476 198.16 1143.12 1515.68 12.8975 18
-64.9785554008 -29.0352162304 204.16 483.2 1627.56 11.5225 18
-60.9782397235 -28.9013721224 204 997.04 1628.68 8.6525 18
-61.3029172487 -27.8027885099 215.48 939 1738.48 8.5475 18
-58.6994767763 -27.4106168917 219 1257.28 1527.2 17.685 18
-62.3701154951 -27.3091170029 216 678.28 1756.36 13.2825 18
-57.0102639169 -26.5643052411 220.48 1483 1543.2 18.53 18
-59.6709734369 -23.2378797011 237.28 762.36 1767.36 5.5775 18
-60.3163140625 -22.7907804169 243.04 661.12 1797.12 12.4775 18
-61.4573549912 -22.4109591597 238 611.44 1788 18.475 18
-60.8742357159 -22.3004285429 246 690.48 1812.12 8.4 18
-61.4513573644 -22.1458140369 239 617.24 1789.76 14.0875 18
-42.7569942207 -21.4955048101 227.48 1297.32 1631.92 19.99 18
-62.9424492648 -21.1912217591 233.48 617.96 1760.48 24.4525 18
-41.6002387202 -21.0619411792 219.68 1173.2 1566.88 25.185 18
-59.0444688785 -21.0506407307 252.72 845.52 1796.04 10.9675 18
-59.0550462205 -21.029999183 252.96 845.52 1796.6 9.69 18
-45.1542287014 -20.9908093523 204.36 1448.12 1566.72 21.4825 18
-55.4465925043 -20.8719348338 238.24 1415.44 1684.32 19.5575 18
-55.1642073097 -20.5560091258 241.76 1419 1684.36 13 18
-55.2957084233 -20.5497025637 238.76 1428.44 1684.92 20.3525 18
-62.3788447373 -19.8376217998 244.48 526.32 1816.64 17.4025 18
-45.9156498998 -19.7578002419 217.2 1407.32 1694.16 17.9675 18
-62.1759818383 -19.7310394092 246 500.64 1822.56 16.635 18
-41.8122555193 -19.6049108134 230 1187.16 1680.44 23.5525 18
-57.9258231731 -19.5363632766 257.6 1044.04 1776.32 4.515 18
-42.6691991195 -19.2519104983 213.56 1350.64 1586.44 25.3 18
-62.2357985764 -19.1777305614 249 520.8 1836.64 18.215 18
-48.6774681034 -19.0813549512 225.56 1366.04 1700.96 18.4125 18
-48.488804044 -18.7865948513 221.48 1416.84 1660.36 11.42 18
-49.8319648057 -18.6507190178 249.08 1389.16 1770.56 10.144 18
-41.1200758216 -18.5334447673 216.76 1191 1561.04 20.145 18
-41.0280807197 -18.5094243141 223.08 1162.68 1581.84 29.1325 18
-54.7857182542 -18.0586952934 253.64 1458.28 1780.84 14.395 18
-46.9786429631 -17.6004325869 232.12 1342.28 1680.16 22.79 18
-48.4328259933 -17.4362461892 232.04 1393.28 1792.36 17.3975 18
-40.4366340701 -17.2880981854 240.28 1114 1591.28 12.5175 18
-50.4493578893 -17.2321087938 239.76 1482.16 1673.72 8.45707 18
-43.845923105 -16.5869405126 221.24 1002.48 1703.24 27.5425 18
-49.9405065293 -16.4304138819 236.88 1538.84 1603.16 16.1925 18
-40.2144367982 -16.3253085198 238.48 822.48 1598.24 21.97 18
-41.6594154129 -16.2160779928 214.48 855.84 1605.56 29.035 18
-48.9121056801 -16.1174413249 223.44 1494.96 1513.32 19.215 18
-69.949350124 -16.089785221 78.12 742.6 1121.4 1.5625 18
-50.38062984 -15.925090471 249.92 1657.76 1647.68 16.7375 18
-52.3218889299 -15.841538289 251.52 1581.72 1823.16 22.75 18
-70.0351923773 -15.6055151764 87.48 659.4 1192.48 1.01 18
-58.398691977 -15.5935704441 255.64 1481.68 1857.4 23.465 18
-69.974894312 -15.3099285967 86.44 681.68 1200.36 2.54545 18
-40.4999448914 -15.1984793327 230.64 842.4 1513.36 16.505 18
-56.7883475598 -15.1608217449 246.4 1394.24 1716.48 37.2375 18
-71.2747673415 -14.7079563766 66.4 828.68 1279.36 3.7175 18
-56.0026405276 -14.5983438625 250.64 1540.32 1779.32 14.5075 18
-40.8557125108 -14.1593380567 232.48 594.8 1552.48 4.3675 18
-74.9677366633 -14.1264666413 130.16 268.68 1497.12 7.6625 18
-71.8379104409 -13.9081199185 79 800.12 1257 10.4575 18
-51.507578205 -13.7916576412 261.08 1549.72 1860.12 33.95 18
-75.9555852608 -13.7284094346 195.2 3.16 1562.28 4.3975 18
-60.3341746137 -13.3159284647 231.88 1903.32 1767.4 30.3775 18
-42.0967778265 -13.2663981627 204.72 940.44 1612.6 15.66 18
-74.5917742078 -13.2217409114 41.68 825.96 1026.44 4.7975 18
-42.19272224 -13.2179064354 207.04 921 1627.92 20.6775 18
-48.3279317765 -12.9262544014 256.2 1480.48 1781.36 18.155 18
-42.918857271 -12.715907688 248.64 760.96 1879.32 10.7375 18
-42.6713046815 -12.6214683273 248.92 694.48 1879.32 8.085 18
-42.9650364122 -12.5986032279 252.8 707.68 1904 8.905 18
-46.4103294001 -12.5454753672 259.76 1640.32 1778.4 22.4075 18
-40.8332009644 -12.5180939543 222 651.12 1587.76 19.625 18
-44.691930187 -12.4824120221 234.48 1103 1861.4 13.8106 18
-38.9534469669 -12.2103980306 230.48 900.96 1377.76 5.8425 18
-75.5190256973 -12.1297419764 43.36 870.08 998.28 2.775 18
-41.0873493566 -12.0695287898 222.32 649.6 1628 24.8925 18
-41.2675211348 -11.8336953885 201.36 716.08 1528.16 23.7275 18
-39.1735254601 -11.8002761737 233.04 676.68 1522.72 13.79 18
-45.8259601542 -11.6441768239 236.24 1323.12 1815.84 14.05 18
-39.0689748595 -11.3438324905 233.12 616.52 1642.4 10.115 18
-38.9848395364 -11.2533235171 235.2 659.56 1673.68 4.8425 18
-41.9666635414 -11.2101986972 239.56 601.48 1795.04 3.5425 18
-38.3031827964 -11.1895345429 238.04 761.16 1636.88 7.5875 18
-38.2652444239 -11.1290753878 233.16 776 1610 8.55 18
-40.0324560369 -11.0725815029 238.04 663.84 1679.36 9.7525 18
-43.4629828046 -11.0368130089 252.8 815.48 1952.56 19.9675 18
-52.0729906843 -10.9736721337 261.68 1742.32 1936.2 21.7325 18
-56.7478291442 -10.9057188754 251.36 2062.56 1912.6 24.765 18
-38.5379973268 -10.7747518151 240.88 750.6 1690.8 12.445 18
-41.7636138581 -10.3235560921 255.96 611.4 1882.2 4.63 18
-40.2185028325 -10.1673586764 218.96 601.04 1644.6 11.9825 18
-38.3383034867 -10.0462700414 241.8 632.52 1646.4 9.30904 18
-45.3452107353 -9.81686599184 253.12 1067.56 1924.76 3.865 18
-37.0902954012 -9.57511936025 249.32 621.6 1585.52 5.2175 18
-37.7228146335 -9.45196193597 245.92 587.72 1585.04 8.5625 18
-36.804545089 -8.65933680055 224.92 567.68 1526.8 8.8775 18
-36.5584217277 -8.62946056001 214.44 667.48 1469.36 11.2275 18
-46.3445235671 -8.54218033742 257.44 1165.4 1841.68 14.9425 18
-36.8343533421 -8.51714028448 229.88 578.64 1548.4 12.2525 18
-76.6822131632 -8.44439497514 177.08 954.64 1660.04 13.5675 18
-36.7170474917 -8.37116404221 215.08 702.56 1487.04 27.9599 18
-46.1071463088 -8.35856515885 245.36 1209.12 1787.04 9.12 18
-43.2166788439 -8.22777724421 258.52 892.52 1928.72 36.1075 18
-35.6034169274 -8.19410320036 220.6 704.96 1431.36 7.35 18
-44.2120776032 -8.08202384466 253.68 955.08 1820.08 21.4125 18
-42.6746023409 -8.04441853313 272.72 780.52 2026.76 18.76 18
-44.9556123242 -7.78618205118 259.48 1061.16 1830.72 24.875 18
-36.4716558039 -7.31218505644 230.08 421.48 1515.52 7.42708 18
-34.9832953068 -7.1480216696 251.92 1589.24 1518.96 6.2525 18
-36.5613664076 -7.1353289911 228.56 466.4 1516 8.8325 18
-77.8302805813 -7.07111376137 99.12 1291.4 1286.24 20.4275 18
-39.3320744126 -6.98587712812 250.64 1105.56 1709 19.4875 18
-46.9715312268 -6.95986862846 255.2 1438.88 1803.92 22.6725 18
-42.8822559395 -6.67733173124 273.24 1156.92 1830.88 11.9175 18
-35.9863814235 -6.62897679981 225.96 531.76 1533.16 7.185 18
-36.1917352459 -6.56390267646 233.28 523.96 1564 5.2975 18
-36.0422911933 -6.29906241855 248.72 539.64 1648.52 6.13 18
-49.3824338407 -6.25203800405 263.4 1704.88 1769.76 24.12 18
-47.8218961834 -6.01836599312 255 1569.68 1803 24.61 18
-35.8468970927 -5.68422475876 249.4 609.6 1580.44 5.6975 18
-80.0522853345 -5.67820904839 239.52 116.64 1769.48 1 18
-37.8378241342 -5.61824210069 274.04 769.76 1803.2 3.2425 18
-46.469726058 -5.5044578692 256.56 1242.28 1869.32 25.4225 18
-47.3737450784 -5.43888929143 261.76 1405.4 1862.6 15.1425 18
-45.6063167147 -5.15174379872 263.2 1249.64 1804.44 24.245 18
-40.024858163 -5.04961580539 240.6 710.64 1582.36 2.8 18
-39.1289397514 -5.04291685855 261.2 855.72 1754.8 15.98 18
-41.8772496408 -4.7125277372 262.92 1299.88 1864.04 19.095 18
-38.3195283225 -4.63694166709 266.84 810.96 1702.8 8.73 18
-78.9535151964 -2.61434611006 81.28 912.68 955.96 27.203 18
-79.0140443571 -2.49026579834 133.8 792 1283.76 21.355 18
-80.1377673759 -2.05827440397 246.24 913.6 1638.04 41.0075 18
-78.9269647009 -1.91485342501 120.44 867 1245.76 56.1675 18
-76.0408369202 3.89038565807 159.72 1519.56 1275.24 8.01 18
-70.9762333903 7.7148256219 271.04 1690.8 1750.32 26.67 18
-66.9432075841 7.89419596585 274.64 1453.28 1712.8 31.1625 18
-61.8696214558 7.96073405153 254.32 1223.28 1632.6 21.44 18
-69.8478335383 7.97832548965 277.76 1630.2 1698.52 31.395 18
-70.9034736254 8.07734881795 271.84 1575.88 1753.12 23.4775 18
-62.5596687574 8.40376001206 264.6 1048.36 1712.72 50.765 18
-69.4472230433 8.46498526312 279 1425.44 1738.16 35.5825 18
-66.3921437747 8.90069924804 267.6 1084.88 1775.64 7.8375 18
-67.4588322925 8.9894320168 274 1227 1785.8 11.435 18
-70.0299324255 9.06306822059 260.56 1921.4 1674.6 47.51 18
-65.5822521765 9.11517847178 266.36 1000.72 1847.64 10.3162 18
-65.0820260051 9.53119730363 267.08 1118.8 1837.8 25.2675 18
-65.3677392875 9.60978211277 266.6 1046.28 1823.96 17.7125 18
-70.5523292818 10.2957663632 201.12 1043.16 1443.2 38.5875 18
-78.4763519213 44.060227245 65.12 809.8 818.92 38.2075 18
-79.455672051 44.3073676963 64.96 825.04 851.96 42.6549 18
-97.0910297306 46.6223022468 52.12 507.12 911.84 8.1925 18
-95.6231997412 46.7807553486 39 649.8 842.6 28.7558 18
-96.0887080567 47.0637242283 42 593 862.04 7.185 18
-69.2888333014 47.9980820533 29.12 963.16 684.64 19.5075 18
-95.5480562469 48.1802644974 32.08 565.24 843.48 18.555 18
-98.3143901318 48.245949185 32 449.84 847.44 7.6056 18
-99.9392794474 48.5742624432 34.32 424.88 857.04 6.95596 18
-94.3960673325 48.9889337122 24.6 631.16 748.44 32.4475 18
-98.0524040361 49.3276249991 32.24 496.48 800.08 5.375 18
-99.5318900688 49.975899337 21 459.68 796.96 5.9825 18
-102.572227373 50.4270828684 16.88 419.84 759.72 0 18
-97.4226018035 50.5475410629 10.16 531.08 756.16 0 18
-101.429529475 50.5486592502 19.48 445.08 755.08 0 18
-99.1024203207 50.6556928943 18 468.84 764.72 0 18
-97.5271668593 50.8959841249 5.08 533.28 753.56 0 18
-102.456264612 51.5734801024 8.92 429.08 719.96 0 18
-114.402478547 52.5334472857 19.64 512 751.68 0 18
-113.026389238 52.9816053543 23.52 445.2 711.8 0 18
-108.974767037 53.3024457233 10.68 420.6 714.2 0 18
-114.679189899 53.4017255231 21.28 511.12 759.24 0 18
-114.661114899 53.8404475589 18.32 497.64 737.08 0 18
-102.793587812 54.0075001514 0 451.08 667.44 0 18
-113.22438074 54.0373632146 21.64 457.44 727.96 0 18
-114.015561903 54.1189826743 22.28 490.88 707.36 0 18
-109.386599104 54.2861707974 7.88 438.64 692.68 0 18
-115.055252015 54.3173253073 12.24 519.72 710 0 18
-111.969151223 54.472873341 15.64 456.36 713.4 0 18
-160.22889974 56.1225404281 27.88 720.28 409.72 0 18
-153.873368714 57.1364979989 28.32 1242.68 428 0 18
-154.090830301 57.1849312285 27.88 1175.48 433.84 0 18
-123.932941422 57.8825205375 -15.52 481.6 579.68 0 18
-116.574009497 58.4287463172 -6.6 393.56 654.32 0 18
-159.485223013 58.8295867465 6.72727 627.273 448.273 0 18
-159.557154638 59.2837324561 -6.72 623.96 434.72 0 18
-159.214776148 59.4026021696 -7.48 610.68 437.04 0 18
-135.781766933 67.4977997381 -95.16 282.64 356.48 0 18
-68.6426746089 -49.626466856 91.36 197.56 861.44 2.0325 17
-68.3708221076 -48.5815949365 99 220 901.08 1.8975 17
-58.5197917724 -38.1182897547 137 847.4 1162.16 10.9725 17
-60.4800557964 -37.3377450127 138 821.52 1263.88 8.975 17
-57.126766427 -37.2091332416 144.84 790.08 1114.96 15.4025 17
-60.7719451485 -36.8779876571 143.84 879.68 1289.64 4.9175 17
-60.3285739944 -36.3703602937 149 948.8 1319.48 6.2325 17
-57.8133207801 -36.1504481248 151.16 911.44 1251.56 15.2225 17
-62.9353645111 -35.5338515326 161.16 701.08 1414.52 4.6925 17
-54.0937510621 -34.121777743 163.72 1158.4 1210.12 16.4925 17
-53.8281699536 -33.9704272182 164.96 1158.92 1186.76 23.5425 17
-56.0802267443 -33.9648402307 171 1253.92 1307.4 9.5825 17
-54.0120910794 -33.8695062795 167.56 1172.72 1232.76 15.04 17
-54.19575207 -33.8051926821 168.64 1185.16 1259.96 14.5425 17
-54.3192468911 -33.6510880618 171 1206.48 1296.88 16.55 17
-57.5624346003 -33.2004868919 176.76 1159.4 1347.32 10.515 17
-55.9704669957 -32.3778851123 175.44 1172.76 1385 7.655 17
-58.3101401751 -31.9752522395 183.68 1170.68 1440 12.945 17
-62.4461548752 -31.7562325024 174 852.96 1452.6 6.545 17
-53.5757524572 -31.7445307476 168.44 1311.92 1285.88 9.22 17
-52.4151045233 -30.3746892395 189.16 1400.8 1265.84 24.3725 17
-54.1263849389 -30.2690626291 191.88 1512.76 1375.32 17.005 17
-57.8406878017 -29.746530256 198.36 1119.64 1459 13.1325 17
-50.676968598 -29.6852937796 191.88 1523.24 1225.08 19.515 17
-54.8386111748 -29.3173372268 189.28 1786.72 1425.72 26.4875 17
-53.1716836424 -29.3085625901 188.96 1566.2 1341.72 33.15 17
-50.9822405344 -29.2368541568 165.32 1929.12 1193.56 45.1675 17
-51.6400079426 -29.1727518043 178.32 1629.16 1258.32 48.0325 17
-54.4861010957 -28.6890480121 199.16 1844.84 1475.84 20.69 17
-52.0351997598 -28.3644863738 172.12 1773.08 1282.32 25.415 17
-54.5369742912 -28.0639669635 201.4 1836.8 1513.68 13.6075 17
-48.6630448695 -27.8429836949 194.72 1471.08 1085.48 75.665 17
-49.8411725971 -27.7574468802 157 1545.36 1219.68 74.7475 17
-54.2580676389 -27.6845225768 200.28 1780.4 1518 21.505 17
-49.5903012399 -27.0555541079 188.8 1537.32 1341.92 49.08 17
-51.2288657408 -26.623280536 158.48 1723.44 1344.48 57.1675 17
-50.2492979927 -26.5272463435 168.24 1467.6 1373.2 35.855 17
-55.6798005888 -25.988785962 204 1647.84 1542.76 24.115 17
-55.0583126752 -25.7704567775 206.92 1585 1597.04 13.6375 17
-53.3341663088 -25.6155562379 187 1883.24 1551.88 15.235 17
-54.0858773586 -25.2129653957 197.8 1842.52 1567.56 24.665 17
-56.3137986098 -25.0680470832 221.36 1482.32 1508.76 26.9375 17
-54.2045809722 -24.9506140074 204.72 1675.08 1594 13.9575 17
-53.5439776035 -24.1746785383 210.2 1479.84 1619.36 13.59 17
-54.6601061259 -24.0440956082 214.12 1630.52 1556.36 14.37 17
-52.5400614669 -24.0248576043 201.84 1522.28 1495.72 23.165 17
-55.5054343536 -23.9977165048 222.76 1616.32 1569.72 20.1575 17
-51.0961162608 -23.884238809 175.68 1536.6 1459.08 26.8825 17
-51.7649650634 -23.7849892522 197.92 1471.88 1535.64 24.5925 17
-51.249872548 -23.6805287702 195.4 1502.52 1525.12 21.8925 17
-54.2600137923 -23.57784305 219.24 1517.72 1591 20.03 17
-57.1393204166 -23.5687505225 233.04 1332.6 1654.96 18.73 17
-55.7039967479 -23.0539816407 225.4 1490.04 1610.92 19.6875 17
-55.753883894 -23.044416573 228 1475.24 1618.2 24.5225 17
-64.9163791206 -22.7296324358 165.76 617.96 1587.84 40.655 17
-55.0600586632 -22.565663417 224.6 1519.36 1604 14.2875 17
-46.7449339167 -22.5260997653 186.08 1501.2 1439.6 15.9625 17
-59.9563221073 -22.5018307181 247 664.64 1804.08 2.44 17
-56.6355829709 -22.2813095295 237.96 1397.88 1654.92 19.745 17
-46.5374690756 -22.1719394667 182.68 1622.96 1443.8 32.97 17
-56.0314195369 -21.6644144196 234.64 1373.12 1655.44 15.0575 17
-46.716386743 -21.5539651762 199.32 1486 1506.16 29.9625 17
-48.4120772967 -21.354076798 214.4 1332.44 1581.36 10.935 17
-40.2769285553 -19.8823386551 246.64 1135 1477.2 37.38 17
-40.3281671533 -19.6336592238 241.4 1182.64 1517 17.2775 17
-42.9713605525 -18.6104117155 197.12 1470.96 1527.36 46.4625 17
-64.95553804 -16.9982260475 252.2 3331.76 1705.16 54.395 17
-39.3182104757 -16.778835552 243.64 1321.24 1436.08 55.995 17
-42.2439587264 -16.771320082 215.36 904.96 1697.92 33.985 17
-40.353629542 -16.5440409524 217.16 1013.56 1508.28 27.7 17
-40.7583308914 -16.4093865573 237.08 895.44 1644.92 38.2975 17
-41.3175715085 -16.241859816 222.52 888.08 1593.2 42.9175 17
-67.2405007202 -16.1132745445 213.6 1608.48 1611.84 63.07 17
-49.6364033048 -16.0925236412 232.56 1650.68 1550.4 15.1075 17
-72.6009463435 -15.7140385142 76.08 365.44 1263.68 1.3375 17
-40.8488859777 -15.6736316427 208.96 940.72 1471.76 47.47 17
-41.8201806417 -15.5739856691 210.8 861.6 1573.16 33.35 17
-40.7752910734 -15.2882358985 220.8 798 1504.12 21.695 17
-68.5273151819 -15.2623467935 183.16 1200.28 1417.12 61.595 17
-39.3336275422 -13.6343992924 235.56 1689.44 1271.52 35.9075 17
-39.1823982532 -12.8724255642 234.16 1161.32 1312.36 14.3225 17
-45.0117463774 -12.7695845186 235.72 1199.68 1807.76 17.405 17
-41.3634892036 -12.6723658609 240.84 1111.64 1721.2 36.505 17
-40.7215156726 -12.0629547849 216.16 778.36 1552.44 34.7 17
-45.293684085 -11.5097288276 231.96 1062.96 1877.92 6.505 17
-74.1129489087 -11.4743584085 247.56 1400.96 1793.96 67.7094 17
-53.9102896451 -11.4586717521 250.28 2244.84 1967.76 70.305 17
-37.9151740724 -11.4422654289 243.68 986.52 1601.44 8.1675 17
-37.6859127436 -11.2105201375 246.04 1136.68 1589.56 14.675 17
-57.8479822893 -11.1328150596 248.6 1913 1874.28 33.1175 17
-68.6693243787 -10.9754727318 252.84 1666.88 1684.04 38.475 17
-62.6639431514 -10.6430511359 248.36 1981.32 1811 21.7625 17
-39.0287057225 -10.613190905 239.96 526.96 1762.2 14.0675 17
-63.0739305096 -10.5617851729 248.92 2244.08 1786.72 38.56 17
-67.5942101892 -10.5247912049 261.08 1862.76 1731.4 45.9675 17
-55.5225163801 -10.3223749687 254.44 2168.4 1959.8 17.7875 17
-54.6263404188 -9.94313130067 251.16 2353.2 1963.32 28.29 17
-55.0908387995 -9.83878442692 253.36 2343.04 1966.4 20.4675 17
-57.3936403274 -9.79611894257 254.48 2172.4 1885.48 56.3025 17
-68.1325030263 -9.7376829255 256 1945.76 1767.56 29 17
-62.6730931936 -9.4864530216 253.96 2307.24 1749.28 39.05 17
-35.3370831157 -9.0606612131 246.92 1507.92 1334 20.27 17
-48.4462510038 -8.72867974894 260.96 1881.64 1865.84 46.48 17
-35.2403982514 -8.33122324444 242.28 1659.68 1331.2 13.205 17
-44.6676154452 -7.8582530675 256.76 1062.36 1818.76 10.3225 17
-44.4397483475 -7.58231976674 263.72 1075.88 1835.52 25.235 17
-35.4070873742 -7.39162744466 247.64 905.36 1642.56 14.2875 17
-35.6061453112 -7.38596567879 251.96 758.2 1630.4 4.49 17
-49.2747565673 -7.35039340612 262.32 1833.88 1859.24 29.295 17
-43.7700074116 -7.17795656698 269.16 1004.16 1830.92 21.555 17
-51.5963059031 -7.13318963584 250.68 1996.04 1876.6 73.8472 17
-46.6172804962 -6.99217448269 252.88 1305.64 1810.64 11.62 17
-45.9620918355 -6.88713256142 255.88 1205.4 1828.72 25.775 17
-46.573727673 -6.76183542682 250.68 1292 1813.48 6.8825 17
-51.270364353 -6.59827245191 252.2 2001.36 1839.96 18.635 17
-49.2162497913 -6.53114153605 260.44 1651.2 1779.36 16.41 17
-36.1294009451 -6.46489525217 223.76 711.16 1524.2 10.2569 17
-46.4302402713 -6.43052155229 254.2 1267.8 1851.6 22.4825 17
-44.3703095841 -6.4145909699 268.16 1368.16 1814.88 37.515 17
-48.3224500761 -6.41333272558 261.8 1571.68 1797.44 24.98 17
-42.5492355852 -6.38970001094 258.92 1296.72 1820.68 27.86 17
-35.4874498075 -6.35301408686 253.92 733.76 1663.32 4.0325 17
-43.067027381 -6.25647597578 264.12 1246.88 1813.28 40.2025 17
-43.0983319381 -6.25170182021 266.24 1236.16 1819.16 47.915 17
-42.1789890137 -6.17359437966 262.72 1271.12 1843.2 16.67 17
-44.9219937348 -6.14704699105 260.56 1344.88 1799.48 23.3725 17
-77.1858274456 -6.11859483741 228.84 1408.64 1464.12 48.49 17
-49.5891567395 -6.00458077991 255.8 1825.32 1726.16 26.4225 17
-49.9770936972 -5.91734565812 253.8 1875.72 1730.88 42.085 17
-46.5513592155 -5.73317195748 259.4 1332.32 1896.6 25.555 17
-47.0316159573 -5.58478053724 254.88 1353 1855.32 25.83 17
-44.547579454 -5.54034707165 266.76 1184.56 1798.4 26.14 17
-44.3320569505 -5.46281571905 266.56 1190.56 1798.96 36.9575 17
-44.9985925991 -5.40409288137 264.68 1251.4 1786.56 40.0275 17
-45.5513586789 -4.73153411714 259.84 1350.12 1764.48 20.8575 17
-45.4211584415 -4.69028326833 267.04 1360.52 1783.88 25.9 17
-44.7292569138 -4.59333603318 271.48 1619.16 1786.88 27.06 17
-39.6993139732 -4.58246529969 223.12 1001.12 1502.72 16.4475 17
-49.8169212472 -4.4966953723 268.4 2250.08 1763.56 53.3925 17
-43.6737720501 -4.46796380806 274.04 1504.28 1821.92 18.9175 17
-42.9866166726 -4.21669367177 273.92 1647.76 1854.72 25.0163 17
-47.5413177208 -4.15486524367 264.16 1500.76 1783.76 40.0375 17
-46.0217431508 -4.04065221326 265.56 1702.56 1744.84 37.565 17
-44.2577603878 -3.97910923213 272.32 1625.72 1758.52 39.0375 17
-43.180406479 -3.73638400786 269.4 1689.36 1769.28 29.9 17
-41.3786977018 -3.69406969261 266.36 994.68 1836.84 17.8275 17
-49.9665629207 -3.67972214936 268.68 2350.28 1771.96 34.6575 17
-42.3775918575 -3.66832147547 269.88 1607.16 1771.6 25.16 17
-42.3957996239 -3.53970324445 271.92 1488.04 1741.24 20.24 17
-41.5894556461 -3.45321646265 266.32 1117.68 1765.2 30.745 17
-44.2170398547 -3.25402196969 271.92 1699.76 1680.64 29.33 17
-45.2074327934 -3.11907598788 271.52 1906.8 1701 30.59 17
-59.9482978378 -2.85408372512 270.76 2201.12 1607.16 60.87 17
-48.2090911535 -2.85137824467 268.76 2335.28 1762.44 30.635 17
-54.5162531797 -2.72187580486 252.44 2061.32 1610.44 30.635 17
-53.9974690951 -2.45252465371 262.76 1973.84 1611.76 68.9375 17
-48.2445741806 -2.37709975846 267.36 2480.24 1746.08 40.375 17
-54.1152995829 -2.03247457266 270.52 1676.96 1618.32 13.0769 17
-79.3094818966 -1.76540985413 249.76 2045.8 1553.84 14.6175 17
-45.1866200525 -1.59824712868 269.32 1875.76 1505.72 45.6925 17
-46.4322653023 -1.26944649665 262.04 2195.72 1627.44 52.5525 17
-79.8068062862 -0.86294289342 251.48 1782.84 1644.68 26.1198 17
-77.3766449128 -0.68667518428 234.88 3451.8 1618.04 67.1225 17
-79.7733511384 -0.52539052804 243.48 1961.88 1596.4 36.3325 17
-76.8348243911 0.02149868034 245.56 3593.08 1637.04 34.95 17
-78.3968657237 0.12380255987 156.92 888.92 1510.96 22.955 17
-79.7463314931 0.51205039063 241.4 1800.68 1379.56 15.9425 17
-76.8087884559 0.52582732696 247.16 3365.96 1639.2 74.7375 17
-76.7747563919 0.67008020446 248.28 3487.32 1642.72 73.78 17
-74.3205352729 1.69279939473 256.32 2504.72 1693.16 49.0025 17
-76.8781145944 1.89614850344 209.72 1663.36 1588.68 19.82 17
-75.6598570332 2.21834387444 237.4 1095.8 1669.12 21.815 17
-78.1816436767 2.32833726077 259.12 4219.56 1427.64 41.9525 17
-75.7488677482 4.22647801713 154.24 1627.64 1235.24 30.4075 17
-51.8775790678 4.49495944128 260.92 3741.52 1562.76 58.65 17
-75.8577988065 4.71877794229 229.24 1593.12 1717.44 23.1975 17
-74.4578018463 4.87755968149 172.24 1629.68 1233.76 51.07 17
-75.5337489121 4.88996440526 145.84 2105.08 1179.52 11.2925 17
-75.5625219649 5.55930968 232.92 2309.76 1654.68 33.56 17
-72.4273380882 5.92634050876 178.24 1659.4 1442.12 29.6375 17
-71.7100254957 6.85142732926 254.04 2919.28 1743.4 23.44 17
-73.4785731402 6.88704799751 251 1979.52 1575.64 64.6625 17
-73.0284549678 7.27108412705 178.52 1416.24 1313.36 32.98 17
-70.3869827981 7.6054452701 274.08 1850.08 1690.28 30.2625 17
-76.5578131887 7.69510092314 260.72 3254.4 1604.96 25.9125 17
-73.8637421349 7.92880637483 285.08 2127.24 1802.6 32.5015 17
-74.478524145 8.17700404743 254.52 3722.52 1684.4 25.2825 17
-77.198214122 8.33150156464 257.68 2190.44 1465.44 38.9025 17
-74.0019296379 8.42543357411 279.48 1717.12 1791.4 42.6 17
-73.0431189739 8.61962510285 267.24 2891.44 1759.6 40.7925 17
-74.0843980975 8.71318195348 276.56 2244.4 1791.44 45.665 17
-72.6062384331 8.74237184827 282.84 2532.44 1838.64 30.9425 17
-64.9347653738 8.89720528417 270.08 1122.36 1830.24 47.6925 17
-73.9582128714 9.09115363239 282.72 1980.44 1794 29.4533 17
-72.0789678181 9.11008116743 287.04 1287.6 1843.76 22.9003 17
-79.2510425605 9.21934495405 245.12 2886 1414.68 16.495 17
-72.6686200814 9.2570352492 280.56 2592.16 1825.32 27.5475 17
-70.8465896464 9.51345127911 281 1155.84 1729.32 26.335 17
-72.1244865333 9.57935630691 284 1392.88 1789.04 32.28 17
-72.7313322375 10.550284794 204.6 1633 1499.4 74.6625 17
-62.9542077662 10.609698926 266.88 1465.44 1574.2 67.6625 17
-69.3961468484 10.6212896433 224 736.48 1561.52 57.055 17
-68.7582599108 10.6385603258 261.24 1380.36 1677.52 48.39 17
-69.7074463853 11.0744544622 253.12 782 1624.04 22.44 17
-68.9106617308 11.271906122 263.44 1067.32 1592.84 38.6275 17
-71.4827178546 -52.7469954484 64.32 485.08 616.12 15.14 16
-73.1671578875 -49.0315540995 18.44 1167.08 548.84 1.425 16
-73.6136991726 -40.9980810743 105.36 1743.24 780.84 35.9925 16
-60.8107567139 -38.8228192092 144 637.2 1217.88 4.01 16
-62.5461783116 -38.4974861319 149.52 610.68 1292.88 5.1775 16
-60.8663963192 -38.4634085174 141.6 688.76 1232.8 7.26065 16
-60.5502008252 -38.3157937255 142.04 740.16 1248.68 4.935 16
-60.6467545182 -37.9743452125 140.28 760.16 1254.56 5.3602 16
-60.1809094928 -37.7356991422 136.16 787.48 1249.52 6.75255 16
-59.6127238997 -37.6451635188 134 771.64 1235.36 14.77 16
-72.3901757055 -37.5845339833 133.16 1221.76 1223.96 41.8825 16
-58.1951665729 -37.5125188979 142 821.56 1225.68 15.015 16
-62.1084977936 -37.2269419427 144.08 809.16 1297.96 3.8275 16
-59.3799795392 -37.193498942 135.88 886.24 1256.04 7.9225 16
-57.9134709149 -37.1393244639 144 783.4 1220.08 12.4825 16
-58.4946902066 -37.0539055779 143.48 853.52 1260.16 8.4275 16
-58.4461115422 -36.5276355269 148 903.68 1278.48 12.9425 16
-59.1992026138 -36.2271263771 150.88 937.76 1310.16 12.2475 16
-58.6040756505 -35.915344829 154 947.64 1295.64 14.79 16
-57.7804635239 -35.9065042622 153.44 905.68 1238.48 13.995 16
-59.9957714023 -35.8032365651 155.4 976.32 1352.36 7.585 16
-59.1953903151 -35.5978225666 158 969.88 1340.04 12.455 16
-63.1276130765 -35.3966876295 162 691.6 1427.92 3.39542 16
-56.1446910908 -34.77317742 163.84 1023.72 1200.56 11.275 16
-64.6862888164 -34.4404775078 168 639.04 1500.64 4.36 16
-55.9931510332 -34.4347378027 167.64 1161.56 1248.08 9.2225 16
-65.1948104173 -34.3564252082 165.84 574.72 1517.56 3.97481 16
-60.0467501056 -34.2404667321 165 985.72 1388.52 9.425 16
-62.743049773 -34.0527078839 165 776 1421.92 9.81558 16
-59.6607549367 -33.9042474467 168.96 1007.2 1372.76 12.1475 16
-61.285156102 -33.8211911293 162 905.48 1385.44 9.3025 16
-64.6467009878 -33.7099978452 168 728.76 1456.08 3.95 16
-61.7215196746 -33.6575091106 163 867.24 1398.12 8.6875 16
-60.8124299522 -33.4972995754 164.8 927.48 1386.56 10.5525 16
-66.1738479716 -33.4593060318 157.2 569.8 1450.88 9.3925 16
-64.3192554056 -33.4325931055 170.56 790.44 1418.08 5.6675 16
-61.9298735698 -33.36974756 166 854.64 1413 8.02895 16
-64.997252721 -33.3468189468 158.32 706.84 1423.4 2.38 16
-62.8840500108 -33.3139275436 169 804.16 1430.4 4.71574 16
-61.2543645303 -33.2985044007 165 899.72 1397.24 7.6875 16
-62.2541666213 -33.1109554704 168 840.56 1429.76 8.32 16
-64.617949963 -33.1088912603 164.36 760.12 1400.16 5.7775 16
-54.1670881925 -32.9543955956 171 1233.2 1346.4 14.28 16
-63.4919960475 -32.9283302702 170.96 792.24 1412.32 3.77 16
-62.4879184871 -32.8060013596 168.84 846.24 1437.24 7.71 16
-64.6166890749 -32.7681946888 157.52 727.32 1376.64 6.2475 16
-58.3854443728 -32.7496160311 179.24 1063 1391.76 5.4925 16
-64.0937864721 -32.4987487814 164.88 769.28 1379.48 4.2575 16
-62.388469688 -32.4819993198 169.84 854.56 1441.36 8.7725 16
-61.2457124311 -32.0314988312 179 956.96 1425.92 9.3925 16
-62.166328685 -32.0311026411 174 876.24 1446.68 4.43 16
-60.6152832791 -31.9042883254 181.68 1003.92 1404.44 9.61 16
-61.591215263 -31.4920809793 181 921.2 1461.64 9.125 16
-61.7937971786 -31.4539279696 178.56 913.04 1458 9.395 16
-61.6600962468 -31.373954007 181 922.56 1465.88 9.12 16
-64.0692547295 -30.9536488882 157.12 755.48 1408.36 6.6 16
-61.5495772158 -30.0529686295 191.76 922.04 1545.88 12.495 16
-55.4635565417 -29.795633038 185.64 1660.28 1413.88 5.9925 16
-63.728566389 -29.7147993614 173.8 776.16 1522.4 10.9775 16
-58.2054275005 -29.6747085218 196.08 1089.72 1459.64 11.57 16
-55.5569949517 -29.5601899062 189.12 1682.72 1428.2 9.0075 16
-62.1903213975 -29.4578893366 197.84 849.84 1621.08 11.375 16
-52.8893619976 -28.859652556 188.4 1577.28 1348.48 21.6375 16
-61.3321774887 -28.7464604928 206.04 945.28 1659.72 12.7675 16
-52.7473137726 -28.6552674175 188.76 1607.6 1349.72 18.54 16
-65.0275876928 -28.6277202142 203.32 509.8 1623.08 6.4575 16
-54.572606012 -28.5583126125 200.84 1863.16 1492.4 17.0275 16
-51.0256846178 -28.3545717307 161.88 1754.84 1229.64 19.9325 16
-68.8563900053 -27.7253785933 -47.88 147.56 560.12 3.5925 16
-52.8348589625 -27.5239509775 191.32 1879.56 1376 17.4912 16
-61.403702754 -27.4655861899 217.04 898.4 1749.72 12.755 16
-60.753093472 -27.2930709843 217 1036.04 1734.84 22.6675 16
-64.6308787622 -26.8953425521 205.48 666 1611.16 8.56 16
-57.0163603403 -26.6035171932 220.2 1492.36 1541.64 18.205 16
-64.3345505158 -25.7614807918 203.56 691.72 1623.92 23.345 16
-64.2515682588 -25.7305062319 207.32 672.36 1644.84 11.0375 16
-64.7831602756 -25.6230785366 196.96 699.64 1597.56 8.9975 16
-56.4138448789 -24.8281090934 221.16 1369.28 1497.12 24.07 16
-65.0553346801 -24.7993540495 190.12 534.72 1585.72 8.1875 16
-52.0850753258 -24.7862364427 186.12 1636.96 1443.88 42.81 16
-55.6105787989 -24.5415521573 220.6 1508.88 1545.24 16.94 16
-55.6799139537 -24.3687838211 220.84 1514.44 1545.56 24.3625 16
-53.9497180436 -24.2625181538 208.88 1519.08 1611.88 18.135 16
-51.3784334164 -24.244003211 193.16 1578.28 1531.6 24.2075 16
-52.4580450082 -24.238977825 194.32 1637.52 1477.4 15.21 16
-48.5632039507 -24.0921974727 183.8 1303.92 1366.44 27.8075 16
-48.7678432999 -24.0184463241 186.76 1289.16 1397.64 13.4775 16
-49.6696811812 -23.9896666166 197.84 1225.6 1493.64 14.25 16
-54.2749368723 -23.9611266918 217.36 1578.56 1560.88 10.7225 16
-49.6189197986 -23.9395732837 198.68 1223.8 1497.56 15.6175 16
-52.1692660136 -23.8134083261 209.64 1421.76 1557.8 16.4225 16
-54.1644498423 -23.7249824675 215.56 1494.44 1584.76 12.925 16
-51.5803616561 -23.6938419857 194.32 1491.48 1524.72 17.9075 16
-49.7050523738 -23.6365652878 203.48 1195.48 1524.76 16.605 16
-47.6732328959 -23.6229478585 189.8 1118.44 1383.28 11.6325 16
-50.0947586679 -23.5621309292 206.04 1390.48 1552.44 18.5 16
-51.6242885912 -23.5598862118 188.04 1470.08 1497.84 16.5525 16
-47.7806242356 -23.387526946 196.28 1151.96 1433.64 11.78 16
-51.929593619 -23.3749094769 193.04 1306.08 1509 13.18 16
-50.9451748735 -23.2962007186 212.44 1306.68 1589.24 16.7525 16
-50.9047234191 -23.2743004334 211.4 1296.36 1587.84 15.89 16
-55.0589293662 -23.2679876384 221.8 1580.28 1587.96 13.5075 16
-48.3383673619 -23.2439478184 196.48 1252.4 1490.4 19.6825 16
-49.6069569348 -23.2336889697 195.36 1330.88 1526.56 28.3033 16
-53.0097032029 -22.8473768186 218.32 1251.84 1656.04 11.4725 16
-47.5159055804 -22.8413891359 200.68 1226.08 1488.64 10.72 16
-52.3897851348 -22.7890452346 218.32 1232.52 1628.92 8.65 16
-46.9205310282 -22.7246431023 193.96 1342.88 1465.4 16.74 16
-53.3009429333 -22.6979504506 229.48 1297.44 1683.96 11.4875 16
-54.7647330105 -22.6572090865 225.92 1552.32 1604.32 15.155 16
-54.7922824104 -22.5483060173 226.08 1532.64 1606.16 11.9925 16
-45.514502818 -22.4489069282 193.52 1570.44 1528.72 14.3025 16
-46.6706428696 -22.4285235964 187.96 1513.64 1455 24.65 16
-44.9780063588 -22.419335236 172.36 1659.08 1438.44 18.3875 16
-52.0478015954 -22.3997690391 224.88 1162 1652.84 14 16
-46.068632442 -22.3212039775 192.48 1464.72 1498.84 18.105 16
-53.4239691568 -22.3089054556 231.32 1381.48 1661.6 10.75 16
-57.2867372498 -22.2636061067 243.24 1353.92 1666 18.32 16
-52.0688197357 -22.2161009991 222.6 1163 1642.28 8.14 16
-43.1959062662 -22.1772257679 212.76 1615.52 1512.52 19.2475 16
-45.9185840908 -22.1653771098 198.76 1426.28 1551.04 11.83 16
-41.5411316099 -22.114679535 231.08 1091.04 1410.08 10.53 16
-41.5013429955 -22.0679004054 231.4 1091.96 1423.08 11.835 16
-53.3431477715 -21.9886134391 228.56 1377.44 1642.48 10.24 16
-53.2092344376 -21.9794841399 230.44 1339.04 1654.36 21.045 16
-42.2395530809 -21.9672595758 214.84 1377.56 1514.44 19.89 16
-55.3018923425 -21.8890148595 232.76 1404.36 1639.2 19.58 16
-45.002709574 -21.8546819099 193.68 1444.16 1584.68 16.33 16
-52.004419981 -21.711509593 228.92 1153.84 1659.56 12.0891 16
-51.5449007996 -21.7046923384 226.6 1151.68 1654.44 12.305 16
-53.987518427 -21.6966174722 236.64 1452.36 1645.28 7.415 16
-50.0373291018 -21.6354050697 214.88 1203.68 1629.6 12.45 16
-41.3675326542 -21.6105674809 234.12 1056.84 1486.28 9.5775 16
-42.0743994414 -21.6086323325 226.32 1239.52 1618.32 16.7025 16
-44.3024876369 -21.5626780162 189 1544 1471.84 13.93 16
-41.547881505 -21.4601259384 233.16 1076.64 1533.96 9.695 16
-50.3615535698 -21.4517996486 215.88 1219.32 1631.2 10.5725 16
-51.3209920897 -21.4347487282 224.6 1144.44 1646.88 8.6525 16
-43.8842457711 -21.4032958253 187.4 1524.84 1407.36 23.4025 16
-46.7655927337 -21.2882858556 199.72 1472.28 1499.96 21.81 16
-56.5921116383 -21.2724814244 233.12 1357.84 1656.44 13.5025 16
-48.0334227253 -21.2176955559 219.36 1416.44 1618.04 12.2225 16
-55.8781907014 -21.2086446363 236.36 1391.04 1673.96 11.41 16
-52.933623383 -21.2067629947 235.92 1311.32 1663.32 17.5975 16
-49.5805835878 -21.189404083 224.04 1165.96 1666 11.655 16
-54.1449650218 -21.145695701 233.16 1435.52 1626.76 14.1425 16
-44.2477436179 -21.0477542118 199.92 1473.08 1534.84 17.255 16
-48.1723574094 -20.9660882635 225.44 1379.56 1636.16 12.7814 16
-52.6423918421 -20.9596276878 235.8 1297.92 1666.12 8.49 16
-41.8927610843 -20.91490236 193.92 1324.48 1547.4 27.4825 16
-44.2651643064 -20.8278725221 191.68 1531.48 1502.24 16.3425 16
-43.9345865266 -20.5976140254 198.8 1405.16 1524.6 16.0975 16
-55.9497141429 -20.5782178409 241.52 1428.36 1724.2 18.635 16
-42.3975051408 -20.3688793329 198.32 1254.16 1555.92 22.1875 16
-50.50914927 -20.2206433028 224.08 1181.88 1676.72 8.91 16
-50.8011080098 -20.133698381 227.76 1226.32 1692.28 9.385 16
-51.9386138204 -19.9785065182 240.08 1444.92 1710.04 13.12 16
-52.3842768006 -19.9334742647 240.96 1443.2 1701.08 7.8575 16
-45.7958807686 -19.9220230709 216.56 1363.96 1698.76 8.605 16
-47.1564984868 -19.9214934317 195.96 1591.2 1434.08 6.395 16
-42.2060535905 -19.8751837185 209.04 1174.8 1563.76 22.355 16
-51.1768064442 -19.7295265569 236.28 1451.24 1728.44 9.0665 16
-40.8407280039 -19.6771974223 243.64 1171.08 1647.24 20.5375 16
-45.1598071595 -19.654165428 217.96 1361.88 1685.56 13.9025 16
-54.5690429945 -19.6529707973 236.2 1487.72 1664.96 20.4675 16
-50.7129130354 -19.6183346827 237.28 1356.24 1731.36 7.645 16
-49.2174434096 -19.5631439003 237.84 1354 1756.28 9.0525 16
-53.5857946381 -19.5235603279 238.36 1498.64 1681.2 10.3275 16
-50.5005354615 -19.4741142781 237.32 1367.56 1727.68 7.5825 16
-48.3847796261 -19.4430578378 222.76 1467.64 1667.28 13.5625 16
-53.8985331011 -19.391543006 237.28 1509.84 1678.12 11.465 16
-43.8331922979 -19.3852260364 211.56 1386.44 1588.04 13.04 16
-44.0191797342 -19.3705370962 220.04 1277.16 1645.12 16.18 16
-46.8576288279 -19.2725507047 213.12 1539.8 1565 15.855 16
-54.6202138231 -19.2557650631 231.32 1517.24 1662.76 6.5575 16
-64.2437159248 -19.1910540207 168.12 737.92 1387.56 11.335 16
-55.0661154769 -19.1808511632 242.6 1467.92 1713 13.605 16
-52.4537140395 -19.1752655019 239.64 1524.28 1702.76 10.785 16
-50.6962487575 -19.1553476017 245.12 1434.04 1753 7.58995 16
-54.3423473709 -19.1451518826 247.12 1489.04 1726.2 15.5975 16
-54.633266486 -19.068607697 234.04 1519.24 1681.8 12.5 16
-42.3866654555 -19.0171495166 219.2 1271.92 1615.92 21.9625 16
-54.2727035117 -18.9973691967 249.88 1490.08 1743.4 10.425 16
-50.9295919954 -18.9643643597 245.36 1476.4 1744.4 11.6225 16
-51.1374722009 -18.9354187451 239.84 1519.16 1715.16 15.565 16
-42.3844193513 -18.8832447054 221.16 1255.4 1631.04 28.605 16
-49.8218054471 -18.6597248194 249.08 1389.16 1770.56 11.9017 16
-48.9202723672 -18.5898732247 224.52 1316.92 1697.44 9.9225 16
-53.0612729553 -18.369991819 226.64 1620.48 1668.24 9.205 16
-41.5981157478 -18.3565286475 231 1148.92 1653.12 20.0675 16
-54.6584951957 -18.3318542492 252.32 1485.6 1773.12 18.7825 16
-50.3506007704 -18.2863484199 238.08 1550.68 1701.2 10.275 16
-53.5634525504 -18.278247156 244.2 1547.28 1744.16 14.515 16
-40.1912152356 -18.1537504743 240.8 1029.84 1536.32 22.03 16
-44.1755325734 -18.0719623498 226.16 1150.16 1705.6 7.91 16
-51.147924617 -17.9350343865 231.36 1582.4 1656.8 9.8825 16
-54.5271253639 -17.9105496914 251.64 1477.32 1782.96 13.3675 16
-40.4542125138 -17.8265017078 243.04 986.96 1591.16 19.2325 16
-47.2706242207 -17.7450502627 224.92 1402.92 1647.92 7.6075 16
-40.944430477 -17.5933238302 241.48 1005.28 1665.48 22.7575 16
-49.7329289504 -17.5225138664 243.72 1378.4 1728.56 8.155 16
-52.0516870593 -17.5111639346 223.96 1645.76 1652.92 6.215 16
-43.8326547968 -17.4448102435 222.64 1082.48 1679.12 19.055 16
-51.5078434426 -17.351471787 221.96 1578.32 1624.28 9.005 16
-48.9852408764 -17.3471054812 234.2 1354.56 1734.44 10.47 16
-63.9257737828 -17.3449696948 243.16 1848.36 1641 18.6175 16
-52.3205559924 -17.2671558495 232.28 1667.8 1700.4 25.6475 16
-51.6038157627 -17.2488951893 222.68 1613.8 1629.56 10.545 16
-51.1326934936 -17.2483001894 229.28 1540.64 1639.2 7.1825 16
-44.0759494991 -17.2268245895 226.04 1083.84 1724.76 13.035 16
-44.6380601931 -17.2215193169 227.8 1049.84 1763.48 19.2825 16
-51.0973308106 -17.1314509167 231.68 1539.4 1647.52 9.86 16
-54.7114729376 -17.0992149426 239.04 1494.52 1749.76 7.7425 16
-54.9429483337 -17.0577235081 254 1405.6 1796 18.6825 16
-51.0115747716 -17.0292058277 234.4 1541.12 1652 9.07 16
-49.9632839887 -16.9992168305 242.56 1435.92 1676.92 9.3975 16
-53.0582732878 -16.9451869619 238.44 1706.48 1780.76 13.22 16
-49.101445313 -16.8266995228 231 1365.76 1652.68 14.1975 16
-44.7790683495 -16.7498206513 226.6 1265.24 1814.76 11.68 16
-52.1803583394 -16.6747061049 237.8 1666.4 1733.24 8.2175 16
-47.2718865904 -16.6570409206 219.84 1308.64 1679.36 7.815 16
-44.2158333859 -16.6188226463 218.64 1230.52 1732.56 14.075 16
-63.4997470276 -16.5690133101 248.68 1497.76 1683.4 15.03 16
-51.3814604871 -16.5684937981 244 1619.52 1699.96 9.555 16
-41.8120527758 -16.5124534716 230.8 791.96 1761.8 36.91 16
-52.3404937247 -16.4429294446 229 1671.76 1726.4 12.8225 16
-41.6259425475 -16.3663134894 216.64 841.16 1629.96 40.9675 16
-48.9979750008 -16.3095464032 222.48 1447.36 1538.76 14.89 16
-55.4449739247 -16.2536352711 236 1528.84 1720.64 11.7875 16
-49.4820833684 -16.2181363422 227.48 1572.8 1539.72 17.615 16
-53.387021751 -16.2103152351 217.24 1779.88 1757.24 12.945 16
-42.2984730061 -16.1657867251 226.92 904.64 1735.36 19.995 16
-46.2862906343 -16.0257817481 237.88 1200.36 1790.2 7.3825 16
-42.294701127 -16.01999714 222.16 912.64 1703.56 13.0975 16
-49.7688270854 -15.9565939592 235.68 1724.28 1556.44 12.5825 16
-52.845222133 -15.9409470165 235.12 1552.56 1871.52 15.37 16
-68.8749499861 -15.9342800047 86.84 630.2 1126.76 5.48276 16
-51.0904171748 -15.8467865552 255.92 1587.2 1728.72 13.2125 16
-58.3245591192 -15.839165225 257.48 1432.28 1856.64 18.94 16
-48.6050481147 -15.6786524794 230.4 1468.08 1532.92 13.0775 16
-49.6348260477 -15.6766836515 242.92 1651.28 1570.28 14.78 16
-49.9185450755 -15.6533043544 239.48 1734.76 1571.64 13.0175 16
-51.5519955302 -15.5779801606 257.52 1532.8 1786 10.035 16
-52.2461025596 -15.4445442822 250.28 1565.72 1850.56 9.425 16
-48.9965012861 -15.3162387846 245.12 1469.52 1570.96 11.9125 16
-53.5095206959 -15.2158701387 225.84 1806.4 1834.36 8.6225 16
-46.4550658297 -15.1823901747 238.12 1216.04 1711.2 10.6225 16
-49.853271811 -15.1502941589 243.04 1755.84 1594.64 17.03 16
-49.5881386736 -15.1431688835 244.64 1672.64 1589.52 7.57789 16
-56.5511288125 -15.1288555793 244.24 1283.28 1651.84 14.1125 16
-43.6679878781 -15.1006707733 243 837.08 1756.96 7.4425 16
-53.9380873957 -15.0203117597 221.56 1936.24 1787.72 9.2875 16
-42.9045837638 -14.967993067 241.28 793.08 1670.4 8.9225 16
-53.9699042353 -14.947131672 220.28 1957.6 1781.28 10.11 16
-43.7218185532 -14.9442389025 243 834.52 1772.88 6.34 16
-54.3030643752 -14.9232457757 221.92 1877.88 1766.96 9.8775 16
-47.516851511 -14.9177435679 227.84 1513.16 1558.32 10.52 16
-41.2320473179 -14.9057329579 227.28 721.56 1587.04 6.3125 16
-52.5736499126 -14.8847182671 234.2 1627.8 1843.08 7.0275 16
-42.2618179796 -14.825374074 220.52 808.04 1610.48 11.4 16
-56.1732040257 -14.7684669351 248.36 1445.28 1729.48 10.7225 16
-43.6973584204 -14.7496894894 245.12 860.44 1791.28 13.77 16
-55.0404346706 -14.709558524 237.8 1642.28 1785.56 14.625 16
-43.6442852519 -14.6964068821 244.6 859.36 1786.32 8.665 16
-49.5800408595 -14.6673972031 253.64 1669.24 1652.76 12.4525 16
-47.5221354461 -14.6642156278 225.68 1579.92 1536.08 8.2025 16
-52.8085799632 -14.6260699646 242.04 1607.16 1885.36 11.75 16
-43.5435771466 -14.6208886621 242.84 818.44 1770.6 7.8075 16
-56.4868136111 -14.5458270546 251.84 1638.68 1826.56 12.1625 16
-57.4594174988 -14.5270138972 253.96 1885.64 1870.08 17.3675 16
-41.5301227252 -14.4610301268 227.6 602.08 1636.56 4.0125 16
-43.0016852582 -14.3484750309 209.76 842 1563.64 16.525 16
-43.5669706944 -14.3336992235 245.2 769.36 1792.52 6.605 16
-42.1965594595 -14.23105667 227.08 733.2 1637.52 6.3125 16
-50.9955330316 -14.1333263742 262.88 1559.56 1810.92 13.9096 16
-46.8187192064 -14.0717574185 257.48 1241.88 1679.6 12.35 16
-53.2561649049 -14.061591098 240.28 1590.08 1880.68 10.4175 16
-57.4233219243 -14.0096229353 239.92 2005.88 1843.68 14.53 16
-42.9727496077 -13.8710211547 239.96 789.56 1742.44 8.035 16
-45.4624649233 -13.7861900038 237.8 1065.36 1746.44 11.7925 16
-49.0691261043 -13.7439861907 257.44 1754.84 1716.44 12.455 16
-45.3644668441 -13.6786429857 236.76 1023.48 1751.4 15.475 16
-55.7399030078 -13.6598311332 244.84 1872.8 1862.16 18.8725 16
-46.9391959897 -13.6309790897 243.76 1447.12 1639.36 25.9525 16
-45.2794246165 -13.600707058 235.72 1016.56 1749.4 17.4525 16
-58.5377331779 -13.6003982907 230.88 1924.2 1813.88 16.35 16
-41.903304633 -13.5532371417 200.08 867.56 1565.56 32.2525 16
-44.8493963234 -13.5440771451 237.04 947.08 1777.28 9.56 16
-58.8036962473 -13.5262240252 228.52 1947.32 1797.72 6.87 16
-44.3360944013 -13.5080128579 238.36 791.24 1788.4 24.765 16
-46.1584448955 -13.4892304111 233.32 1394.96 1668.04 4.4025 16
-41.5915183756 -13.4849906772 230.56 670.96 1700.96 8.5775 16
-54.8494606253 -13.4258860863 241.12 1745.96 1872.2 9.53 16
-49.1017669229 -13.4169686684 259.56 1677.64 1746.6 14.01 16
-52.8352499717 -13.3906854372 245.04 1632.04 1891.32 9.205 16
-60.9486551456 -12.9972902918 231.08 1740.64 1763.6 19.7525 16
-61.3246724256 -12.9859973407 236.84 1634.76 1791.48 19.6675 16
-45.8584120785 -12.8804344488 240.88 1517.32 1716.36 10.8075 16
-44.6588062424 -12.8493406829 232.28 1084.4 1810.12 14.0975 16
-44.0883665029 -12.6791812359 234.16 878.96 1844.88 22.89 16
-43.8703666602 -12.6588411039 249.84 806.4 1917.36 13.2375 16
-46.0417608162 -12.6034245908 241.44 1709.8 1708.32 6.31 16
-40.9888815515 -12.0518466826 219.12 660.84 1601.36 4.9925 16
-52.3635956195 -12.0312252595 257.36 1785.44 1932.56 14.46 16
-55.4975915621 -11.982145614 250.2 1847.28 1934.8 8.2825 16
-52.1122041287 -11.956394747 259.24 1725.48 1921.52 16.895 16
-47.2852912752 -11.692317507 258.24 1515.84 1847.92 12.785 16
-45.5798277825 -11.5959125259 234.96 1180.96 1848.32 3.8425 16
-61.0149601578 -11.5603434931 234.64 1952.6 1789.8 12.485 16
-38.3318117104 -11.4832656164 235.28 649.04 1559.12 8.9 16
-45.5502581959 -11.4638946278 234 1139.88 1856.36 8.205 16
-51.7533744274 -11.4309249345 266.52 1639.24 1928.76 21.8575 16
-45.8162121898 -11.38337301 235 1242.32 1835.88 3.285 16
-45.4316866056 -11.3054631701 237.88 1004.88 1913.92 20.0025 16
-48.3535335716 -11.3042866483 262.4 1541.4 1857.84 21.9975 16
-55.2825022246 -11.2355801353 251.28 1875.72 1952.6 19.8 16
-41.3543255085 -10.9143888256 224.52 548.64 1650.84 2.29 16
-62.0326863987 -10.8451703783 242.96 1935.96 1834.04 17.87 16
-68.2191853125 -10.7094151365 260.12 1862.6 1711.92 43.71 16
-62.7488031657 -10.6131445838 246.64 2015 1798.92 22.43 16
-42.6006662835 -10.5962120952 259.12 660.76 1988.64 3.89196 16
-52.3982665054 -10.5169834905 259.48 1986.92 1949.04 10.2875 16
-48.2385680897 -10.4890589425 263.64 1649.84 1850.4 18.2125 16
-49.0121718561 -10.1202081307 266.2 2004.16 1860.68 15.775 16
-40.1120057966 -10.0477550637 234.96 582.36 1733.2 4.475 16
-66.79491058 -9.77178461416 261.56 1879.88 1756.64 30.01 16
-36.2997150444 -9.70253308311 239 1191.12 1455.16 8.655 16
-49.8181987554 -9.36240327128 267 2056.04 1913.8 22.13 16
-45.938352763 -8.78990259665 263.08 1173.48 1882.24 15.4525 16
-45.7859913283 -8.63353330305 263.04 1168.72 1876.48 15.475 16
-40.3283003663 -8.47665196213 245.36 546.04 1835.16 3.7675 16
-46.3880523808 -7.83395324394 251.36 1274.56 1794.36 12.34 16
-46.233834535 -7.41031222006 259 1240.52 1829.28 20.1325 16
-48.6641149957 -7.14591006547 261.6 1656.96 1820.32 13.3175 16
-46.8142537389 -7.09123344437 254.08 1376.84 1800.24 12.985 16
-48.6521545565 -7.0651003669 261.44 1622.84 1815.8 19.39 16
-49.3148833343 -6.92777413105 257.2 1718.24 1805.08 31.9125 16
-47.0874329509 -6.91883036108 254.04 1494.36 1795.92 15.61 16
-43.4162384154 -6.8170338811 275.84 1031.92 1827.04 7.7925 16
-49.6957432659 -6.55395474883 255.24 1719.52 1774.96 17.4775 16
-49.8710521562 -6.01512017714 252.4 1853.16 1728.24 20.9725 16
-42.4247308016 -4.903521237 267.4 1443 1867.76 25.5125 16
-42.5634105599 -4.78354058255 268.64 1452.96 1872.12 7.3625 16
-48.9224709151 -4.30677861913 268.84 2211.32 1768.76 19.7175 16
-47.3118265999 -3.65740432517 266.8 1507.16 1771.24 23.0325 16
-45.7833732999 -3.35841445131 270.72 1865.6 1730.52 18.3825 16
-78.4998917847 -3.0371848093 204.8 2660.52 1573.4 20.2625 16
-76.9592869877 -2.52003874048 253.92 2836.56 1682.96 74.7731 16
-47.7783433637 -1.55437629416 265.24 2331.72 1691.16 30.1537 16
-79.3398167994 -1.47537767199 237.28 2096.16 1503.28 20.9625 16
-47.1525795328 -1.38091625333 260.36 2377.04 1679.76 33.3925 16
-46.6247391385 -1.22696552816 260.64 2257.24 1643.92 64.19 16
-79.2619125413 -1.19137401254 239.56 2284.4 1494.2 13.8925 16
-79.0206086643 -0.58953228849 139.92 1699 1248.6 52.44 16
-77.5291972774 -0.22037377156 189.44 3412.88 1526.08 50.275 16
-78.2857443541 0.49098403266 87.64 1150.64 1015.64 14.6275 16
-76.6379565152 0.55028469404 248.84 3566.36 1637.92 49.3975 16
-79.4884711184 0.59582261248 252.96 1980.28 1474.56 38.1893 16
-78.6109959961 1.4245023719 254.72 3161.24 1447.44 43.355 16
-75.30657925 1.50957179712 256.68 3302.04 1638.64 26.4825 16
-77.5819491142 1.59216994976 135.72 1991.16 1186.64 8.5125 16
-76.8315510191 1.7724654519 133.52 1793.28 1172.6 19.9325 16
-77.3030527388 2.46575808784 169.56 3261.92 1352.56 33.1225 16
-73.6418941837 4.07151648844 255.68 3540.2 1707.24 19.8325 16
-73.5701375585 5.32283217309 132.44 900.12 1178.88 9.3675 16
-75.0531143128 8.04581731071 279.24 2920.8 1768.12 25.715 16
-81.6778653218 8.26729280147 249.88 3271.12 1610.12 34.34 16
-80.9022294561 8.48377918722 236.76 3046.84 1528.12 15.4225 16
-75.7686608014 8.80329411828 276.16 1322.12 1721.36 11.41 16
-71.7958065008 8.95846376212 288 1408.48 1854.68 25.5525 16
-82.6985446331 9.22018682287 191.88 2724.2 1380.84 65.2575 16
-74.5959452201 9.46882960323 276.52 1307.72 1834.64 8.57 16
-72.6541651956 9.80396927688 275.72 1976.68 1804.16 25.2825 16
-83.9096021931 9.86040062142 187.16 1804.16 1406.12 12.785 16
-85.1103992436 10.3080068238 269.36 1783.16 1758.36 24.13 16
-84.9779115608 10.3884924013 238.2 2066.84 1608 37.505 16
-74.4924266723 10.4065123887 280.4 1394.12 1899.76 32.7125 16
-74.612469905 10.4076023565 282.68 1283.8 1904.68 22.8725 16
-74.1575354505 10.4844501782 277.36 1454.96 1892.12 49.645 16
-69.5136328969 11.1766094145 235.08 965.68 1553.4 48.2975 16
-84.624871958 11.987113394 249.68 2697.24 1519.2 38.0175 16
-85.2053764848 12.4224827283 237.12 1877.6 1531.68 36.52 16
-85.9224166162 12.6642305844 242.44 928.8 1632.92 30.9675 16
-85.2222422714 12.6680536415 246.28 2044.28 1584 38.165 16
-87.9454966867 13.2209289983 267.96 1811.88 1820.44 40.9025 16
-86.4267239788 13.2515078766 216.72 1164.88 1568.48 36.625 16
-89.3924249104 13.9174648921 235.92 1813.28 1792.16 20.6325 16
-89.4445613466 14.0080675258 242.8 1764.96 1799 18.6025 16
-91.2250980435 14.1913080026 270.16 2234.04 1816.88 29.9125 16
-86.7024369419 14.3495974195 217 1326.16 1507.28 46.215 16
-90.5790010055 14.4914621557 215.16 1194.52 1537.52 17.7118 16
-90.2708151173 14.5697910139 156.44 1670.08 1227.76 39.91 16
-88.8995262799 14.638300384 227.04 1346.28 1659.12 15.8725 16
-88.6703992041 14.7672677442 230.68 1303.6 1704.16 37.045 16
-90.223286794 14.7771219385 228.08 828.72 1549.88 18.135 16
-87.3666822366 14.8053899975 205.36 1484.16 1517.2 48.915 16
-90.2598843937 14.8581800549 240 872.68 1608.4 34.5925 16
-89.841607644 14.8895772561 249.36 816.4 1670.64 25.4375 16
-89.5677926384 14.9777047888 272.88 719.32 1869.36 13.6925 16
-89.3610792469 15.0527781483 257.8 1141.6 1714.24 37.5475 16
-90.6099693616 15.108186272 220.12 955.84 1684.76 21.745 16
-87.2319586788 15.2408721094 236.24 1136.76 1682.36 30.6775 16
-92.8286686768 15.2649186804 273.2 2822.48 2027.2 44.0075 16
-90.6145081129 15.2983616083 179.56 1716 1388.04 41.7575 16
-92.7168212042 15.3562871764 269.88 3079.36 2029.6 32.9 16
-91.4351017203 15.4068210848 115.68 1312.04 1196.48 13.085 16
-92.3079920195 15.560905151 166 1293.4 1496.96 45.1025 16
-92.2994066451 15.5670235877 166 1293.4 1496.96 45.1025 16
-96.8268956313 15.9235619841 242.6 1368.68 1920.6 43.7475 16
-93.6631111102 15.9623323084 267.56 1803.48 1879.92 38.441 16
-95.9092813532 16.0214780419 247.4 1044.92 1852.36 44.6425 16
-92.4428012254 16.2676623924 237.36 1159.24 1888.56 17.51 16
-98.0425938625 16.5486677057 262.24 2013.68 2036.28 43.73 16
-91.5251682336 16.878411805 218.48 2622.92 1637.88 62.995 16
-92.58229453 16.9297955938 188.92 2064.48 1527.28 37.7 16
-92.1750693113 16.9674459221 215.72 2074.2 1667.88 52.82 16
-95.2367701607 17.0271563222 233.6 1550.8 1629.4 62.23 16
-89.0750350115 17.1768347258 251.68 1503.68 1513.36 34.2325 16
-91.483167642 17.6319729785 265.08 2079.84 1751.56 34.635 16
-93.7106971742 17.7015244478 257.28 2611.6 1669.12 25.525 16
-93.9565464134 17.8254966754 257.52 2532.64 1638.92 40.3425 16
-101.231705696 17.8560456296 243.12 1378.84 1806.84 36.84 16
-90.1715548559 17.8900326832 254.76 1335.72 1660.88 63.6875 16
-77.4424332143 17.9057523514 234.88 1643.28 1311.24 48.1625 16
-88.6075294388 18.0756969891 251.72 1512.68 1565.76 32.3675 16
-102.227985496 18.1200149898 268.04 1048.36 1864.68 21.6175 16
-99.4263896354 18.1231700482 248.84 970.48 1957.16 8.0075 16
-93.9093304231 18.1641430219 257.8 2224.6 1609.08 38.215 16
-91.2732312698 18.167118379 264.12 1812.32 1765.28 46.385 16
-99.8441137416 18.2123846728 221.08 1037.96 1707.04 5.5275 16
-103.191886019 18.2532001354 246.56 1069.72 1713.24 46.77 16
-95.6977289077 18.279384299 262.2 1431.04 1626.92 25.458 16
-74.3590280466 18.3481467703 233.44 1997.68 1431.12 45.9125 16
-102.43050386 18.3767094072 207.36 1146.8 1644.8 33.01 16
-102.173877653 18.4657353923 212.8 1056.04 1721.2 16.505 16
-103.545748166 18.4791964175 260.333 1031.25 1784.92 35.587 16
-73.8423205222 18.4996743843 237.92 2158.52 1503.28 45.2125 16
-70.3053734661 18.5367418001 225.68 1352.04 1640.56 54.3025 16
-99.996631825 18.5900331546 231.64 1257.16 1857.68 15.4875 16
-103.538320495 18.6018534828 248.24 987.8 1741.64 27.695 16
-101.432869509 18.6103956359 233.16 1080.12 1863.16 16.4475 16
-102.741019893 18.7437443163 229.68 1089.28 1679.32 13.6875 16
-71.7862093247 18.8293687271 221.24 1481.76 1744.92 33.63 16
-68.9737635149 18.8293738183 254.52 1554.24 1647.48 43.495 16
-102.788193593 18.8930968395 275 874.12 1958.24 8.5625 16
-96.5691657016 19.0461089175 250.24 1050.6 1740.48 16.755 16
-100.731550153 19.2597611764 236.84 1161 1923.96 16.165 16
-97.6119666898 19.4544405273 154.2 503 1555.24 5.73 16
-70.5165783533 19.6739242437 244.24 1783.84 1566.2 45.6575 16
-72.6969412353 19.6822562303 246.2 1426 1558.92 20.475 16
-101.066676294 19.7012452613 173.84 862.32 1580.6 5.88 16
-102.878194047 19.7422119945 155.28 1017.36 1483.84 41.1525 16
-71.5676909189 19.7440655523 265.92 785.2 1731.24 20.4675 16
-102.514914913 19.8760813469 167.52 953.96 1593.32 12.2675 16
-102.687597603 19.9216476413 151.16 911.72 1488.96 21.985 16
-96.7632617777 19.9898923779 240.6 1731.72 1562.4 39.8525 16
-77.1309485287 20.0645921669 252.32 1114.28 1626.48 49.5475 16
-104.232991994 20.095875137 203.12 906.28 1710.36 8.12 16
-104.188105753 20.1046574349 205.24 864.6 1722.04 8.56 16
-97.3497640262 20.2435262523 243.08 1435.64 1635.04 31.02 16
-99.1500634217 20.2849908577 166.36 460.88 1613.12 6.1625 16
-77.071063278 20.2920083231 257.84 1258.04 1714.16 16.98 16
-104.31859419 20.4009576216 170.28 1072 1536.76 21.61 16
-103.37806531 20.4779257123 194.68 850.52 1707.12 3.3775 16
-104.690605946 20.5417073041 163.08 1184.72 1479.2 27.39 16
-76.4669325912 20.642232102 260 976.52 1719.84 10.4225 16
-103.853132143 20.6749148773 211.64 967 1833.04 9.80926 16
-97.3706878565 20.7830485353 243 1135.12 1501 34.4675 16
-97.3275006704 20.8075792206 243.28 1179.92 1486 37.0425 16
-88.2918246267 20.9089114335 254.84 1156.72 1805.36 55.5925 16
-77.1045652053 21.1213718187 257.36 1168.92 1640.92 14.345 16
-88.6302705357 21.1309215785 258 1102.4 1777.92 28.8025 16
-87.9027257453 21.2408257973 252.56 1042.96 1729.92 34.99 16
-104.815979094 21.2452450837 208.88 1062.68 1707.32 21.7075 16
-98.7027969975 21.3741980604 237.08 1845.08 1733.68 49.3525 16
-88.0870637638 21.3934210096 254 941.32 1720 30.345 16
-100.103824782 21.4447143828 198.76 593.84 1771.12 33.285 16
-98.5563059352 21.5782045952 246.08 1122.12 1692.28 29.1225 16
-104.130530711 21.5941353423 198.64 892.6 1735.44 9.6475 16
-79.1510978498 22.0083767126 253.8 1483.96 1591.36 42.6491 16
-98.83479687 22.3042495416 246.08 1148.08 1651.44 22.52 16
-79.5170762189 22.4102143244 246.12 1502.4 1480.68 33.695 16
-81.078460747 22.869342671 249 1429.36 1660.04 15.4425 16
-82.7035091759 22.8734889424 245.28 1447.72 1528.08 15.3275 16
-99.5707897593 22.9300201546 189.36 728.8 1627 59.175 16
-98.1737686563 22.9458486865 233.72 814.6 1509.56 23.765 16
-81.4751002621 22.9470617053 248.56 1311.88 1576.68 33.9398 16
-98.2224043163 23.2356556233 214.64 1001.76 1506.08 61.675 16
-106.575004434 23.9788320304 253.08 809.64 1857.6 12.995 16
-81.589687142 27.0796310083 224.16 1265.16 1615.6 13.6725 16
-80.8055441679 27.6045605683 223.96 1251.52 1543.68 28.305 16
-81.6940544939 27.9089259586 223.8 1251.36 1595.96 20.7125 16
-81.687712453 28.0223717746 222.88 1229.44 1583.12 13.752 16
-81.9348314265 28.2659816396 220.88 1277.84 1544.72 22.3075 16
-82.4531563607 28.5147989458 216.16 1380.88 1535 15.4625 16
-82.4768073845 28.6568196697 213.4 1379.04 1545.52 17.0533 16
-91.4224190121 29.7698129051 199.48 1586.48 1359.96 22.9875 16
-94.2429993935 30.1296894391 196.44 1411.4 1436.92 26.0725 16
-93.3835478627 30.2766256038 195.2 1443.32 1397.8 25.3525 16
-109.728762931 30.3024016219 171.76 560.6 1600.6 11.9825 16
-92.679699222 30.4062090632 195 1531.32 1413.16 5.2925 16
-87.8827470504 30.4649947361 195.32 1595.4 1327.16 15.9425 16
-91.4467943952 30.6080669964 192.44 1526.48 1422.2 13.3481 16
-87.0622150488 30.7779616916 190.36 1609.72 1408.76 22.81 16
-82.8127869974 31.4390078234 187.72 1252.12 1471.28 24.7025 16
-84.8319158463 31.5231599516 188.44 1328.48 1475.04 11.5125 16
-82.5942374895 31.6275885892 187.04 1219.76 1471.4 27.3175 16
-89.0629089017 31.7247211161 179.08 1470.2 1450.52 36.8825 16
-92.9911388162 31.7678780817 185.04 1375.68 1457 27.0103 16
-82.3280795541 32.0304423664 187.24 1176.6 1480.64 29.915 16
-90.3571188138 32.1158408934 178.56 1393.4 1405 22.0325 16
-84.1619303973 32.1170973667 180.16 1204.88 1429.12 15.335 16
-91.8071680545 32.2175772384 182.8 1380.04 1416.08 14.525 16
-93.9023177097 32.7810370404 179.84 1210.16 1406.48 15.77 16
-91.8638571524 32.8026336119 175.28 1385.4 1393.44 31.885 16
-91.4094029211 32.8888517484 175.96 1397.92 1364.2 12.2025 16
-90.8554266748 32.9188842561 174.52 1374.92 1369.6 2.29156 16
-82.0284985332 33.1258787904 172.68 1152.24 1429.64 41.28 16
-79.964655675 33.5601301295 173.92 1231.08 1409.88 42.275 16
-80.2478813385 33.6698490385 172.88 1190.48 1408.92 27.225 16
-95.0152038719 33.6911296109 170 1208 1391.28 25.3125 16
-81.8586701429 33.7424463107 163.8 1231.84 1379.08 19.1825 16
-79.4444185289 33.7715508273 173.6 1258.84 1375.36 29.605 16
-90.5723356447 33.8178809886 170.96 1384.16 1328.6 5.73 16
-85.1381107807 33.9147467218 150.72 1420.64 1319.24 44.4575 16
-90.8167940192 34.090803895 167 1335.32 1312.64 10.455 16
-89.9958640542 34.1122418126 163.36 1400.28 1346.72 25 16
-88.7844646009 34.1208747381 165.28 1400.96 1348.68 11.65 16
-90.1269436911 34.179340133 165.04 1381 1342.4 3.8775 16
-95.7998136223 34.2520931815 165.28 1132.8 1360.32 19.2075 16
-90.0815038959 34.2823063833 163.2 1382.96 1341.08 5.8825 16
-102.335963598 34.3779894267 136.04 452.6 1409.68 2.145 16
-91.6061413614 34.4072358288 168.28 1264.24 1308.68 6.45288 16
-79.9475978447 34.4442267707 166.28 1167.64 1344.92 19.76 16
-90.8960945439 34.5226856973 161.88 1317.4 1295.92 2.1875 16
-79.011218282 34.5280159773 163 1208.28 1345.52 36.42 16
-79.4935575189 34.6284144721 165 1175.76 1358.28 17.7775 16
-88.9626188122 34.6973225469 156.52 1438.52 1323.8 21.5925 16
-81.5319525312 34.7717714784 155.88 1225.12 1346 32.9771 16
-90.8496498546 34.8499019357 160 1295.64 1288.84 7.595 16
-88.936919044 34.9731357984 153 1409.16 1303.68 37.9075 16
-80.6644096049 35.0120833454 154.2 1165.52 1291.36 24.51 16
-118.985729276 35.1828175526 186.04 182.68 1536.12 5.96 16
-80.9754317667 35.215141873 155.16 1155.04 1282.8 22.619 16
-87.4775134973 35.3767369081 139.96 1439.88 1295.28 35.2675 16
-86.5209806871 35.4348342222 145.88 1392.68 1297.48 12.4325 16
-85.6727478333 35.4629601748 133.72 1505.68 1188.44 53.85 16
-85.8464629146 35.7372084597 140.32 1418.44 1251.72 18.015 16
-96.8356222948 35.8037402724 156.76 897.96 1318.4 9.4175 16
-88.3950831066 35.8174032008 145.48 1353.4 1283.52 16.3525 16
-86.2116297243 35.8593747741 143.72 1371.64 1287.96 32.86 16
-84.1606363448 35.8678835631 142.32 1323.24 1247.68 32.8103 16
-102.179252526 35.8855675069 131.12 448.8 1345.08 1.6825 16
-78.2653470864 35.9501329026 150.48 1152.8 1300.6 27.6125 16
-96.5588416812 36.0484300253 154.08 925.76 1333.96 19.585 16
-79.5444897906 36.1141874302 145.4 1134.8 1251.2 31.325 16
-91.1057147613 36.116397838 150.28 1211.36 1305.36 19.725 16
-80.0105760115 36.1297168367 143.52 1136.56 1221.4 28.4825 16
-77.7670291449 36.1446238436 150.36 1138.16 1283.08 26.49 16
-80.613915245 36.1971554402 138.68 1184.76 1267.96 22.6775 16
-83.011673393 36.2635020816 131.6 1141.08 1238.72 38.2275 16
-93.1863120365 36.3444988449 139.56 1134.56 1239.4 29.865 16
-80.6373999043 36.3518602007 133.88 1193.64 1249.64 20.6 16
-92.3898132429 36.4318445249 140.96 1104.96 1299.92 37.74 16
-82.3650373874 36.4909958404 131.2 1103.84 1219.88 29.8726 16
-88.7009046101 36.5998753887 141.52 1341.12 1233 11.45 16
-89.9288189335 36.6050390017 146.68 1206.88 1242.4 1.675 16
-78.628148234 36.6310454882 141.12 1082.44 1264.32 32.7868 16
-120.378166442 36.7116773219 166.8 194.64 1524.16 2.1925 16
-93.6901124901 36.7332523851 132.12 1109.56 1235.48 23.88 16
-94.9299185067 36.7547795083 145.04 1088.92 1271.16 5.62 16
-95.921495012 36.7727347865 146.6 965.44 1299.48 7.1925 16
-87.6483381727 36.7947102869 141.04 1247.64 1221.12 3.82 16
-87.1199671469 36.8415256809 136.28 1286.48 1222.36 7.3625 16
-120.397786881 36.8856997655 166.28 220.32 1512.16 2.9625 16
-86.8240804186 36.9264417509 135.36 1287.92 1216.96 26.88 16
-88.8721304045 37.2534273133 138.64 1205.64 1199.4 16.225 16
-93.605916304 37.2633463602 131.32 1080 1207.4 17.625 16
-88.3909098351 37.3685971667 135.24 1230.32 1192.16 23.235 16
-102.184320833 37.3913781682 120.92 396.12 1342.96 1.51 16
-96.7518348308 37.3976766202 137.36 888.72 1246.32 3.9325 16
-93.559367922 37.4014294724 130.2 1082.8 1203.76 15.475 16
-92.7333440399 37.4432119284 127.08 1075.6 1198.64 26.5125 16
-121.034668352 37.4730617939 164.24 280.76 1466.12 9.615 16
-87.2693489563 37.4859819207 137.28 1184 1217.32 5.135 16
-121.158224795 37.4984599838 162.96 281.8 1457.72 5.2125 16
-96.6530084339 37.5096574177 133.84 904.8 1229.36 4.3375 16
-100.891546354 37.7332614717 124.24 475.76 1309.52 1.4025 16
-101.216232461 37.762949533 123.52 441.92 1324.2 1.2675 16
-101.865857718 37.7820903427 119.6 397.8 1351.16 2.6575 16
-87.5301197572 37.7933419888 135.64 1136.92 1191.96 3.2625 16
-87.5215657491 37.9524940684 135 1116.28 1190.64 5.91919 16
-87.7108125026 37.9783091771 133.88 1121.32 1175.8 9.995 16
-84.7654371471 38.0264705065 127.24 1168.2 1157.88 9.2575 16
-89.676678256 38.0444204913 129.72 1057.76 1180.24 13.9025 16
-89.3185856214 38.1033103042 128.88 1058.56 1171.36 15.2046 16
-93.7760089358 38.1539702012 128.44 1050.6 1204.48 11.5125 16
-84.5344339967 38.1595300892 124.96 1136.6 1139.24 7.5975 16
-99.5243453688 38.2009922746 125.6 568.52 1279.92 1.975 16
-95.2295995366 38.3624266931 131.24 997.6 1190.48 11.535 16
-78.1078299188 38.3691538424 129.44 1078.6 1192.16 28.49 16
-96.361812322 38.5602546701 124.88 879.6 1180.64 4.7425 16
-82.8450727461 38.7787170277 118.88 1040.96 1156.88 26.7075 16
-94.2714417357 38.7851820641 122.68 1000.28 1154.64 15.745 16
-92.655171816 38.8650801017 124.24 1006.56 1134.28 18.7725 16
-94.5143257244 38.8723454177 123.32 965.36 1105.92 15.9925 16
-95.1826349146 38.8806482606 128.04 960.76 1143.16 13.6925 16
-91.708062015 38.9640638842 119.48 989.2 1151.84 32.8025 16
-94.5576380166 39.0285831762 126.8 962.28 1108.16 14.5 16
-96.0145335624 39.0444548834 124.64 889.44 1171.28 5.4625 16
-77.2822966158 39.103576891 122.64 1016.48 1124.84 38.5025 16
-95.1972455989 39.1111139568 125.32 969.4 1134.48 24.845 16
-94.3169585095 39.1146006707 123.92 973.24 1137.2 12.5251 16
-83.5816401268 39.1220670898 113.88 1072.96 1078.12 18.56 16
-85.9785530313 39.1532327006 118.04 1073.72 1122.08 14.2825 16
-77.2725708134 39.2027873273 119.76 1023.08 1109.8 23.51 16
-93.281091945 39.2319683593 120.92 977.16 1136.24 3.0925 16
-83.6540800538 39.2347430916 111.56 1069.48 1050.04 15.2725 16
-92.8379542822 39.256703499 118.68 1000.16 1115.56 14.4575 16
-88.0817767684 39.2611138308 116.04 1021.12 1108.48 6.43 16
-95.3688486067 39.2759490602 123.04 959.4 1144.48 7.9925 16
-84.6757349913 39.3127210062 115.56 1044.28 1119.88 17.5625 16
-91.8689574003 39.3221044522 119.8 989.2 1142.56 16.64 16
-89.981566837 39.33507764 117.24 948.6 1119.28 13.225 16
-90.9753384106 39.3660617821 117.28 957.84 1141.76 26.8914 16
-122.123235806 39.3673956375 159.72 448.72 1425.4 13.392 16
-97.1628917821 39.401301819 126.36 782.48 1214.04 1.99497 16
-88.3536931733 39.4370660916 113.6 1008.44 1095.56 1.735 16
-77.5376654776 39.4482937268 112.72 1014.64 1089.32 14.4425 16
-82.9549494632 39.4579338168 111.64 993.68 1107.32 7.13 16
-87.3770685211 39.4722228034 115 1026.08 1110.08 8.07 16
-86.0446874055 39.479044868 113.08 1037.04 1087.36 6.155 16
-93.9461946774 39.4873764287 115.8 964.04 1129.72 24.1075 16
-77.0585875179 39.5638843855 113.56 1053.64 1095.12 16.1925 16
-94.4427760977 39.5696205224 116 948.76 1129.44 23.15 16
-91.3307714329 39.5943150625 115.56 966.92 1081.96 21.5 16
-90.8811324611 39.6005295204 112.96 957.12 1090.6 7.4125 16
-93.2697095962 39.6349661632 118 964.96 1128.92 22.75 16
-77.278139616 39.6754775544 113.12 1038.92 1112.16 15.795 16
-90.7376252471 39.7341416608 113.36 938.12 1094.36 7.1225 16
-92.6584272405 39.78651383 113.92 1003.96 1106.96 16.7425 16
-90.1232475025 39.875379567 111.28 946.76 1089.72 1.7225 16
-92.4269472792 39.8790273648 111.92 975.32 1102.24 15.3625 16
-91.3285591715 39.8806616426 114.12 965.4 1060.28 11.79 16
-84.5556858917 39.8811924564 102.96 982.84 1062.36 3.005 16
-93.135328333 39.9640165705 113.44 1064.48 1112.64 20.6158 16
-80.2957402262 40.0343028173 99.08 1040.84 1068.52 38.5275 16
-97.4533374851 40.0912383999 109.72 755.48 1140.44 1.5175 16
-84.2688639975 40.1138543297 104.4 946.08 1040 1.74 16
-97.1313809727 40.1253729539 106.84 765 1136.8 2.045 16
-92.2673176887 40.1877606152 108.88 941.6 1100.16 21.98 16
-82.3590596271 40.2416846567 96.84 1020.28 1053.16 17.94 16
-77.0674188374 40.2526879552 110.16 1020.24 1062.08 28.6325 16
-100.787321585 40.255718815 100.48 527.56 1199.44 1.27 16
-88.9558524257 40.288148464 107.84 967.28 1089.4 4.245 16
-85.3347959869 40.2904590253 99.92 956.12 1019.8 3.08271 16
-89.317942753 40.3064197646 109 948.64 1091.16 5.3275 16
-82.9335412436 40.3348352194 99.28 965.88 1055.68 16.9275 16
-93.7945186414 40.3961952082 104.6 906.08 1090.28 12.695 16
-88.5367698487 40.3962034535 104.84 937.56 1064.96 1.235 16
-84.2441951373 40.4361534278 99.52 915.84 1024.4 2.3025 16
-93.0594440755 40.4563070478 103.16 996.36 1089.96 15.7975 16
-94.322476524 40.4759435416 106.16 884.48 1087.36 21.5975 16
-104.476869429 40.4843642958 94.4 344.32 1215.64 2.9925 16
-85.7082708957 40.4989800145 99 970.08 1032.32 1.155 16
-96.5456554987 40.5539494558 105.12 791.84 1105.96 2.84 16
-90.3983266447 40.5752197982 105.4 931.88 1067.76 7.2125 16
-88.6607244686 40.5982236558 103.16 916.64 1060.76 1.0175 16
-90.5014637745 40.6284614286 104 927.52 1062.96 1.56 16
-103.195989053 40.6414216698 95.92 401.92 1196.44 3.0175 16
-84.3425353805 40.6596374884 100.92 889.68 1036.16 3.9625 16
-84.5356826689 40.6608256664 101.28 892.2 1042.4 1.85 16
-106.437397645 40.728174716 27.72 611.12 943.8 4.62755 16
-83.9058268869 40.7460115982 97.04 907.72 1007.8 3.72 16
-96.839686726 40.7542344442 106.24 738.56 1095.56 5.82687 16
-85.5589610916 40.7875756381 97.04 958.64 1041.04 9.02284 16
-91.5319820381 40.8166348123 103.04 932.08 1051 8.5525 16
-96.1491532314 40.8746309539 101.24 812.28 1089.04 1.64 16
-85.9984811581 40.8771122764 96.24 970.56 1030 2.6825 16
-97.349425516 40.909513113 104 697.24 1095.4 2.1175 16
-83.8603911352 40.914958689 97.96 892.08 1007.16 2.295 16
-82.6852686527 41.0031236826 94.76 933.52 992.08 9.5525 16
-84.8431241845 41.0381890205 97.28 866.88 1036.2 1.4575 16
-92.9601622997 41.0769539053 99.72 952.32 1043.72 34.5 16
-106.49366032 41.0781253146 40.32 470.24 965.08 5.15365 16
-88.5239099904 41.0838158242 97.84 912.92 1037.16 1.0225 16
-92.6357927596 41.1062814934 101.32 903.24 1038.72 12.615 16
-81.3568730074 41.1088404892 94.36 969.56 991.92 26.71 16
-94.3597756499 41.1169421743 97.48 879.16 1048.4 2.99496 16
-97.9814936047 41.2033179024 101.8 672.6 1105.8 1.4625 16
-95.169168665 41.2588230269 92.24 837.56 1055.48 5.025 16
-95.5900686618 41.2717758533 95.96 814.16 1043.72 1.38 16
-96.220163337 41.2753119445 100.56 761 1051.72 5.2775 16
-84.3432616847 41.3084591102 93.76 871.56 1028.56 5.125 16
-98.7843897544 41.3125164005 90.48 642.04 1091 1.2075 16
-97.1619542581 41.344245422 101 719.56 1078.48 2.6025 16
-89.3701214384 41.3636041483 95.48 908.12 1044.04 10.735 16
-94.5047281356 41.3882589989 95.08 865.04 1051.68 1.3425 16
-95.8455658967 41.3966660377 100 778 1044.16 13.2875 16
-95.6662042198 41.407899821 95.72 802.68 1044.08 1.4275 16
-92.8755474082 41.4096008104 95.68 922.8 1028.6 2.9125 16
-89.9441244555 41.5448277063 94.84 913.8 1020.76 2.9475 16
-88.2284211874 41.545843517 94.92 929.56 1019.04 5.0425 16
-94.2133587072 41.6168618547 93.64 839.8 1048.72 12.575 16
-93.951859131 41.689629576 92 834.12 1029.24 1.17 16
-91.5774385864 41.6907423301 98.4 902.96 1038.96 13.025 16
-84.2387208752 41.7600563401 89.72 862.36 1000.96 10.3725 16
-88.0603959624 41.7760581635 94.8 932.48 1011.88 18.2975 16
-97.8421480719 41.8099582912 88.12 667.36 1069.36 1.4325 16
-94.1284666235 41.8817131939 89 823.48 1034.32 1.005 16
-95.349932919 41.8874678341 87.48 788.32 1001.12 2.295 16
-96.9553084299 41.9102197703 91.92 711.92 1066.16 1.22 16
-104.087761248 41.9137721088 87.96 372.2 1179.68 1.2625 16
-90.4582459276 41.9645308212 89 886.68 983.2 5.1975 16
-90.9520728335 41.9748311125 87.48 898.24 1004.08 7.57 16
-89.9170558772 41.9812614426 85.32 919.24 997.32 5.2825 16
-86.2106407059 41.9838541771 93.48 959.84 970.44 24.8733 16
-102.98260374 42.1050096556 85.88 418.88 1116.96 1.605 16
-92.5071652618 42.1156781618 82.56 880.6 991.88 1.345 16
-95.6581675522 42.250456597 87.28 751.48 1025.68 2.905 16
-84.9705819342 42.2516879535 85.6 874.92 977.76 18.0325 16
-121.605237602 42.2532836151 77.4 336.88 1102.04 10.2571 16
-82.5593300748 42.3005874265 94.04 833.4 920.32 5.82028 16
-97.571913698 42.3130181172 90.76 589.48 1073.84 1.665 16
-97.0204967627 42.3380931617 87.44 672.8 1047.72 1.3225 16
-97.7474406489 42.3434482275 91.76 563.76 1082.64 2.6275 16
-91.4966794625 42.3501021922 80 884.24 990.36 1.7075 16
-92.7701415577 42.3696597327 78.76 857.44 975.44 1.5375 16
-82.1504318971 42.3774830104 92.32 844.2 949.56 7.1275 16
-88.7374638959 42.3884031551 83.04 897.04 982.48 7.79 16
-91.4334539931 42.3990617042 79.24 882 988.12 2.305 16
-84.4243437002 42.4115123987 83.68 803.92 954.76 21.5675 16
-98.6801410291 42.4151488016 85.04 592.4 1065.56 2.175 16
-94.0167983363 42.4950872864 84.32 822 1004.32 1.6525 16
-81.6237522156 42.502919786 84.28 916.12 887.84 12.4075 16
-114.057903243 42.5068198685 87.48 257.92 1107.52 3.045 16
-78.94311462 42.5091016851 84.6 1034.2 934.28 27.5875 16
-97.6627284862 42.5325896009 88.88 488.04 1058.28 2.0975 16
-89.4350032866 42.5540333603 80.04 865.92 980.76 4.685 16
-92.949545074 42.5725787861 79.88 848.12 979.12 1.0925 16
-91.2162404243 42.5749947881 78.12 868.56 971.08 3.16 16
-90.99743566 42.6246479116 78.24 872.32 941.28 10.9675 16
-89.297546796 42.6311010814 79.52 859.04 976.4 9.8575 16
-99.5292372062 42.6377791885 89 584.16 1074.6 1.23 16
-94.3227372848 42.6421035233 82.88 807.12 996.36 1.0325 16
-75.5218983116 42.6728068103 70.4 1002.68 926.4 21.28 16
-95.9151520926 42.7058941175 83.52 714.04 1024 1.375 16
-92.859184116 42.7763824407 80.32 841.8 977.64 1.78 16
-88.3998839184 42.8043152189 80.64 853.76 947.4 26.5046 16
-94.5572561206 42.8279722311 79.8 780.72 991.4 1.2525 16
-98.0520972657 42.9030402585 92.8 572.84 1081.4 2.7025 16
-95.5573524932 42.9523399279 78.96 731.76 1002.64 1.345 16
-79.0213005161 42.9552849784 84.24 952.32 861.68 25.0725 16
-90.3233062946 42.9695248062 73.2 860.88 941.8 7.865 16
-79.7620143663 42.9864947758 80 892.56 851.16 14.065 16
-81.0774213283 42.9865046429 73.12 945.2 876.36 9.9975 16
-96.4339412575 43.0039652025 84.48 668.68 1034.28 1.6575 16
-77.0004828229 43.0421519449 86.76 880.92 922.08 25.3725 16
-91.4421758062 43.1825901432 76.28 803.6 938.04 8.89 16
-98.2549376609 43.2098560067 91.16 592.4 1083.32 7.675 16
-100.576788873 43.2448404901 82.44 496.44 1081.96 2.2975 16
-78.5331508144 43.2833112849 86 840 903.64 39.1425 16
-100.149008526 43.3480088798 88.8 529.6 1098 1.6175 16
-98.7043068617 43.3787835168 86.08 579.36 1070.32 2.05 16
-93.435545268 43.3801521276 70.52 805.96 931.8 5.79528 16
-95.011257469 43.4727517163 70.16 723.84 949.76 2.195 16
-93.9031384571 43.5086833575 72.96 775.84 943.6 2.515 16
-93.4884731068 43.5149247194 69.28 800.56 924.44 8.06383 16
-91.9159285202 43.5249128443 65.8 833.08 923.96 3.905 16
-94.4342520946 43.5325717152 74.12 754.04 944.96 5.00258 16
-80.381161111 43.5469052628 64.04 921.52 847.44 14.905 16
-84.9414183623 43.5571584788 74.84 812.16 951.12 33.15 16
-96.2356510165 43.6046855539 73.12 671.96 1004.16 3.1125 16
-94.6183906157 43.6163835054 73 740.48 943.64 3.1475 16
-92.1793910981 43.6371004595 64.48 830.16 930.16 28.565 16
-92.7913009579 43.6579563662 66.16 817.24 914.64 3.395 16
-97.4620914204 43.6883027997 77.72 593 1013.88 6.92487 16
-94.3913707457 43.6965496863 73.92 756.4 938.2 3.8725 16
-81.5119070488 43.7762783545 67.88 983.04 815.32 9.6 16
-96.6513014472 43.7879569007 69.4 623.2 974.56 3.1625 16
-91.6376577249 43.839532048 71 821.56 946.32 27.675 16
-97.3628098714 43.9515836325 70.32 600.88 969.36 4.86 16
-89.061059929 43.9634771955 71.6 791.68 933.04 16.9925 16
-93.9630720054 43.9976038769 69.24 759.8 938.96 4.3875 16
-98.4413550371 44.0012335126 81.2 537.08 1027.24 5.7875 16
-88.7448758363 44.0092653789 72.44 775.96 916.44 15.705 16
-80.5317832414 44.1384529425 52.64 993.36 795.68 24.495 16
-92.5945602303 44.1895338469 66.56 787.2 937.24 5.8075 16
-81.3054378302 44.2306053602 65.44 968 780.12 16.5025 16
-93.0843625671 44.2565371457 67.2 784.92 936.24 7.59 16
-97.9648457974 44.2576026297 73 538.04 998.4 6.19 16
-93.3405152194 44.2615265272 67 773.36 934.92 14.9 16
-80.8096538431 44.3132168674 58.44 1001.92 792.76 42.17 16
-88.5129329857 44.3599400887 67.48 780.64 904.24 10.7175 16
-104.493793385 44.4137729075 60.52 455.44 956.88 6.935 16
-80.2237787754 44.4580527773 62.08 887.64 836.16 16.8275 16
-80.7778834519 44.4900063685 61.64 965.24 799 30.6825 16
-103.804312233 44.4988412628 76.96 546.32 998.08 10.09 16
-89.5105518433 44.6147084311 62.64 822 904.16 30.8275 16
-90.0606542934 44.6444637757 58 832.88 903.84 14.9075 16
-91.2640903787 44.6733710643 60.32 823.16 915.04 11.6175 16
-93.8766306074 44.7134602293 64.84 740.56 926.32 11.3725 16
-97.8675468517 44.7543254332 64.44 522.2 952.4 4.875 16
-93.2766543245 44.7825499136 68.44 750.16 913.36 18.9 16
-90.4558872441 44.8542541267 51.76 830.76 882.4 18.0775 16
-92.3993908184 44.8847733684 65.16 802.32 924.96 15.795 16
-97.9109165577 44.9133085723 63.2 505.68 951.92 4.0325 16
-99.0652105029 44.9654203033 67 478.2 1010.2 3.4575 16
-93.8035595599 45.0917486409 67.88 740.84 941 15.1202 16
-93.6833978582 45.1257710703 67.08 751.4 936.64 16.2675 16
-99.6596156162 45.1870043868 62 455.2 989.52 4.26154 16
-123.083595505 45.1925516003 111.12 1056.4 1042.44 13.1675 16
-94.5970787348 45.2516251334 64.8 705.84 920.6 10.95 16
-112.650238585 45.267844845 59.76 249.48 993.32 3.64 16
-95.5622817434 45.3412193923 63 457.72 918.84 6.8575 16
-74.2319055531 45.3742210099 61.84 923.84 842.8 7.075 16
-94.7241669763 45.4194552086 61.92 701.44 910.08 8.6375 16
-113.540736771 45.4657802294 24.68 315 899.6 15.7475 16
-93.3546364492 45.6887467154 53.92 739.68 896.24 21.3775 16
-77.5201539693 45.9288208531 45.88 843.08 828.48 43.8298 16
-88.5941291372 45.9536706114 38.96 793.68 867.68 55.9422 16
-98.3374976757 45.9614833776 54.92 504.76 950.52 5.8125 16
-92.9069837108 45.9835664138 47.52 767.6 890.68 24.3005 16
-94.9400290281 46.0058357662 51.84 691.76 879.92 17.9 16
-97.5143318451 46.0776939676 54.84 495.8 930.44 9.45592 16
-72.6863950208 46.1524914023 53.2 1001.84 815.44 8.4175 16
-96.5490354437 46.2009959973 54.76 545.6 913 5.8075 16
-89.3935542254 46.3884444153 38.24 856.48 830.92 57.5675 16
-96.4025817807 46.4284809102 53.12 560.92 899.6 4.905 16
-97.8945448175 46.5257319573 47.92 492.4 919.44 7.9375 16
-97.4019697071 46.5315359264 52.32 491.76 925.96 12.5175 16
-95.9501178995 46.6311820043 43 615.88 851.8 33.2 16
-95.2632255716 46.6681243587 39.28 670.92 842.88 27.645 16
-99.6345890491 46.7175467766 47.76 444.76 914.68 9.75819 16
-96.3006220235 46.7465015583 47.52 570.08 877.56 6.1375 16
-96.5810965877 46.7894917275 51 544.92 891.4 4.325 16
-109.604297322 46.8187430006 34.52 552.04 821.16 42.6 16
-97.7902837184 46.8284535987 45.04 492.64 908.28 3.82732 16
-119.882426746 46.9104801857 103.16 182.72 1068.92 4.525 16
-97.8506588331 46.9889812639 42 495.96 897.76 3.6725 16
-98.2937098179 46.9924121116 44 486.96 897.92 5.47802 16
-96.3015009496 47.010249326 43.32 579 865.2 4.0225 16
-119.09585724 47.0499348736 101.96 197.32 1064 7.635 16
-101.721447829 47.058091458 52.28 438.8 931.4 3.9525 16
-97.0587161552 47.1425967326 48.88 513.24 896.92 6.53 16
-100.183998313 47.1651403987 44 424.24 899.28 6.98747 16
-119.75280495 47.2318985492 101.2 192 1051.32 6.4225 16
-101.973032695 47.3264697827 54.6 426.2 937.08 5.52 16
-97.9751037288 47.6088493844 39.76 504.24 867.72 3.085 16
-105.538413082 47.6642424413 63.96 348.48 996.44 2.2175 16
-96.3068666553 47.6921835393 41 559.28 858.56 8.6025 16
-97.3886889884 47.8059892498 39.16 498.28 844.64 7.7775 16
-100.574901237 47.931833898 49.84 420.28 924.8 5.5225 16
-99.0360196828 47.9414649537 37.6 449.16 858.72 6.2975 16
-95.6388444183 47.9623299084 35 568.28 849.96 16.4225 16
-97.9510068547 48.1355728576 33.48 482.08 841.88 6.09 16
-98.8789874215 48.1395166334 36.16 440.28 844.2 6.65195 16
-103.22884904 48.2642853252 42.72 387.76 889.6 2.2375 16
-98.0053170969 48.304172671 31.8 473.6 835.44 3.7825 16
-102.681488175 48.3450286723 37.16 403.08 875.88 3.64 16
-96.3448999646 48.4449982333 30.72 510.12 832.4 14.31 16
-101.467918656 48.4523489138 38.64 426 861.48 4.31282 16
-100.470806191 48.4858131049 35.92 420.36 892.04 7.955 16
-97.9657204111 48.4954887901 32 475 833.96 6.095 16
-101.038254205 48.5350705994 40.72 421.48 877.92 5.0425 16
-98.6992710944 48.5762129601 29.48 438.16 838.2 2.4825 16
-104.239879988 48.5775473192 46.88 346.44 936.08 1.825 16
-109.131854091 48.5912947834 56.72 316.72 971.92 5.1775 16
-100.672527908 48.6648302233 34 421.48 879.68 5.86364 16
-94.104028061 48.7453377292 25.76 661.48 767.36 26.0925 16
-100.563665215 48.7836013866 32.88 424.28 863.28 3.0075 16
-104.094487993 48.8103011553 42.64 347.88 919.92 3.87179 16
-105.772769302 48.8217470754 43.36 314 885.4 3.6225 16
-101.964759458 48.8240157992 33.32 403.72 856.24 4.8825 16
-101.436613807 48.8574900649 35.12 404.6 858.84 3.22 16
-102.342346146 48.8855969761 33 407.08 861.56 2.4575 16
-99.5404511316 48.9894229645 27.68 447.4 816.44 2.705 16
-97.3279302547 49.0414934055 29.84 498.12 809.52 3.96 16
-97.6009920733 49.059035068 31.68 489.36 814.56 6.1175 16
-101.711203154 49.0687003015 32 382.6 849.44 3.8675 16
-103.68940836 49.1366752997 38 358 870.4 2.97 16
-99.3040165216 49.1396578247 29.36 446.68 835.2 5.1125 16
-101.958185831 49.1778714612 29.76 397.08 841.88 3.16 16
-99.0534976809 49.250986623 27.4 460.36 825.32 3.4025 16
-107.710518004 49.2620989494 40.68 322.28 896.44 5.22 16
-104.391163219 49.3106004711 36.32 360.48 868.16 4.7075 16
-99.4938278827 49.3293815563 26.08 451.64 817.4 5.40253 16
-102.132410999 49.3823260753 26 408.08 827.64 4.3075 16
-103.130267501 49.4791084013 30.12 404.56 829.32 2.445 16
-101.692594347 49.4855333425 25 416.84 810.96 2.5125 16
-100.075038816 49.5376872253 24.28 451.72 812.32 7.385 16
-108.836802655 49.6803163908 22.48 431.84 778.64 5.3125 16
-100.942207471 49.6899168207 28.8 443.32 810.92 4.7 16
-98.4953489218 49.8279556706 27.4 465.84 794.28 4.3775 16
-100.182172273 49.8320385705 22.16 459.56 802.48 11.63 16
-97.4402613479 50.073778492 19 520.72 775.76 0 16
-104.311975328 50.19143591 26 389.96 808.88 0 16
-98.9718769415 50.3220104678 22.16 463.52 789.88 0 16
-100.462868733 50.4185784439 10.36 495.6 739.84 0 16
-102.981185189 50.4311267406 19.8 422 772.16 0 16
-102.365397806 50.4362753628 16.84 425.88 759.52 0 16
-106.961993746 50.4560761925 34.52 352.64 805.72 0 16
-104.210815327 50.5873829284 16.8 415.28 750.08 0 16
-107.375431656 50.7853902562 29.4 346.76 782.68 0 16
-102.519900847 50.8293898985 15.8 422.36 751.36 0 16
-105.637989525 50.8803010152 26.56 363.68 792.76 0 16
-107.489063116 50.9039056676 29.76 341.72 787.8 0 16
-107.370131028 50.9173665603 26.92 350.64 774.6 0 16
-97.1031756912 50.9535135175 8.64 545 744.52 0 16
-113.097159528 51.0023395443 36 377.44 828.8 0 16
-99.8209907256 51.0797190821 20.28 506 753.68 0 16
-113.094773437 51.1373766754 32.64 378.76 815.52 0 16
-112.445297917 51.147335026 29.44 360.84 805.6 0 16
-104.934180995 51.4082368752 22.16 378.76 749.08 0 16
-103.959154457 51.5038061824 10 419.72 704.2 0 16
-106.849339429 51.5452087916 25 342.64 785.68 0 16
-102.437749608 51.6252508139 8.04 430.32 718.56 0 16
-113.360988539 51.9026935376 23.88 419.16 768.8 0 16
-108.682237027 52.016326654 16.92 354.84 744.28 0 16
-108.403990718 52.15639324 16.56 357.04 745.28 0 16
-108.64763058 52.2264212871 14.24 364.84 728.16 0 16
-106.431094828 52.4325907078 18 371.4 750.92 0 16
-113.522910905 52.4883253392 20.4 448.64 727.28 0 16
-106.017086467 52.6816100819 17 386.64 746.72 0 16
-108.144017729 52.7563548053 14.32 378.96 715.76 0 16
-109.559271596 52.9327909194 12.52 426.52 706.24 0 16
-110.936122897 53.0003543963 19.2 420.48 734.12 0 16
-108.633301919 53.0491483649 12.56 396.96 719.92 0 16
-112.204746905 53.0672382374 22.16 427 714.6 0 16
-108.741336405 53.0792687029 13.16 398.64 723.12 0 16
-106.774319742 53.1744512084 10.64 406.36 720.44 0 16
-112.209027964 53.18977782 20.92 425.32 715.4 0 16
-112.317686012 53.2486969506 21 426.36 715.2 0 16
-109.685919644 53.256556258 14.72 430.8 711.44 0 16
-113.933470898 53.3839175116 26.08 484.12 738.36 0 16
-108.929884437 53.3998927354 8 427.64 705.08 0 16
-112.09131225 53.4141649922 17.96 420.76 720.92 0 16
-112.169767716 53.4731729093 18 423.72 719.12 0 16
-111.145858333 53.6217008973 13.32 436.64 702.84 0 16
-101.61527516 53.7165620542 2 446.16 669.76 0 16
-116.108873513 53.7749057805 18.8 571.68 737.28 0 16
-113.868980183 53.9295594747 23.12 488.6 701.12 0 16
-111.510822907 54.03618335 15 453.8 704.88 0 16
-110.585876304 54.3513167186 12 439.12 697.08 0 16
-114.03859522 54.3974304747 19.6 488.08 699.64 0 16
-113.376440729 54.5080339555 18.96 486.32 672.56 0 16
-112.99822121 54.6850921551 17.36 459.4 708.64 0 16
-117.709728053 55.8548361929 13 432.12 702.08 0 16
-117.759269801 56.1091908346 10.52 424.56 682.4 0 16
-119.798048528 56.2598971387 5.28 451.08 642.08 0 16
-123.458402398 57.3773039131 -34.96 521.32 499.68 0 16
-68.6578702418 -53.9898312784 52 451.12 556.32 34.5175 15
-70.0212871275 -53.1386660316 51.92 411.64 565.32 26.3125 15
-69.8717386507 -50.3132788546 67.88 152.4 788.12 4.405 15
-75.1937366396 -48.4591198804 69.3478 4404.17 531.043 19.0483 15
-67.9679553794 -45.9877383797 97.96 183.2 921.16 11.27 15
-67.6024407346 -42.607937985 85.24 172.48 1041.4 4.6425 15
-63.3518223141 -39.532834593 151.52 361.32 1322.6 23.9625 15
-61.9581673018 -35.6302077276 155 853.12 1344.76 8.08527 15
-57.8097788807 -35.5873552858 156 931.08 1228.32 20.425 15
-57.9846853761 -35.5809310968 156.76 944.56 1241.08 10.5975 15
-59.4978991473 -35.4070706643 160.04 991.68 1369.12 8.625 15
-58.8995913122 -35.2575038172 160 991.04 1329.08 11.0775 15
-59.1306657749 -35.2217614341 161.24 1005.6 1358.84 9.67 15
-56.1059954548 -33.354866272 173.72 1253.36 1345.64 12.31 15
-59.1883885154 -33.3414380882 173.48 1030.6 1349.44 24.73 15
-59.0726022587 -32.0212202572 180.92 1072.32 1422.52 20.475 15
-62.6462185582 -30.0853760618 190.48 859.44 1566.52 12.82 15
-59.1652524679 -29.4984223467 200 1095.8 1489 17.9675 15
-61.2576455852 -28.9911785279 203.64 949 1635.96 16.0675 15
-58.2766064638 -28.6371779093 206.8 1171.36 1512.04 41.11 15
-58.913549131 -28.5791733515 206.92 1065.32 1509.04 20.5225 15
-59.3538339969 -27.7410831427 209 1192.2 1533.24 24.595 15
-60.6239608375 -27.6873480003 215.56 1106.8 1714.92 22.87 15
-56.5927227327 -27.0206835164 222.24 1732.08 1530.68 16.6967 15
-57.4416872906 -26.467757446 223 1386.2 1554.64 23.1175 15
-58.9117965105 -25.461915726 224 1078.52 1700.56 40.1375 15
-57.3578147761 -25.0426246603 232 1374.36 1562.36 28.2624 15
-54.3785669182 -24.5312313179 211.72 1623.72 1601.32 15.6616 15
-48.2626085819 -24.5184774197 219.96 1508.48 1429.48 74.1025 15
-57.2665671294 -24.2683816976 228.64 1315.72 1558.36 25.6115 15
-57.8833497621 -24.1872938576 233 1110.24 1656.96 22.8625 15
-57.4764117361 -23.882046618 232.92 1245.76 1627.44 28.115 15
-58.8205574836 -22.9797624308 239.08 976.48 1752.56 13.345 15
-57.4658856461 -22.4634540592 239.92 1324.12 1658.36 48.7075 15
-59.4681220886 -21.8321733438 250 701.36 1796.76 9.9725 15
-56.2684633471 -19.1762799981 257 1302.04 1726.36 13.635 15
-56.0244697031 -18.8711908845 258.72 1322.96 1743.88 15.37 15
-50.2764123696 -18.7121919144 247.6 1464.96 1755.76 8.73563 15
-55.2710872717 -18.5385177084 259 1407.04 1784.72 12.97 15
-56.7525541499 -18.1477030713 260 1223.44 1744.36 12.2275 15
-61.326918954 -18.0770330132 248 837.12 1819.96 38.955 15
-55.4218274114 -18.0491032544 259.6 1368.48 1786.08 8.98 15
-44.4461470013 -17.6190376443 206.88 1273.6 1606.6 19.28 15
-51.0684508126 -14.0236209536 263 1561.68 1822.12 8.83 15
-51.1905852145 -13.8954302041 262.76 1562.04 1835.8 8.825 15
-66.244011231 -13.8670390276 259 1604.2 1790.08 5.505 15
-66.4836720533 -13.5411860244 261 1565.64 1797.68 8.9725 15
-65.8692120319 -13.337480064 262 1506.92 1830.12 15.2325 15
-66.2746408695 -13.1792332752 262 1527.88 1815 9.4575 15
-50.7044713864 -12.6349976883 269.92 1636.92 1860.68 28.8499 15
-64.0283393343 -12.5900341785 258.92 1489.32 1846.32 18.0754 15
-50.6277522163 -12.3905252628 271.16 1644.16 1867.8 31.3966 15
-58.3703755536 -9.45885456902 253.08 2054.12 1840.6 74.1126 15
-49.5368880443 -8.69286793578 264.04 1863.04 1921.56 39.5039 15
-62.5891642827 -3.51247684601 266.28 2587.44 1623.36 63.1429 15
-49.6736594458 -0.41266934537 271 2974.88 1549.04 15.299 15
-49.709677792 -0.12601115671 270.875 3058.13 1522.38 30.225 15
-67.5380806607 6.3674577268 282 2145.8 1769.12 13.78 15
-68.8989708002 6.71312234021 275.08 2343.2 1697.44 21.8175 15
-68.0586680919 7.02637147799 278 1858.56 1712.12 12.4325 15
-66.9464243899 7.41118459815 276 1697.52 1723.68 27.83 15
-73.7941807842 8.10921836611 285 2109.76 1797.28 21.6695 15
-75.0799669498 8.74971680038 278.64 1923.56 1746.32 31.4236 15
-74.5839405707 9.03662448895 279.28 2494 1803.6 25.2006 15
-74.7242090375 9.58429956155 279.08 1043.2 1863.04 9.88608 15
-83.2920290826 14.3610551214 255.48 2719.48 1303.04 41.8718 15
-71.3239000699 19.613152858 265.68 1032.68 1819 31.47 15
-73.1850025803 19.6504664911 255.462 995.769 1655.77 3.71186 15
-77.8222577879 24.1107187744 251.6 899.56 1317.72 7.21452 15
-61.1625845011 45.9410609802 58 1380.28 714.88 54.345 15
-54.1408056077 46.9669424402 51.5 1362.5 524.75 42.9721 15
-99.4088928538 48.3099645024 34.32 439.36 855.52 3.5425 15
-53.8643936689 49.0537087614 42.08 1041.32 614 56.6479 15
-121.6854215 50.0809212387 31.16 683.12 658.04 0 15
-85.1820209545 50.4970778339 -2 786.24 691 0 15
-83.94122362 50.9196175367 -3 727.56 675.68 0 15
-126.222390826 51.2968084823 61.48 1365.76 628.48 0 15
-126.238857917 51.3305346816 61.48 1365.76 628.48 0 15
-126.533351405 51.3354792773 40.52 1444.28 561.92 0 15
-102.477545935 51.7497490601 7.2 435 714.36 0 15
-129.195195478 56.6380741331 -9.16 681.28 532.12 0 15
-153.436255543 57.5082418868 39.92 1361.24 454.88 0 15
-156.931951462 57.5828350863 22.88 576 470.44 0 15
-136.226911316 58.4594739594 41.48 1869.32 476.16 0 15
-155.889569277 58.6884257745 13.12 641.56 486.64 0 15
-135.477601434 59.1244416698 1.16 954.56 481.56 0 15
-136.030521113 59.4210080263 32.52 1267.68 560 0 15
-137.594556296 59.4393166664 22.28 1580.32 544.28 0 15
-145.154573458 60.4566450998 36.8 2068.48 504.12 0 15
-147.966996017 61.6583675895 -28.16 589.56 449.28 0 15
-162.988058219 62.172892145 -20.16 450.64 404.76 0 15
-148.808477157 63.7196222838 -43.96 378.36 474.24 0 15
-68.510267422 -54.1920893141 48.68 476.56 551.44 18.57 14
-68.3049891231 -53.6141323327 59.08 342.72 579.6 10.3975 14
-70.7074027696 -52.4144063686 56.96 245.68 625.88 19.0225 14
-70.3434381309 -52.359050293 57.8 236.12 636.16 18.045 14
-71.2326813934 -52.290851595 57.52 303.72 640.72 12.18 14
-70.3692459067 -52.1042595243 60.2 215.84 666.04 9.6275 14
-70.38154713 -51.9313296297 63.76 202.8 688.48 10.1188 14
-69.1384376903 -51.5612510645 67.8 236.76 754.24 9.3325 14
-69.0313451421 -51.5244655677 66.08 232.72 739.8 14.6625 14
-69.8883532762 -51.4044407813 70.04 189.72 759.92 6.6625 14
-71.851141673 -51.2857848449 44.92 281.08 665.24 14.995 14
-72.4426530079 -51.0561863252 68.08 369.04 713.24 9.9225 14
-69.6068318097 -50.7311824971 67.12 170.4 778.44 3.9225 14
-71.8277334907 -50.5828183442 32.2 266.84 641.04 6.4775 14
-72.2402108689 -50.5297902348 32.6 380.48 628.28 4.81 14
-70.0482227787 -50.3471890848 67 149.96 783.04 5.2775 14
-69.0776332005 -50.2763514361 68.84 175.4 788.52 3.7675 14
-69.8060875688 -49.917483407 69.12 153.08 800.6 3.655 14
-72.6737216526 -49.7144158589 45.6 626.96 645.6 5.755 14
-71.5157379507 -49.6376126424 74.6 178.24 773.08 2.5425 14
-70.5475955473 -49.5944003524 83.48 144.88 830.48 1.005 14
-69.8021012087 -49.5680586993 91 160.64 862.08 1.9475 14
-68.067759406 -49.3402029555 88.68 228.28 857.16 6.5075 14
-69.9921014426 -49.2612073193 87.48 160.52 858.44 2.8325 14
-71.5988036336 -48.9130635008 64.64 225.04 748.56 4.645 14
-69.6369190861 -48.7127952987 88.6 176 874.28 4.36 14
-71.091078173 -48.6350307192 57.92 177.44 752.8 7.5175 14
-69.0407431878 -48.6208844686 100.04 201.84 908.8 1.2125 14
-71.7084526286 -48.4229954982 45.96 267.56 692.12 10.2825 14
-70.2871298387 -48.4061395321 66.88 161.32 807.48 6.85 14
-67.4410918601 -47.9245743294 103.32 220.2 901.36 1.125 14
-67.4159850205 -47.9122199725 102.44 219.12 897.92 1.05 14
-68.9403237826 -47.8826146413 83.68 210.24 871.44 4.6075 14
-70.4360823879 -47.7641579632 89.76 166.96 868.44 2.8675 14
-67.5120149558 -47.6819170146 105.24 218 907 1.04 14
-67.7589551093 -47.678647032 105.8 219.16 914.96 1.49 14
-72.0117246584 -47.5697745023 25.08 406.28 618.76 4.4875 14
-65.9162053491 -47.5622215729 100.76 198.4 844.88 3.0675 14
-68.1032663507 -47.543824054 99.64 217.92 909.92 4.1275 14
-68.0213535836 -47.5280377543 100.48 217 907.96 3.96 14
-66.9994574651 -47.3935941 103 207 882 2.1875 14
-66.9015892784 -47.3694336756 103.44 205.08 878.44 1.75 14
-65.9530105207 -47.2753681973 99.44 170.2 794.24 2.99 14
-67.4148367508 -47.2626573004 105 209.36 900.88 1.99 14
-68.9306310669 -47.1896676583 89.88 222.2 896.84 2.8025 14
-71.2736392744 -47.0033582826 34.32 232.2 684.08 7.9 14
-69.9447932856 -46.9846634494 97.48 201.68 915.84 4.4625 14
-67.9746000576 -46.8670163842 105.08 203.24 922.36 2.2825 14
-70.1243059441 -46.8624902666 93 183.16 899 3.6125 14
-69.428967394 -46.8578039228 94.72 220.08 918.48 5.0825 14
-68.8608057201 -46.4785016034 104.56 169.4 946.76 1.7175 14
-69.9179543666 -46.4339964402 102.48 191.96 937.68 3.43 14
-69.1533404669 -46.3768147195 97.4 180.6 932.8 1.48 14
-71.0443261185 -46.1685280543 58.2 227.12 764.68 7.15 14
-71.9795419854 -46.1527732247 20.12 626.12 611.12 15.315 14
-68.8519653424 -46.0856998583 91.48 153 920.28 3.8775 14
-67.8697176466 -46.0828161457 106.12 196.16 935 6.58 14
-68.2134474504 -46.0794885316 95.88 172.6 920.12 9.1275 14
-68.0540798307 -45.9994319864 94.6 177.12 915.44 9.9475 14
-71.0939670596 -45.9577246015 60.88 276.76 769.6 7.585 14
-68.7484312072 -45.872507897 100.56 150.68 949.64 3 14
-71.3929343078 -45.7653090762 46.52 418.64 715.64 7.8125 14
-71.5574328342 -45.6073046602 63.6 602.72 745.04 9.8275 14
-69.4531812714 -45.119881767 88.08 137.96 936.08 3.9825 14
-69.9179242008 -45.053343801 94.12 164.6 943.24 3.3825 14
-69.4095660142 -45.0447951343 78.4 134.44 908.76 3 14
-70.7599710916 -44.9818936982 78.36 288.92 861.56 5.0575 14
-71.1692176462 -44.8823094447 56 437.28 775.72 5.6375 14
-65.9124918507 -44.8771566088 126.08 181.8 976.16 2.845 14
-68.4464354663 -44.8267091671 100.36 156.16 985.24 4.32 14
-70.2824843447 -44.7731780647 90 188.2 929.04 3.0425 14
-65.9005083086 -44.7379456289 124.48 180.36 986.04 3.2875 14
-67.2047284137 -44.6898409075 117.4 185.04 1013.8 1.6225 14
-68.5680831456 -44.5249995863 81.8 150 945.64 4.16 14
-70.9292526184 -44.4684656567 63.96 306.24 831.16 6.8075 14
-65.9184079774 -44.431078645 119.76 181.76 1005.08 3.335 14
-65.2663440487 -44.3160342721 129.722 182.5 1019.22 2.84615 14
-68.3629592501 -44.2731632423 94.88 162.68 995.68 5.0225 14
-69.4338977351 -44.1249244654 80.96 143.2 955.24 3.425 14
-68.6522586854 -44.1005934658 103.84 171.56 1032.52 1.155 14
-69.6066178859 -44.0925680155 76.44 139.28 938.2 2.7975 14
-69.2417998024 -43.9377947966 101.08 169 1029.32 2.815 14
-66.4023514358 -43.788498129 124.2 176.12 1089.84 1.0125 14
-68.2656175617 -43.6294205953 117.72 184.16 1097.88 1 14
-67.0455131174 -43.5613881996 122.04 176.8 1105.8 1.8375 14
-67.8573518056 -43.5611535 113.92 176.6 1089.96 1.8425 14
-65.1485725995 -43.4720648558 131.7 183.5 1113.8 2.75676 14
-67.0632096685 -43.2694214119 128.04 178.32 1142.96 1 14
-67.6983472731 -43.2572331739 125.2 180.56 1139.28 1.03 14
-65.0966921258 -43.1978109261 133.08 180 1141.48 2.0425 14
-65.1565386615 -43.1723015331 133.64 181.08 1148.76 2.9675 14
-69.6481953827 -43.0713392759 78.72 163.2 987.84 3.87 14
-68.7512507942 -43.0559251212 94.64 168.76 1053.12 2.87 14
-66.05782889 -43.0476279491 130.04 179.08 1156.4 2.0075 14
-67.4337904013 -42.9562819942 124.36 179.44 1152.76 1.4325 14
-70.2311670985 -42.8131771705 68.68 209.52 948.36 4.505 14
-69.9747921577 -42.8023036252 68.56 187.76 954.24 5.4675 14
-69.7083440448 -42.7766693291 93.8 189.4 1051.44 2.9175 14
-69.085597768 -42.6601915979 89.96 172.96 1054.24 2.065 14
-65.1316564744 -42.5831736923 133.52 172.84 1154.56 2.075 14
-69.1015181085 -42.5551000378 88.16 173.92 1050.52 3.2025 14
-66.4319883538 -42.5432926647 125.56 179.64 1164.52 3.84 14
-66.2346378628 -42.4916552823 125.56 181.44 1164.2 2.6275 14
-66.9378375077 -42.4799350505 116.44 179.6 1145.12 2.32 14
-72.1839740751 -42.3331602297 78.4 1789.64 839.24 18.85 14
-67.8923899409 -42.2290766729 80.88 175.76 1041.68 3.8725 14
-65.7032234882 -41.8594103627 128.44 196.2 1172.28 2.2375 14
-67.8116256219 -41.6730828871 93 185.32 1104.56 3.4925 14
-65.0455962463 -41.6552932892 145.2 209 1189.16 3.4325 14
-67.08408868 -41.5176429547 82.56 194 1064.52 3.84 14
-68.5009973854 -41.2245994719 94.44 195.04 1128.64 4.375 14
-67.8899867754 -41.2087344605 104.48 189.6 1160.92 3.4875 14
-70.7005455728 -41.1972608116 77.64 479.44 984.24 6.955 14
-66.8838253567 -41.1877768508 97.88 202.64 1128.16 4.955 14
-63.8062307797 -41.1194069345 142.08 273.36 1174.24 7.6525 14
-70.2118821162 -41.0990907913 86.28 335.56 1044.52 3.9475 14
-69.8794811969 -41.0824447527 75.32 254.28 1020.08 4.0806 14
-70.5611937732 -41.062090495 74.24 424.48 982.24 4.855 14
-65.8362192561 -41.0338319189 138 224.6 1234.68 1.9725 14
-66.4029237776 -40.899762561 128.96 222.56 1235.36 3.22 14
-66.436526357 -40.8548459224 133.88 222.52 1255 2.8325 14
-70.9780946022 -40.8505229805 65.24 617.76 928.08 4.8425 14
-64.5782561021 -40.6659868348 147.24 257.32 1236.92 8.0675 14
-67.4724635099 -40.6525445144 121.92 196.8 1239.6 4.5225 14
-66.050966669 -40.6453057568 146.88 236.8 1294.76 2.8175 14
-71.3093636696 -40.5689380277 37.04 786.8 827.68 18.92 14
-69.0132027337 -40.3795290507 89.08 165.4 1108.92 2.825 14
-62.8513262709 -40.3676082411 143 352.52 1226.64 6.5625 14
-63.0749056586 -40.1742120835 145 344.72 1253.72 9.7375 14
-72.5608915312 -40.1332756273 111.6 1955.28 1012.08 42.15 14
-70.0769054706 -40.0861460687 109.2 269.4 1159.64 4.8375 14
-69.608948607 -39.9975753853 109.76 180.2 1174.28 3.87 14
-62.5928300687 -39.8462228388 146 393.48 1259.04 7.125 14
-70.4608789875 -39.745588829 92.52 333.72 1106.04 5.575 14
-62.7354646463 -39.7161610109 148.36 388.04 1282.6 6.5675 14
-69.242085637 -39.710959062 121.52 136 1224.8 2.77 14
-71.6184363605 -39.6404967494 65.76 1195.24 952.2 68.37 14
-67.971232439 -39.6343481806 125.24 165.28 1281.4 1.575 14
-62.2429395223 -39.6141005907 145.28 455.4 1241.56 11.19 14
-71.0508106312 -39.5764862451 76.2 651.8 1028.64 14.5725 14
-69.3918263885 -39.5388984307 129.36 142.92 1251.4 5.285 14
-68.9117833886 -39.4643328994 130.52 122.16 1267.64 0 14
-69.6814374162 -39.4145718656 124.2 170.84 1241.96 1.5 14
-66.3058163033 -39.3496224405 150.88 312.12 1404.8 3.8775 14
-62.4861221072 -39.1370737276 153 490.64 1291.68 8.6875 14
-69.0828707515 -38.9912837883 132.72 138.24 1270.76 1.31 14
-70.6794039636 -38.9675420907 63.32 541.52 1017.72 7.20151 14
-64.6132100563 -38.9603827299 150.24 324.44 1383.24 7.6375 14
-70.9685389678 -38.9011183047 75.72 779.32 1067.88 4.285 14
-60.8733928868 -38.7211831446 143 646.68 1220.52 5.33 14
-71.1231884774 -38.6560213922 99.16 1225.44 1175.88 8.5175 14
-58.559907503 -38.5445427283 135.875 882.875 1080.5 15.1675 14
-61.8134624631 -38.5232468771 145.4 652.36 1249.24 4.04 14
-63.0991985079 -38.4562922854 149.4 535.56 1332.6 6.555 14
-61.9968677718 -38.4185125912 144.64 668.88 1254.44 4.935 14
-63.1684884527 -38.3634122272 148.88 538.44 1338.24 6.9275 14
-61.6603746351 -38.3026610387 139.8 693.68 1236.48 4.09 14
-69.9340852688 -38.2889574488 132.8 188.88 1363.24 1.035 14
-61.364520064 -38.281917972 133.12 709.96 1216.04 5.3075 14
-62.5157777157 -38.233556209 145.12 661.8 1285.2 4.87 14
-61.057157472 -38.0180604892 139.04 740.2 1246.72 8.4475 14
-70.8700468226 -38.0158670236 79.72 859.68 1119.2 9.0075 14
-58.207355061 -37.95422914 136.64 828.4 1179.56 14.4862 14
-64.4376589397 -37.9258169508 147.44 437.16 1396.44 7.73 14
-62.0244413681 -37.9174332023 128.92 764.84 1220.28 7 14
-57.520019102 -37.7138866127 138.16 847.88 1126.88 13.26 14
-69.319973064 -37.5242947357 126.08 143.12 1352.88 2.08 14
-65.3348551902 -37.3438263149 150.04 453.52 1442.52 10.2925 14
-60.7316883831 -37.3262604898 140 822.36 1268.6 7.3975 14
-68.3670408466 -37.1924829523 135.28 180.16 1403.72 2.6125 14
-70.3413658428 -37.1613716464 102.76 402 1250.28 9.3525 14
-69.8865445488 -37.1607953379 98.2 263.36 1233.4 3.16 14
-70.2896478397 -37.1353129677 99.44 375.92 1235 4.725 14
-70.9291485114 -37.0981098832 47.28 818.64 974.48 7.6125 14
-60.2654612296 -37.0363551598 137.44 874.28 1269.8 6.095 14
-65.6804304968 -36.9678153478 149.84 490.84 1461.16 9.69 14
-65.5473296361 -36.8813552808 150.64 504.88 1460.08 12.1275 14
-62.9351162857 -36.8747578488 152.88 706.48 1380.28 3.3175 14
-57.6136766036 -36.7396993876 147 660.2 1211.36 18.23 14
-57.2215573909 -36.592779964 147.92 489.64 1149 23.345 14
-57.4743662671 -36.559595306 147.88 553.12 1199.8 18.1125 14
-62.4585506969 -36.498035856 155 769 1365.32 4.595 14
-59.848435107 -36.4716466397 146 941.48 1306.84 8.455 14
-71.0759101857 -36.4343304074 55.32 897.64 1001.72 6.0325 14
-70.7426115051 -36.3391702021 48.68 736.52 983.92 5.945 14
-68.6268889784 -36.3320346352 116.24 203.76 1327.52 1.88 14
-66.8261153472 -36.1200478399 157 384.36 1541.88 3.425 14
-65.4604637917 -35.9696085653 158 557.32 1504.24 10.285 14
-64.7734927639 -35.9553397203 158.08 612.72 1464.92 14.985 14
-58.2473418495 -35.9155712461 153.48 946.48 1271.88 9.4375 14
-64.5554371354 -35.8090633468 159.8 624.52 1463.44 6.9825 14
-70.1005891573 -35.7301887596 87.56 513.24 1165.84 5.035 14
-69.7963930774 -35.7166904816 71.84 432.72 1102.52 3.775 14
-57.7343158439 -35.3990944228 158.12 944.12 1215 11.2525 14
-69.7278595655 -35.2754185857 93.48 422.16 1196.28 3.64 14
-67.7825490389 -34.926333942 161.12 282.92 1517.52 5.9825 14
-69.3868421059 -34.9203074495 106.36 370.8 1263.44 1 14
-69.576883628 -34.8601002971 79.08 477.64 1133.84 3.065 14
-66.7076214479 -34.7686052011 166.08 401 1568.6 9.4525 14
-66.6182762162 -34.6676632018 164.76 415.72 1559 4.59 14
-60.0711054608 -34.5235634706 164.16 984.24 1396.28 9.0975 14
-65.4890839838 -34.0674446521 162.96 584.8 1509.96 4.3975 14
-59.5632152121 -34.0287279512 167.28 1016.52 1372.92 9.84 14
-65.9157761116 -33.8555767809 160.2 550.52 1493.24 2.4475 14
-65.9324224595 -33.8374124799 160 548.2 1491.12 1.6675 14
-70.0734775859 -33.6620084069 49.76 531.68 954 5.89753 14
-68.7556236297 -33.5777706728 138.4 292.64 1442.32 2.8275 14
-60.811846117 -33.557282061 164.56 926.8 1386 8.8 14
-66.9811982871 -33.4804959764 168.32 388.64 1521.76 15.1575 14
-67.6881103451 -33.271752876 171 251.04 1547.56 7.2575 14
-66.0630169012 -33.0739859999 145.4 577.16 1385.08 9.67005 14
-71.4734179135 -32.8215963475 139.16 368.88 1162 14.6025 14
-71.0763044605 -32.7867489991 135.56 346.64 1336.4 33.86 14
-65.4341578532 -32.7689045112 159.48 622.76 1427.36 4.4475 14
-69.2466310632 -32.6911250203 65.96 235.4 1035.76 2.97 14
-68.8068891064 -32.679737665 167 189.6 1490.12 1.185 14
-69.4819282006 -32.3882226821 47.72 233.92 950.64 2.3825 14
-68.0645182747 -32.3322524044 176.8 177.12 1555.24 1.205 14
-67.7061553552 -32.2191075377 180.68 217.64 1558.04 1.3875 14
-67.7622053558 -31.5609577234 181 183.68 1577.2 1.015 14
-68.7335876391 -31.4723238103 166.88 105 1569.12 3.4475 14
-68.4979839745 -31.4158116154 174.6 98.04 1602.76 2.485 14
-60.9630419685 -31.0335656775 190.12 943.04 1490.16 8.1175 14
-64.4190547956 -31.0031933194 126.24 688.44 1288.48 9.06 14
-64.9396298094 -30.9715554488 164.64 571.44 1441.44 18.5225 14
-68.7216810523 -30.8879506511 139.68 130.4 1445.6 1.1325 14
-66.3852625313 -30.57578177 158.96 397.76 1427.24 7.825 14
-68.5372732647 -30.5074243678 164.52 132.2 1578.8 1 14
-68.4701745109 -30.144016604 171.12 134.64 1610.56 3.3925 14
-65.055889298 -29.6405069674 209 458.12 1639.24 1.61 14
-70.7422286746 -29.387805334 81.96 58.56 1040 1.385 14
-70.369186125 -29.2863317996 61.48 58.56 975.4 3.405 14
-60.5150347039 -29.2146651716 200.16 1041.44 1578.2 26.4575 14
-63.714971696 -29.1148456709 198.24 665.88 1647.12 17.405 14
-63.6374984762 -28.9507452068 205.32 642.4 1685.44 8.2625 14
-64.3636654805 -28.8327448303 208.52 562.56 1679.96 2.61282 14
-64.7731029166 -28.6362164011 202.6 539.28 1631.76 13.115 14
-70.8898545199 -28.6232475763 162.96 51.72 1339.84 1.0075 14
-49.3399681914 -28.379213443 190.64 1457.4 1367.36 41.505 14
-71.1351530817 -28.0993741436 174.56 36.6 1237.12 1.93878 14
-65.0671331497 -28.092963039 197.96 634.72 1587.56 7.09 14
-70.083288514 -28.0023462327 86.44 33.96 1044.84 1.1725 14
-67.1855534776 -27.2095816332 78.16 127 1099.2 1 14
-69.4963893781 -27.1263156887 93.28 35.96 1008.92 2.1075 14
-67.2339599754 -27.0468988969 70.72 118.2 1066.28 1.0425 14
-67.9393946951 -27.0233688642 56 88.16 980.88 1.065 14
-66.6508146602 -26.9447952956 109.28 136.8 1233.4 1.045 14
-67.0880322197 -26.6947021098 54.76 116.92 1011.76 1.01 14
-69.5275039789 -26.4754160388 108.36 21.84 1014.4 1.4775 14
-68.6722126674 -26.4751227537 2.6 73.96 768.8 4.185 14
-70.216972 -26.4635617883 163.88 16.76 1285.72 1.795 14
-65.2627271125 -26.2494745641 194 454.32 1515.64 9.075 14
-67.2433228976 -26.2226209439 70.4 86.28 1079.96 1.1575 14
-62.4090774005 -25.615222499 222.12 637.64 1760.16 26.8725 14
-68.6669692732 -25.5691782753 49.56 33.36 974.84 2.87 14
-49.2520615553 -25.5323197658 169.72 1308.92 1276.24 5.91 14
-64.0019856532 -24.8690068941 215.76 676.48 1687.36 12.5725 14
-67.403548563 -24.3595304335 84.88 55.24 1229.48 1.05 14
-66.3668127488 -24.1960641223 65.96 112.12 1181.24 1.2475 14
-65.8836587687 -23.8997207475 62.52 147.24 1192.88 1.505 14
-65.5555541891 -23.7248855227 94.92 191.24 1337.28 2.635 14
-63.1498549844 -23.7167224669 230.04 735.92 1762.24 22.7 14
-46.255797886 -23.4825372311 177.72 1404.96 1267.84 17.8175 14
-65.7595642441 -23.2156686961 62.72 161.44 1239.16 1.12 14
-65.0847121471 -22.9819671367 82.72 247.6 1335.96 1.22 14
-69.1241887008 -22.3596277393 116.28 19.72 1318.56 2.085 14
-65.7931325231 -22.1351921791 93.16 234.2 1439.08 1.555 14
-62.7476571874 -21.8748717391 234 642.2 1750.32 7.0875 14
-68.674779132 -21.6808399564 81.04 33.6 1228.76 1.4725 14
-57.4741679311 -21.2794574315 249.68 1256.52 1709.64 31.89 14
-68.9945936248 -21.1252473653 98.76 28.4 1281.92 1.5375 14
-61.1134622732 -20.8051996379 245 577.84 1808.12 33.32 14
-44.7261215531 -20.751332565 196.12 1620.24 1524.24 14.0875 14
-65.2091177135 -20.6326021518 162.32 469.72 1571.96 1.7025 14
-69.1287629196 -20.2975859568 95.88 46.28 1287.12 1.05 14
-67.7509046277 -19.6483826605 76.68 204.36 1252.48 1.255 14
-65.5254454352 -19.4964368545 112.4 467.32 1358.68 1.015 14
-60.9912376157 -19.2555100403 248.92 617.96 1831.84 32.9425 14
-68.9643527297 -19.1748489503 19.6 212.36 1000.52 1.1675 14
-70.0437283477 -19.0663812918 163.8 1.64 1325.48 1.235 14
-66.233643639 -18.385709196 100.28 462.6 1334.2 2.6475 14
-62.3907893867 -18.2770130789 247 704.92 1806.96 25.31 14
-69.6512745376 -18.2247675336 113.56 122.4 1415 1.51 14
-69.8064069797 -17.8483954215 44.6 259.64 1135.28 1.54 14
-68.0647052031 -17.7022423963 72.68 325.12 1281.24 1.01 14
-69.6462695458 -17.5020218987 22.52 400.04 1003.88 3.3775 14
-69.0648030056 -17.500712308 73.6 389.52 1260.4 1.035 14
-67.4004709593 -17.2248653277 77.56 484.88 1276.36 1.0525 14
-70.5165683194 -17.2167231693 61.68 250.08 1176.44 1 14
-69.8998767426 -16.5471394186 30.4 641.48 966.6 1.37 14
-54.6249441797 -16.4777081966 248.4 1530.84 1804.12 7.2925 14
-68.635743322 -16.3454215832 75.68 709.72 1136.04 2.24 14
-70.5682270174 -16.220530991 8.64 622.96 903 1.005 14
-45.0469200102 -16.2121526653 234.32 1082.48 1915.12 28.0904 14
-42.0522914185 -15.2834658883 209.8 732.84 1574.92 22.5875 14
-56.0459317582 -15.1906861804 236.36 1408.04 1663.24 20.4775 14
-74.9043335896 -15.0525520473 191.16 11.44 1789.52 1.355 14
-74.6604541737 -14.9232072374 164.04 86.72 1672.72 1.455 14
-74.6396679755 -14.797549654 124.76 255.84 1476.92 1.065 14
-71.833031002 -14.1991729731 65.28 869 1216.8 5.805 14
-71.5670164198 -13.2777503686 93.92 617.6 1304 15.195 14
-75.4335005401 -11.5514654219 37.92 900.52 973.72 3.6425 14
-41.0526422822 -11.1590616411 222.36 511.8 1592.92 2.4625 14
-48.4371800506 -10.7232705326 262.36 1616.36 1860.68 9.40327 14
-75.6269777489 -10.6173694846 97.52 1092.36 1263.72 17.765 14
-50.3338444688 -10.1617078317 271 1866.56 1915.2 17.3133 14
-42.7267145007 -9.32235716886 265.04 687.72 2018.72 18.71 14
-38.5298375128 -8.3863648587 246.16 565.12 1670.96 2.7925 14
-36.9025109944 -8.08485934895 227.4 566.96 1530.36 18.8075 14
-41.3846898933 -7.91761596924 267.92 691.72 1853.56 9.3475 14
-38.2056727362 -7.6225184984 238.32 833.84 1622.36 13.605 14
-78.1098602898 -7.59553483308 152.08 669.04 1554.84 5.43 14
-37.0881989253 -7.21522151568 217.2 633.8 1465.2 19.0625 14
-40.4410381903 -6.96898981218 245.08 564.04 1685.92 7.4725 14
-77.7004536377 -6.87328196878 116.68 1224.64 1340.56 48.4319 14
-40.2036160757 -6.63057305537 245.96 445.24 1669.96 14.235 14
-37.9462877459 -6.46419847718 259.16 850.32 1727.24 4.5475 14
-38.8017664889 -5.74793673067 272.48 746.72 1754.88 4.2525 14
-79.7970339702 -5.50751134514 227.2 372.44 1752.16 15.225 14
-79.6474766388 -5.48845830107 210.6 558.76 1686.56 39.7775 14
-41.0877916448 -5.01130604184 255.88 763.76 1795.64 4.67 14
-41.1474112099 -5.00486452335 252.68 793.84 1783.2 8.9075 14
-39.8545300488 -4.2170913264 254.36 724.28 1683.84 5.07 14
-41.2122498819 -4.15533111257 263.88 1015.72 1855.36 11.845 14
-41.1695470348 -4.14210987131 262.28 1002.8 1847.4 7.71 14
-80.7538479393 -2.28646342566 240.16 178.6 1266 1.145 14
-79.1643682548 -1.75839629242 185.6 1472.48 1336.64 20.03 14
-79.5041762708 -1.4332305587 254.4 1991.08 1597.16 23.1625 14
-74.5841931958 1.0208778927 256.6 2714.52 1628.52 46.64 14
-77.3381965316 1.60123565259 226.68 1759.88 1598.76 15.455 14
-60.8302277903 2.8578394248 271.92 1594.04 1754.44 7.165 14
-60.1310222947 3.7737744986 271.96 1230.36 1707.4 7.1325 14
-60.0151090036 3.78527825036 271.2 1236.2 1690.24 6.2325 14
-77.3778154794 3.94662958793 259 7392 1411 45.5 14
-63.754219722 5.79079259247 200.96 3028 1494 59.75 14
-72.6820513601 5.90602647946 58.12 2118.92 821.2 9.9275 14
-72.7536844234 6.10704262425 73.8 1709.56 902.88 11.575 14
-74.3290739119 6.2558021301 276.32 2526.16 1760.96 25.195 14
-72.6768360373 7.25274738166 103.88 1115.16 1029.44 22.38 14
-63.7740594716 7.87855701992 274.04 1113.32 1737.6 3.9375 14
-75.0090342073 8.21261889091 279.84 2885.88 1764.04 17.8125 14
-71.6303588879 10.6194121647 281.88 413.96 1619.08 2.31 14
-69.9775610816 11.0167546974 266.4 549.8 1652.76 12.795 14
-70.6574662987 11.0545436806 277.24 565.16 1628.52 15.78 14
-72.0139977052 11.4514378037 284.96 582.2 1649.4 8.7425 14
-72.0333625046 11.6907551244 286.72 445.64 1671.2 3.4175 14
-71.5788932886 11.7577302226 284.52 353 1623.68 1.3025 14
-97.5906194549 18.7395984044 161.08 467.68 1629.52 12.43 14
-87.6525992323 19.4662454541 260.96 1273.24 1652.96 25.965 14
-72.9062964883 20.0551503041 251.12 1275.12 1586.76 27.8852 14
-100.529704939 20.0824960442 175.2 766.88 1636.88 5.73143 14
-99.4854246461 20.7704806687 198.2 458.68 1798.12 8.695 14
-99.7074187918 22.2863042116 211.88 505.52 1726.36 6.23 14
-101.147719613 23.1171851121 171.24 390.48 1646.64 6.4 14
-78.3255356221 24.7001654883 250.409 1178.41 1288.32 6.43243 14
-103.100486099 26.3117599587 203.92 229.2 1753.72 1 14
-104.199269566 26.6568705394 192.52 299.48 1767.2 1.3725 14
-102.642474463 26.9670197291 194.92 269.08 1626.48 1 14
-103.860946043 27.093276779 185.24 348.04 1620.44 1.1125 14
-80.2731897993 27.2132580375 231 1364.9 1458.75 13.524 14
-102.209012593 27.2943548361 201.28 290.88 1649.12 1.16 14
-102.884414266 27.7918340279 194.52 271.52 1590.44 1.385 14
-105.736335335 29.2869903955 183.68 273.72 1642.56 1.0025 14
-111.533499446 29.5475753619 217.04 252.52 1769.96 6.19 14
-115.142038661 29.7381352633 188.6 124.64 1696.52 1.49 14
-112.485728712 30.1761749618 194.96 211 1697.16 1.03 14
-115.450823063 30.2957515187 176.4 167.24 1607.24 1.24 14
-112.207200526 30.6417364767 210.16 196.56 1842.24 1.5025 14
-111.497888307 30.7438977908 195.52 363.08 1752.96 7.7975 14
-106.583185682 30.7997407099 174.48 223.48 1746.04 1 14
-112.941295433 31.0953709414 214 122.64 1764.44 1 14
-102.763558143 31.1248967238 185.6 317.56 1664.56 1.33 14
-104.670723971 31.1633428808 171 287.32 1621.68 1.095 14
-111.830616992 31.1740663337 192.76 339.52 1730.48 5.03 14
-103.281303138 31.3381861062 182.4 290.84 1705.4 1.0025 14
-107.081713717 31.340634287 175.84 201.76 1724.92 1 14
-103.35111487 31.3683356593 182.68 288.48 1713.84 1 14
-103.803723259 31.4744064442 179.08 298.32 1678.28 1.0125 14
-107.011353026 31.6260285302 169.96 216.84 1660.76 1 14
-103.642125668 31.6494619588 182.16 286.72 1695.92 1.2825 14
-116.005671989 31.7990643918 135.92 319.8 1320.48 11.05 14
-104.127550302 31.8383539338 173.96 303.96 1593.16 1.0125 14
-104.46717887 31.9355893985 169.4 279.76 1538.68 2.435 14
-103.110890084 32.540613022 165.08 385.24 1524.76 1.2725 14
-113.798791344 32.6244900215 230.64 106.6 1742.48 1 14
-106.09977897 32.635757018 160.48 249.24 1599.76 1 14
-101.97445136 32.6448356297 165.76 447.52 1521.36 1.925 14
-114.831207453 32.6927494731 225.24 65.64 1869.52 1.135 14
-111.517733137 32.8114138114 211.96 298.56 1832.2 1.525 14
-111.704666513 32.9363107715 210.28 252.44 1842.72 1.02 14
-114.502147022 32.9995432 227.96 86.76 1782.6 5.91406 14
-116.487361833 33.0786874512 142.16 490.36 1410.56 2.88 14
-106.460326721 33.1386712687 155.92 231.72 1589.24 1 14
-114.698274385 33.5991750115 226 78.04 1789.36 2.615 14
-117.397387449 33.7095892574 169.56 350.24 1449.92 2.545 14
-115.406171938 34.1283936244 222.2 95.64 1652.56 1 14
-115.59116995 34.2726292824 220.48 90 1687.4 1 14
-119.658232575 34.9633524748 145.84 500.12 1344.28 1.0275 14
-111.31122988 36.2092758323 121.4 172.76 1322.8 1 14
-111.129687097 36.2449689462 121.16 173.36 1316.48 1 14
-109.904042903 36.5697155103 117.88 224.16 1294.92 1 14
-110.509302619 37.557707298 131.68 158.92 1347.76 1 14
-118.906535605 38.0143805662 71.56 287.28 1104.52 2.60458 14
-110.461482806 38.7802292837 111.68 168.48 1366.28 1 14
-112.892082304 39.2482521316 102 194.08 1306.76 1 14
-112.877351039 39.3510804426 101.64 190.04 1295.08 1 14
-121.524958547 40.4740845101 27.32 1143.96 785.6 20.83 14
-113.743835382 40.8399460313 103.76 172.84 1149.68 1 14
-118.76301727 41.1229919476 107 195.16 1281.28 1 14
-103.209569525 45.5906081816 64.08 407.04 1010.68 8.175 14
-105.048707055 46.2196681005 64.16 356.56 1020.48 2.8675 14
-118.805232916 46.8548713967 99.52 227.6 1086.24 2.835 14
-104.172499193 47.3177529088 59.04 357.56 974.36 4.815 14
-107.4252423 47.3257782184 62.6 336.72 1005.6 3.6875 14
-107.293185152 47.5323972864 57.76 334.8 986.08 5.265 14
-92.6753191718 47.5929763789 29.08 694.12 807.24 33.7974 14
-107.987856164 47.6358585 63.28 324.08 1019.28 1.245 14
-107.027778168 47.6909435723 63.96 307.48 1020.36 2.07885 14
-106.25698485 47.7520059481 66.52 306.92 997.68 2.69506 14
-108.791007174 47.7538816112 61.76 371.64 992.76 13.9725 14
-106.066109563 47.7620015741 62.24 319 975.64 3.155 14
-107.148709072 47.9365079022 57.64 307.52 982.88 1.395 14
-104.681353306 47.9436170701 54.6 354.48 981.36 3.7475 14
-75.1420745692 48.0381020865 10 1050.92 684.92 51.1722 14
-107.483361326 48.0392782134 55.04 310.76 980.72 4.22 14
-107.558526597 48.1088034084 56.44 299.96 992.72 2.5925 14
-107.229920376 48.1200681588 54.76 303.48 969.4 1.185 14
-108.994418487 48.2514514114 55.88 380.72 942.04 5.1675 14
-65.6861255478 48.659437657 14.08 1139.68 581.56 42.07 14
-104.663803841 48.8100370264 47.12 330.52 944 3.9375 14
-123.261322139 50.2083638324 -2.16 898.44 548.04 0 14
-115.029132676 50.3462131314 -25.68 682.28 536.76 0 14
-122.769957845 50.4663100305 16.24 677.12 628.04 0 14
-122.315602015 50.5012450314 -9.64 661.84 533.48 0 14
-125.309046799 50.5668315503 45.88 1264 633.68 0 14
-106.635644302 50.5904781704 34 351.6 799 0 14
-124.053490426 50.6969069392 16.4 819.28 629.72 0 14
-124.290388654 50.7102668213 7.28 836.44 591 0 14
-74.5515070922 51.1636779252 -15.08 859.68 573.24 0 14
-126.573906379 51.2324252833 45.2 1512.36 563.72 0 14
-123.880163214 51.2577595612 -15.84 550.16 567.48 0 14
-115.461539891 51.3386076961 -35.44 633.84 504.4 0 14
-116.360841332 51.6153973981 -18.36 663.8 561.04 0 14
-60.4341058441 51.6970646512 -12.12 1129.68 511.12 0 14
-122.398412944 51.8140075724 60.2 336.44 847.88 0 14
-123.625945468 51.8419716917 15.96 359.16 754.64 0 14
-69.0848562723 51.8427039271 -30 972.2 530.48 0 14
-116.653277063 51.8906912543 -36.72 688.28 481.56 0 14
-126.85210399 52.0353235532 39.76 1618.48 563.56 0 14
-117.759493773 52.0732577538 -30.96 741.64 486.2 0 14
-117.901030665 52.3499749029 -10.88 658.88 566.6 0 14
-90.6265660659 52.393402295 -17.16 682.12 597.24 0 14
-117.976781986 52.5370309132 -18.32 649.2 534.56 0 14
-127.430215572 52.578735699 59.16 2600.36 566.68 0 14
-118.919648527 52.9166366252 -6.2 726.16 561.96 0 14
-128.246563985 52.9833436902 45.6 2351.12 510.24 0 14
-126.532881575 53.0823670595 14.6 828 567.64 0 14
-65.3006316905 53.164055347 -42.56 854.44 508.04 0 14
-55.9221338976 53.3399261517 2 972.56 438.76 0 14
-127.276924566 53.3415629691 25.96 1214.56 565.56 0 14
-119.425188896 53.5008622526 -14 739.2 515.88 0 14
-128.558232595 53.5878244615 32.56 1884.04 514.72 0 14
-129.319936946 53.7818542964 48.44 2314.84 527.88 0 14
-67.1944464189 53.8739292758 -46.24 854.52 461.64 0 14
-67.1559831684 53.9196036084 -49.12 862.24 452.16 0 14
-120.58158744 53.9851579021 1.44 804.24 594 0 14
-129.135106655 54.0951612459 24.52 1724.28 498.48 0 14
-63.140684955 54.1302118469 -41.92 874.68 474.28 0 14
-68.8027475483 54.1943148535 -48.88 827.04 440.24 0 14
-70.0135169984 54.1952295335 -49.76 799.88 428.88 0 14
-128.282722248 54.2034724347 14.56 1183.2 523.8 0 14
-127.655657421 54.4020264819 14.2 797.28 570.8 0 14
-78.7983970262 54.4299553752 -39.84 581.92 457.96 0 14
-129.515619691 54.4936844127 46.2 1854.28 556.16 0 14
-127.520270602 54.5342316814 -11.84 729.96 502.52 0 14
-78.406377441 54.6153538595 -43.28 613 444.96 0 14
-59.951534212 54.71779075 -12.6 857.68 467.84 0 14
-65.3707876693 54.7656860413 -47.52 739.2 459.48 0 14
-164.042729863 54.7918053589 12.72 983.6 344.56 0 14
-77.5193717522 54.8616685534 -48.76 663.84 425.56 0 14
-163.215152447 54.9230506355 32.2 962.05 386.2 0 14
-129.205920445 54.9614918206 16.04 1215.64 522.08 0 14
-162.718454824 55.0504266324 25.44 962.92 377.72 0 14
-76.663936669 55.0775285597 -49.72 656.68 419.8 0 14
-128.581579054 55.1756773795 -3.24 854.52 509.64 0 14
-62.7626550102 55.2452480294 -57.08 847.88 407.16 0 14
-71.5144254668 55.388229715 -54.12 681.28 403.36 0 14
-72.5793049255 55.5140335158 -59.24 688.52 387.48 0 14
-63.8039935569 55.6430946689 -57.76 716.88 411.16 0 14
-71.8371260523 55.7533286403 -58.2 666.96 389.64 0 14
-127.813550948 55.7689826482 -7.92 570.88 550.4 0 14
-63.7593928789 55.7719165072 -56.96 704.16 411.2 0 14
-70.5808197627 55.8747296205 -58.76 678.08 395.2 0 14
-62.8912821398 55.9268727505 -50.36 746.28 414.16 0 14
-131.058796963 55.9372975043 36.32 2065.72 530.76 0 14
-64.3493771709 55.9526150922 -55 642.16 419.92 0 14
-69.9082938537 56.0214492655 -63.4 696.36 388.8 0 14
-76.319645293 56.149290449 -51.04 561 396.16 0 14
-67.2948987342 56.152736904 -53.56 645.96 419.68 0 14
-63.0499040953 56.2136964304 -54.28 732.16 400.64 0 14
-159.566910119 56.2143459831 4.88 669.16 364.8 0 14
-69.6388143745 56.2183619305 -63.72 681.8 389.56 0 14
-72.0335674125 56.2383024337 -61.52 641.52 378.28 0 14
-69.6116480344 56.2635434266 -61.96 668.8 394.84 0 14
-63.6234184183 56.2670948006 -54.88 674.24 403.72 0 14
-107.403036263 56.3146351879 -12.8 453.24 592.8 0 14
-126.4362937 56.3209054531 -27.88 493.52 518.08 0 14
-99.9027174188 56.3473810628 -32.08 478.36 585.04 0 14
-78.7216968025 56.3911617575 -54.8 505.48 392.8 0 14
-70.0065682823 56.3973779279 -58.28 633.8 398.36 0 14
-72.6419802853 56.4024106192 -59.24 611.32 379.4 0 14
-127.211811109 56.4204754874 -22.88 497.96 531.08 0 14
-132.06888956 56.4301685778 24.08 1796 495 0 14
-68.9923494355 56.4408262255 -62.92 665 395.48 0 14
-159.804066201 56.4744462921 27 653.32 417.32 0 14
-129.108066836 56.5340805298 -15.56 690.64 508.08 0 14
-76.1525073541 56.5748449315 -57.52 553.4 375.92 0 14
-69.7704471307 56.5805547014 -58.24 620.52 401.84 0 14
-69.6103648228 56.6156155107 -58.92 621.56 400.88 0 14
-64.9817607332 56.6200166197 -60.8 602.6 393.2 0 14
-106.127681075 56.6797335211 -20.72 478.16 572.36 0 14
-72.9010741645 56.6799229376 -61.84 598 368.68 0 14
-72.7675881935 56.7102702919 -62.44 598.08 367.84 0 14
-75.3581315372 56.7192243908 -59.36 556.6 370.44 0 14
-134.812454906 56.7541438935 46.84 3187.16 473.6 0 14
-76.2503826817 56.7667284443 -62.08 554.52 363.64 0 14
-70.8048938483 56.7899015068 -62.76 615.16 378.12 0 14
-127.075825474 56.7935961787 -21.04 479.68 549.96 0 14
-75.7495244822 56.7988188704 -59.72 548.04 367 0 14
-63.2997940399 56.8366760206 -65.04 728.76 363.64 0 14
-65.8669333404 56.8516884925 -56.92 575.56 401.08 0 14
-63.7188769036 56.9935516741 -65.12 678.12 363.96 0 14
-71.9881899912 57.0108474779 -64.24 591.4 364.16 0 14
-73.4974409058 57.0265136298 -65.48 581.88 356.12 0 14
-158.147980451 57.0279799166 14.24 520.28 411.44 0 14
-128.550943777 57.1155386494 -30.8 541.32 495.76 0 14
-127.44928923 57.1393815559 -38.36 491.68 487.76 0 14
-72.21227319 57.1547559717 -65.64 584.92 357.8 0 14
-107.97091472 57.2048525626 -20.04 436.68 569.32 0 14
-73.7690258172 57.2611577291 -64.04 553.36 354.76 0 14
-73.6347482907 57.2617681888 -63.12 549.4 357.44 0 14
-73.359604052 57.2620451354 -65.56 563.76 352.52 0 14
-95.291299584 57.2651034449 -58.88 471.76 483.24 0 14
-127.969571848 57.3939370375 -37.2 497.96 491.08 0 14
-94.8230241846 57.5472726661 -64.64 464.4 456.72 0 14
-131.032978601 57.5514907943 -8.48 601.52 542.28 0 14
-127.05185345 57.582269168 -40.8 477.84 489.44 0 14
-72.2369400963 57.6072881138 -66.76 554.4 350.72 0 14
-63.702145906 57.6180436259 -70.08 675.4 334.96 0 14
-73.8816011564 57.6833720215 -66.24 529.04 344.28 0 14
-130.491757298 57.6863757415 -13.04 489.12 556.24 0 14
-131.197661761 57.712786635 -35.36 666.36 446.72 0 14
-61.7649286748 57.7199210967 -42.0526 716.158 379.895 0 14
-126.835193215 57.7252486148 -27.2 465.08 540.68 0 14
-70.3105650708 57.7405650133 -63.96 548.2 369.68 0 14
-105.043191525 57.7604590296 -35.32 491.4 530.96 0 14
-73.368061436 57.8266751773 -64.76 517.92 347.16 0 14
-72.9477135695 57.8621026378 -63.8 514.08 351 0 14
-128.559785415 57.8732905284 -33.2 489.48 509.84 0 14
-110.014539156 57.9072308869 -19.56 419.2 589.56 0 14
-108.09420324 57.9272626571 -27.88 424.6 550.04 0 14
-101.172430393 57.9528593248 -52.16 445.24 482.08 0 14
-94.2252412697 57.96553045 -67 439.4 434.28 0 14
-155.614810326 58.0008463605 1.48 765.44 427.96 0 14
-65.5653580045 58.0047561672 -53.16 485.4 379.6 0 14
-124.88506068 58.0594460202 -58.24 501.92 437.68 0 14
-70.4136540319 58.0612125971 -66.08 531.24 358.36 0 14
-67.1624712759 58.0618420399 -55.88 497.28 389.88 0 14
-67.5674996725 58.1317550513 -56.72 500.48 391.08 0 14
-109.367437562 58.1450397615 -23.04 407.12 571.4 0 14
-63.3784576781 58.1858194652 -63.96 632.96 331.44 0 14
-64.9206802942 58.2069000321 -71.44 575.28 325.72 0 14
-68.2436691328 58.2136906401 -56.2917 500.042 402.375 0 14
-64.2301854989 58.2496277499 -77.48 637.92 305.88 0 14
-75.8550056861 58.2515751111 -69.16 465.68 329.24 0 14
-132.121763309 58.3002016517 3.64 660.36 568.6 0 14
-77.1973613726 58.3190871129 -68.4 425.56 330.68 0 14
-70.4644918314 58.4137588654 -65.56 501.68 352.96 0 14
-71.7919396086 58.4227092146 -63.88 480.84 346.72 0 14
-104.542053727 58.4520356685 -40.76 476.64 517.4 0 14
-125.978504537 58.4525272407 -50.88 488.64 463.96 0 14
-64.1433152145 58.4732694236 -81.72 650.44 289.56 0 14
-105.048076482 58.476522923 -40.76 459.12 529.08 0 14
-72.4717212275 58.5456181899 -67.64 485.24 336 0 14
-69.9852995702 58.5910005518 -58.28 457.56 368.8 0 14
-126.001610501 58.5991614496 -35 481.48 514.32 0 14
-135.625831783 58.6185738927 21.52 1317.72 477.32 0 14
-66.4469874882 58.6309064364 -55.88 452.64 364.92 0 14
-127.383000563 58.634040824 -51.8 482.72 470.8 0 14
-73.6968570684 58.6520212023 -70.28 481.64 325.68 0 14
-63.5009174798 58.6636726399 -60.96 577.56 324.68 0 14
-70.2397495486 58.6751447005 -64.08 474.32 352.36 0 14
-64.1929720758 58.6841720698 -67.68 561 314.92 0 14
-74.4886313963 58.7315030849 -69.24 462.08 325.2 0 14
-101.055950735 58.7352979944 -62.64 417.76 452.16 0 14
-68.9508863835 58.7601406942 -60.04 465.56 370.64 0 14
-70.868668573 58.7783436439 -66.36 474.24 341.52 0 14
-133.743507743 58.8072686228 22.84 1191 554.68 0 14
-73.0776955335 58.8134729429 -69.52 473.2 325.6 0 14
-135.006697465 58.8156677446 38.96 1224.12 534.36 0 14
-110.056713733 58.8170419368 -22.48 376.08 580.6 0 14
-108.788010989 58.8379782176 -28.64 379.32 551.6 0 14
-137.68917787 58.8396394094 4.8 1892.28 442.88 0 14
-133.868824913 58.8855204994 7.84 928.6 523.08 0 14
-95.8567538284 58.9127593801 -75.72 419 420.16 0 14
-108.865113013 58.9510042571 -27.56 371.24 554.12 0 14
-64.208617746 58.9651645317 -60.28 505.24 318 0 14
-69.646216877 58.9980302513 -60.04 440.44 358.56 0 14
-133.88571855 59.0158374802 -4.92 704.64 505.92 0 14
-72.9020686267 59.0883376672 -68.92 450.12 324.72 0 14
-125.758801606 59.0910932231 -42.36 491.8 495.88 0 14
-76.2923764538 59.1027206481 -71.28 412.44 315.48 0 14
-134.083198993 59.1183445827 -20.32 617.36 472.72 0 14
-71.519440215 59.1204053096 -69.76 463.68 325.76 0 14
-69.8624073465 59.1469642319 -60.16 425.72 351.24 0 14
-107.667489333 59.1756809907 -34.36 367.88 544.32 0 14
-70.9695972558 59.2338152129 -69 454.32 326.2 0 14
-119.074072112 59.3212280921 -31 410.24 582.96 0 14
-71.6255704047 59.3618002717 -71 452.24 319.68 0 14
-136.976226174 59.3805886473 -16 1126.44 462.32 0 14
-65.3806999268 59.4113729436 -54.95 412.25 331.05 0 14
-96.1739535466 59.4458460508 -82.48 404.32 403.92 0 14
-72.1502746605 59.4871753225 -71.4 443.96 316.12 0 14
-75.8437807 59.4898055148 -72.08 404.2 311.36 0 14
-77.0050568042 59.4963742739 -72.44 378.96 311.76 0 14
-72.4071041281 59.5864647555 -74.24 447.24 306.52 0 14
-96.0293709829 59.5986814883 -84.72 396.36 395.08 0 14
-64.9888741622 59.620584913 -73.76 491.44 279.12 0 14
-137.217469391 59.6792915682 6.04 1139.08 549.6 0 14
-131.036126222 59.6797788402 -41.28 535.16 487.76 0 14
-64.2621472223 59.7093813215 -60.32 453.36 298.6 0 14
-100.547532618 59.7626823254 -78.8 368.6 414.68 0 14
-160.100143443 59.803805477 -31 615.28 393.56 0 14
-74.8197521919 59.807503195 -74.04 414.64 303.56 0 14
-98.0849725853 59.8132388102 -84.84 390.48 401.52 0 14
-153.645014199 59.8489953197 -7.48 734.2 462.68 0 14
-76.8636441398 59.8752468878 -73.56 369.04 304.92 0 14
-73.1510569336 59.8813193262 -76.44 437.96 298.76 0 14
-73.485905736 59.9390137926 -76.32 431.16 299.16 0 14
-155.14961072 59.9544017346 -9 628.84 452.52 0 14
-76.5342944704 59.9955842247 -75.48 380.72 299.36 0 14
-98.5639998619 60.0040159619 -87.04 377.96 395.88 0 14
-136.710290367 60.0198524087 -43.32 603.2 447.2 0 14
-97.6457196304 60.1011479199 -88.96 380.04 390.12 0 14
-71.0528984135 60.1320126306 -72.24 408.32 302.12 0 14
-135.17401913 60.1525613473 -47 365.84 442.6 0 14
-106.699288008 60.1715580648 -62.2 377.32 474 0 14
-106.712520196 60.1814418453 -62.24 377.56 472.72 0 14
-71.6624315264 60.1814894734 -74.52 415.64 298.68 0 14
-99.8125104526 60.1871419337 -84.92 348.4 402.64 0 14
-159.759791646 60.2555491949 -35.6 571.76 400.44 0 14
-99.2723603557 60.2629596316 -87.84 353.28 396.72 0 14
-159.862418344 60.2746990316 -24.08 558.4 425.84 0 14
-100.947747929 60.285519102 -85.84 344.76 397.08 0 14
-106.023590053 60.2939721808 -65.52 375.68 470.88 0 14
-131.345056723 60.2960813664 -52.6 479.2 470.36 0 14
-72.7115597059 60.3181617009 -79.2 429.4 289.88 0 14
-98.8214644491 60.3185139536 -90.56 361.6 388.44 0 14
-109.812902064 60.3278014192 -44.64 344.96 504.6 0 14
-156.204046822 60.3450786657 -6.64 572.08 486.2 0 14
-94.8901476331 60.3502098051 -91.92 358.52 368.56 0 14
-75.8215039269 60.3757794002 -78.28 389.04 290.36 0 14
-99.8092610103 60.3871510942 -88.64 341.24 392.12 0 14
-98.7824062343 60.3922588442 -91.8 358.96 385 0 14
-154.381597331 60.4297671264 -26.96 570.44 443.84 0 14
-136.432271066 60.441157959 -48.8 415.32 459.12 0 14
-100.851041784 60.4434894366 -88 335.68 392.48 0 14
-99.3582930198 60.4510570587 -90.48 346.96 388.36 0 14
-103.675741026 60.4524069535 -74.84 377.4 427.28 0 14
-97.9802029328 60.4639257229 -90.8 353 388.48 0 14
-103.22495849 60.4655517824 -74.76 362.92 425.92 0 14
-70.2457757572 60.4681991696 -69.56 376 296.76 0 14
-151.157902468 60.4833453716 12.04 505.68 503.08 0 14
-73.4751190859 60.5515916004 -82.64 428.64 281.44 0 14
-136.377993708 60.5646572129 -49.16 380.04 466.28 0 14
-163.357177038 60.6076345813 -9.92 576.6 410.6 0 14
-106.46523484 60.641790115 -66.8 357.6 458.48 0 14
-135.853198609 60.647983089 -48.48 327.48 468.12 0 14
-75.5701610196 60.6566619336 -84.44 408.6 276.8 0 14
-71.7099671343 60.6773565498 -81 416.36 281.96 0 14
-137.847458499 60.6954887548 -34.12 414.88 529.4 0 14
-95.010733321 60.7295572649 -95.76 350 359.84 0 14
-100.155906264 60.7484169718 -92.88 322.4 382.48 0 14
-69.962449515 60.7892048432 -66.96 346.12 294.68 0 14
-149.331073015 60.8203420124 -2.92 826.48 438.32 0 14
-101.353676342 60.8381042335 -90.08 311.68 388.2 0 14
-96.6214728258 60.8461992238 -97.64 348.64 366.6 0 14
-158.739484208 60.881772333 -29.36 528.44 442.92 0 14
-77.8458519802 60.9103222339 -81 338.24 287.32 0 14
-164.535147278 60.9210949989 -10 625.88 389 0 14
-70.4274217368 60.9230870702 -78.84 389.72 274.4 0 14
-71.133504958 60.992466487 -83.12 408.72 272.16 0 14
-69.6422210439 60.9934219347 -62.52 315.92 297.56 0 14
-136.323366145 61.0209071088 -55.24 293.52 472.32 0 14
-163.426253075 61.0289388159 -12 540.88 407.08 0 14
-72.7345185125 61.0786616867 -89.4 434.92 263.28 0 14
-164.178712961 61.0788630041 -11 596.96 394 0 14
-76.3511059123 61.1010970236 -82.88 368.16 276.08 0 14
-104.00616442 61.1050671556 -82.08 346.88 411.36 0 14
-153.097309826 61.1355053532 -38.44 569.48 413.8 0 14
-153.75160111 61.1557658455 -10.8 501.8 501.84 0 14
-159.200279734 61.1938239185 -21 493.76 470.84 0 14
-144.104580258 61.1998551456 -52.68 787.68 408 0 14
-100.991814996 61.2138938168 -97.2 291 370.12 0 14
-100.517530247 61.2184987287 -98.96 296.88 369 0 14
-158.497976394 61.2514112469 -39.32 521.24 429.68 0 14
-138.974339149 61.2578018075 -64.24 380.64 438 0 14
-95.609021014 61.3048199897 -103.96 335 347 0 14
-72.4249485399 61.3092590031 -87.32 414.72 265.84 0 14
-72.4135298059 61.3132563664 -86.64 411.96 268.12 0 14
-136.61705498 61.3519217569 -71.6 267.8 428.84 0 14
-104.222418629 61.3548624406 -82.72 330 410.88 0 14
-101.149914254 61.3665000327 -98 289 369.48 0 14
-76.7591354663 61.3986921665 -84.2 357.24 272.16 0 14
-96.7952495017 61.4145894812 -104 330.32 353 0 14
-130.671704529 61.4222867586 -79.44 460.28 419.96 0 14
-72.3473213112 61.4238107528 -85.32 398.76 269.52 0 14
-149.086653407 61.4507316575 -27.64 606.2 412.92 0 14
-151.881035535 61.4827462086 -10.48 609.76 490.44 0 14
-73.468475164 61.5307015386 -97.08 446.6 246.52 0 14
-137.751540472 61.5455286953 -56.72 243.32 467.2 0 14
-148.732909091 61.5696161832 -37.16 591.64 401.72 0 14
-139.169983084 61.5948008574 -64.16 324.72 463.08 0 14
-147.902403259 61.6214429712 -82.72 542.84 318.92 0 14
-147.757383952 61.6475598912 -62.48 536.92 374.12 0 14
-103.313452318 61.6501681546 -89 308.08 389.24 0 14
-104.853126895 61.6845057831 -83.64 316.52 407.64 0 14
-157.73915347 61.7248778793 -33.16 505.12 458.28 0 14
-75.4884533133 61.7399801103 -98.2 429.2 242.68 0 14
-103.307998792 61.7837825662 -90.48 302.76 386.64 0 14
-133.136336414 61.793752439 -63.12 322.48 439.12 0 14
-76.5308780635 61.8315563406 -87.44 361.68 262.2 0 14
-112.795173759 61.8331407664 -51.24 294.12 481.64 0 14
-94.903688546 61.8437759636 -108 314 332.6 0 14
-121.324877466 61.8520397723 -35.12 354.6 583.6 0 14
-148.626056026 61.8521007774 -40.28 530.88 408.32 0 14
-98.7425265879 61.8637576068 -108 300.12 347 0 14
-97.2366417838 61.869883136 -108 308.16 346.28 0 14
-97.7120110174 61.8747143198 -105.16 299.28 354.48 0 14
-100.544824903 61.8880194231 -106 280.96 348.92 0 14
-100.983218465 61.894292906 -104.84 278.36 351.72 0 14
-77.4807458164 61.8962878539 -86.2 330.92 265.96 0 14
-113.228069628 61.9092358967 -49.52 286.44 481.08 0 14
-112.585319205 61.9406321918 -55.4 298.2 470.16 0 14
-105.444689085 61.9653755231 -85.64 307.96 401.28 0 14
-126.201641602 61.9684710646 -88.92 508.24 394.24 0 14
-134.147834704 61.9926105621 -52.4 311.48 474.32 0 14
-66.1117181892 62.0187372612 -74 360 251.957 0 14
-95.7491284582 62.0423324963 -109.2 305.16 337 0 14
-72.841181276 62.0553482829 -83.44 365.96 270.72 0 14
-127.080003038 62.1290261478 -86.92 540.04 389.44 0 14
-77.2457156886 62.1324146076 -90.12 345.6 256.08 0 14
-97.1755318652 62.1381778207 -111 300.24 339.04 0 14
-79.5985867845 62.1582365203 -89.64 298.24 282.32 0 14
-140.357475776 62.1584036238 -54.48 423.64 545.48 0 14
-93.731561832 62.1915312444 -110.76 300.08 321.2 0 14
-110.220060325 62.2008955918 -67 293.08 433.8 0 14
-152.545263355 62.2185348059 -50.08 455.08 417.8 0 14
-104.132809552 62.2259512733 -92 289.04 383.36 0 14
-125.575804605 62.2308937912 -72.96 465.96 451.4 0 14
-142.440978648 62.2371876253 -72.92 440.68 444.08 0 14
-148.466696783 62.2450787791 -57.84 467.96 386.12 0 14
-148.763876149 62.2568237415 -48.72 483.12 397.6 0 14
-153.887699414 62.2716117954 -66.68 453.4 389.88 0 14
-73.8377890674 62.2773097976 -89.88 383.56 257.28 0 14
-164.491065902 62.2784396388 -18.68 537.68 379.96 0 14
-156.505095378 62.2887182985 -32.64 501.68 482.88 0 14
-148.333097203 62.2948011475 -62.24 446.08 384.6 0 14
-156.562923205 62.2955820232 -36.76 503.84 473.44 0 14
-105.883789654 62.2975808079 -86.28 292.4 395.64 0 14
-100.089707421 62.3028903413 -110 268.32 339.68 0 14
-106.444866313 62.3244619933 -85 296.48 396 0 14
-107.455221811 62.3273346191 -81.96 294.52 400.8 0 14
-77.9104482126 62.3352439618 -85.76 302.32 265.2 0 14
-100.06794875 62.4039831061 -112.52 270.92 333.32 0 14
-124.656818321 62.4360621716 -86.12 441.6 422.44 0 14
-97.2710925561 62.4501626144 -113.48 290.32 333.96 0 14
-104.345820476 62.4589509536 -96.04 287.72 370.04 0 14
-125.656472482 62.4631892064 -71.76 460.32 456.76 0 14
-68.7753627383 62.4646633832 -85.1905 377.619 266.81 0 14
-130.084803145 62.485092317 -74.24 454.52 455.16 0 14
-104.446761915 62.4971050568 -94.24 284.52 375.2 0 14
-67.712533914 62.4994587056 -103.32 464.24 225.6 0 14
-97.1296345654 62.5189195987 -117.4 295.48 323.56 0 14
-83.5853809924 62.5359684713 -100.96 291.32 315.08 0 14
-126.02279189 62.5853690919 -105.76 491.68 357.68 0 14
-107.205751848 62.5912426829 -85.64 282.2 390.36 0 14
-112.819061733 62.6070570278 -65.24 287.12 439.28 0 14
-96.4484057094 62.6440653136 -118.68 296.08 320.68 0 14
-70.6534653848 62.6601203354 -86.8 359.52 262.68 0 14
-102.896549738 62.6728539025 -104 269.24 350.6 0 14
-117.466336941 62.6918905714 -54.04 286.64 504.76 0 14
-97.5967445411 62.7112496021 -116.04 277.8 328.4 0 14
-138.138250939 62.7291634043 -63.72 245.64 484.44 0 14
-148.802685816 62.731854436 -21.68 475.64 469.76 0 14
-116.628802308 62.7362691535 -54 277.44 498.92 0 14
-106.345477882 62.7553533794 -91.44 281 378.36 0 14
-128.321269414 62.7571754798 -88.28 540.88 385.68 0 14
-70.23906252 62.7822609914 -82.0588 338.294 274.353 0 14
-105.54796786 62.8603868805 -96.2 279.6 368 0 14
-127.815530689 62.872099081 -85.12 533.8 397.2 0 14
-156.873178038 62.8965358636 -54.92 475.96 433.08 0 14
-68.6485568747 62.9124214611 -106.84 463.48 231.6 0 14
-69.1480538971 62.932503599 -98.48 418.28 249.28 0 14
-97.3937846755 62.9561478201 -119 274.6 322.32 0 14
-105.491761147 62.9663290644 -97 273.36 365.52 0 14
-66.213131917 62.9779287099 -81.2 370 243.8 0 14
-108.881114182 62.9851430537 -83.48 270.44 384.72 0 14
-130.195425167 62.993790348 -70.4 425.72 476.52 0 14
-125.845288118 62.9940383964 -83.56 456.56 426.8 0 14
-145.079089805 63.0156690276 -62.04 255.6 495.96 0 14
-100.518709869 63.0187842055 -117.32 254.96 317.96 0 14
-105.92001478 63.0620607304 -95.88 269.76 366.44 0 14
-141.964263127 63.0630647985 -55.16 244.04 551.12 0 14
-65.3160628576 63.0777534323 -84.84 409.96 220.44 0 14
-99.8831997128 63.1136190191 -120.88 257 312.36 0 14
-137.191869221 63.123898206 -52.8 270.96 523.24 0 14
-145.917982673 63.1323140092 -60.08 251.32 490.28 0 14
-91.0832371963 63.1798432945 -120 268.72 278.28 0 14
-96.8250679553 63.1837089718 -123 276.56 314.64 0 14
-98.657032655 63.1907439678 -119.6 256 318.08 0 14
-106.138935371 63.2179013315 -98.8 270 358.68 0 14
-118.528726444 63.2194216323 -54.96 284.04 496.92 0 14
-66.709537492 63.228129192 -94.76 414.12 230.12 0 14
-118.387824856 63.23526235 -55 283.96 496.16 0 14
-150.309289773 63.2774083075 -69.68 514.76 374.36 0 14
-130.482477899 63.2828036014 -88.52 405.8 421.24 0 14
-102.219456488 63.3102793515 -111.84 243.08 327.88 0 14
-109.157968137 63.3326576683 -91.48 273.8 366.76 0 14
-145.874690597 63.3348551126 -75.44 247.4 451.08 0 14
-91.0212730371 63.3515760559 -119.48 258.8 279.04 0 14
-104.281293033 63.3645941936 -105.4 255.52 341.56 0 14
-104.36946289 63.3793866061 -104.48 253.28 344.56 0 14
-65.0889206349 63.3807912727 -82.75 407.35 224.6 0 14
-97.2249881594 63.3857884241 -121 257.12 320 0 14
-133.332844814 63.4004726273 -63.04 345.16 460.2 0 14
-130.03739054 63.4070196674 -93.84 427.8 403.76 0 14
-64.5361694954 63.4171310387 -86.28 460.76 213.08 0 14
-110.748291742 63.4777373933 -92.8 284.6 372.4 0 14
-117.889633807 63.5109468406 -58 274.92 480.28 0 14
-97.9990332714 63.513046028 -124 252.56 312 0 14
-85.3668015313 63.5487647258 -114.76 280.12 288.16 0 14
-96.7225146842 63.5559603781 -124.08 258.96 315.68 0 14
-85.244323964 63.5778754202 -114.28 279.96 289.24 0 14
-127.696473529 63.5843700318 -79.96 467.92 437.64 0 14
-106.46200734 63.6189398559 -102 259.16 348 0 14
-117.221715213 63.6194852301 -62 272.04 470.68 0 14
-65.7672942739 63.6244344306 -105.16 469.04 196.4 0 14
-108.326300683 63.6271925689 -98.36 262.32 352.24 0 14
-92.7137824526 63.6306792809 -122.36 258.52 287.48 0 14
-81.6410305576 63.6527708161 -103.08 270.24 286.64 0 14
-93.523891006 63.6807843881 -123 258.72 293.6 0 14
-105.602279136 63.7020323328 -105.44 253.4 339.76 0 14
-105.172611594 63.7077067835 -105.68 248.96 340.36 0 14
-148.091153456 63.7080359497 -63.88 332.36 435.48 0 14
-84.9272629567 63.7097835442 -111.76 266.8 294.24 0 14
-66.0360585269 63.7481501459 -121.32 531.56 173.32 0 14
-103.123360079 63.750619286 -115 239.68 315.76 0 14
-101.802692466 63.7554242853 -121.84 238.2 300.48 0 14
-96.1950159304 63.7592409333 -129.64 265.4 303.68 0 14
-92.8550260356 63.7652721281 -123.24 251.48 287 0 14
-84.7466142415 63.7756480753 -110 262 299 0 14
-70.4651384285 63.7843147682 -106.4 400.28 233.4 0 14
-103.635815533 63.7880883548 -110.76 238.88 327 0 14
-126.587111066 63.7983498465 -82.72 431.88 439.2 0 14
-130.565612836 63.8206689141 -89 384.72 427.2 0 14
-148.061544054 63.8592741985 -84.52 322.32 390.56 0 14
-99.665071042 63.8663068857 -122.08 226.52 307.6 0 14
-98.0114741 63.870982969 -126.88 241.72 304.64 0 14
-96.1712713388 63.8722507068 -126.92 254.56 310.2 0 14
-83.6682562286 63.8735591639 -109.04 266.4 303 0 14
-102.32241741 63.8863309302 -113 218.24 321.48 0 14
-109.719027567 63.8943161159 -100.96 270 349.44 0 14
-131.90445945 63.8988688308 -84.48 344.8 432.08 0 14
-93.8991181748 63.9028755595 -125 253 295.88 0 14
-131.515641606 63.933595681 -87.36 352.44 427.84 0 14
-99.8176034596 63.9386902157 -122.28 220.28 306.96 0 14
-67.0062776775 63.9405191511 -115.36 477.24 201.64 0 14
-103.876284165 63.957041388 -107.84 225.16 334.32 0 14
-126.895159648 64.0035468139 -88.24 429.24 425.48 0 14
-68.9704177281 64.0364099497 -103.4 408.68 249.92 0 14
-66.1991871404 64.0507406594 -116.52 490.04 186.76 0 14
-66.3400154755 64.0692671414 -115.12 478.48 192.16 0 14
-111.759400831 64.0695591697 -97.04 276.12 361.2 0 14
-71.7760757569 64.0774135503 -103.16 366.76 235.6 0 14
-82.5347430401 64.0779264747 -110.04 268 289.88 0 14
-109.754284752 64.0788676073 -101.28 260.28 351.2 0 14
-107.723998999 64.0814802214 -105 250.88 338.84 0 14
-100.948577346 64.0855504681 -121 214.08 304.88 0 14
-110.060266724 64.1148820436 -102 262.08 350.96 0 14
-131.6128728 64.1328167791 -104.68 352.84 375.72 0 14
-136.890944292 64.1529669487 -78.48 309.16 439.84 0 14
-85.8146959753 64.1658821873 -115 252 282.4 0 14
-83.6789968739 64.212675659 -117.88 280.44 284.8 0 14
-91.4033486359 64.2298221073 -130.92 256.72 259.16 0 14
-115.561904739 64.2321504274 -74.48 262.32 424.32 0 14
-134.190936029 64.2394226068 -54.4 335.52 510.68 0 14
-69.4539643057 64.2614676348 -103.56 384.8 246.04 0 14
-67.9853025008 64.266159533 -119.36 474.36 211.04 0 14
-123.514382302 64.276437878 -66.6 322.48 474.84 0 14
-70.9277416299 64.2915478148 -100.04 351.76 243.28 0 14
-88.8288678653 64.2973873507 -125.12 256.12 259.88 0 14
-95.1560127364 64.2992333858 -132.8 250.32 291.64 0 14
-68.9890552318 64.310273685 -114.64 439.04 227.52 0 14
-88.2848323982 64.3277514279 -119.32 241.88 269.96 0 14
-69.8640137506 64.3321396708 -102.04 369.16 246.76 0 14
-102.019688741 64.3340661246 -118.88 208 304.92 0 14
-136.913783497 64.3412745168 -69.12 324.16 467.6 0 14
-106.374554595 64.3434680277 -111 237.28 323.88 0 14
-96.3957815653 64.3488166822 -129.04 235 309.44 0 14
-134.611621887 64.364650398 -80.04 321.04 429.64 0 14
-82.0885521689 64.3652997202 -116.24 282.24 269.16 0 14
-142.0559674 64.3793852197 -65.4 222.08 548.36 0 14
-102.007902232 64.3848750894 -119.36 208 303.08 0 14
-100.954230515 64.3982605337 -123 206.36 297.04 0 14
-72.9986472785 64.4032067117 -97.28 325.64 244.16 0 14
-84.935685122 64.4190802862 -117.44 257.12 278.44 0 14
-100.087117242 64.426072935 -126.04 208.84 295.36 0 14
-129.974395683 64.429001074 -110.8 388.24 369.76 0 14
-103.169553153 64.4523513688 -115.16 208.84 312.56 0 14
-77.3674612929 64.4528668517 -106.08 346.28 224.96 0 14
-67.8670173003 64.4643542126 -121.32 470.76 204.92 0 14
-89.0338723386 64.4681925626 -126.16 254 255.64 0 14
-75.8427875894 64.4847532449 -93 330 246.583 0 14
-111.131032118 64.494505098 -107.12 263.96 341.52 0 14
-133.483744455 64.5057167208 -68.16 334.92 470.12 0 14
-90.7475381341 64.5094833569 -129.36 245.52 257.84 0 14
-99.8597251494 64.5152504736 -128 209.2 292.16 0 14
-101.265688693 64.5185406988 -122.2 201.36 298.8 0 14
-134.286023123 64.5244803667 -88.4 323.16 405.72 0 14
-100.934519636 64.5372013713 -123.56 201.68 297.04 0 14
-128.514529148 64.5405940722 -107.64 410.24 380.24 0 14
-115.435516174 64.5438757937 -79.04 262.12 406.2 0 14
-103.712543769 64.556341753 -120.72 221.56 297.8 0 14
-66.4808441198 64.5879214558 -117.12 459.92 192.08 0 14
-89.4850985427 64.5887319893 -128 249.84 253 0 14
-91.6315181827 64.6105278411 -133.92 249 255.92 0 14
-136.165814893 64.6211367409 -93 307.04 393.96 0 14
-103.040901075 64.6220992533 -118.4 206.16 303.48 0 14
-135.111111976 64.6221962261 -80.08 315.92 431.08 0 14
-112.763137991 64.6229198865 -100.2 267.24 345.64 0 14
-86.1577516651 64.6438487462 -116.88 235.88 275.12 0 14
-133.152019737 64.6446232632 -81.96 332.76 431.76 0 14
-91.3471454266 64.6542335836 -132.96 245.96 255 0 14
-95.4108107873 64.660723344 -137 244.96 285.52 0 14
-83.0769027072 64.6645864165 -127.28 301.32 259.68 0 14
-84.9106849615 64.6675768097 -118.56 250.76 274.32 0 14
-101.339339104 64.6685588115 -125 200.04 291.68 0 14
-74.2959874856 64.6845637115 -93.1739 305.957 247.435 0 14
-66.381259521 64.6858086891 -99.6923 382.846 222 0 14
-113.173015508 64.696255014 -99.08 266.24 347.72 0 14
-144.381092419 64.7159299237 -72.2 229.4 510.8 0 14
-96.8056913201 64.7334822779 -133.04 223 297.36 0 14
-88.2249159998 64.7449944833 -125.88 246 254.76 0 14
-136.016958773 64.7495546344 -95.24 308.2 386.84 0 14
-72.8615425016 64.7504812897 -99.88 319.4 241.24 0 14
-135.947370352 64.7566706897 -79.68 314.16 430.08 0 14
-133.918610811 64.7579806458 -98.4 324.76 380.68 0 14
-122.080381405 64.7588902001 -63.16 284.4 460 0 14
-127.507324169 64.7660507503 -92.16 385.92 431.08 0 14
-129.398121802 64.7730458608 -93.56 374.16 427.4 0 14
-138.406808493 64.8224415128 -81.92 366.92 453.88 0 14
-94.8821226588 64.8296032521 -137.24 237 281.36 0 14
-104.608269364 64.829996107 -120.6 218.92 296.48 0 14
-131.085165503 64.830977081 -107.08 346.64 379.92 0 14
-101.62534041 64.8318719971 -124.64 198.04 290.4 0 14
-123.878384419 64.8326535034 -68.6 311.88 462.92 0 14
-111.116552654 64.8367776954 -113.44 260.84 326.84 0 14
-137.723093284 64.8404048573 -80.44 360.04 441.44 0 14
-102.300888051 64.8637674236 -128 208.28 280.08 0 14
-132.39782688 64.8708420295 -96.68 331.24 399.28 0 14
-72.2181504301 64.8974209563 -101 319.2 239.76 0 14
-113.5713529 64.9045586086 -100.96 269 341.12 0 14
-72.5967368875 64.9096566792 -101.16 317.68 238.4 0 14
-115.813619731 64.9176284783 -80.28 260.24 396 0 14
-92.7356071872 64.927067037 -137.88 243 258 0 14
-116.337555425 64.9350233634 -76.72 259.96 404.04 0 14
-99.7726504004 64.9397388887 -132 199.56 283.52 0 14
-138.010784323 64.9442603609 -92.72 351.28 415.16 0 14
-77.1743235148 64.9465691127 -103 315.12 231.84 0 14
-101.555038684 64.9467045818 -126.96 197 284.88 0 14
-134.905812738 64.9493862479 -84.44 320.8 418.4 0 14
-144.828560482 64.9515312663 -84.44 221.36 470.2 0 14
-99.5169477577 64.9571076945 -133 200.4 284.6 0 14
-96.9833839589 64.9756723581 -136.96 219.12 287.28 0 14
-84.8603365414 64.9799438721 -117 236.12 274.2 0 14
-111.672001214 64.9905720124 -112.08 257.56 324.4 0 14
-105.546243474 65.0040543529 -120 217.92 298 0 14
-84.4198148305 65.0064374586 -130.48 282.52 251.12 0 14
-94.1761468038 65.0070078081 -141 239.12 264.76 0 14
-95.6804855167 65.0107491909 -140.48 232.64 280.52 0 14
-95.0340370895 65.0202440593 -140.04 235.6 274.68 0 14
-93.1173898155 65.022489429 -139.08 238.68 258.72 0 14
-107.04818761 65.04565013 -117.4 221.04 306.24 0 14
-91.4745322146 65.0619069042 -141.44 252.48 240.16 0 14
-93.1405266792 65.091702192 -141.2 239.96 255.8 0 14
-98.671728795 65.1214708169 -141.4 213.96 268.72 0 14
-107.693287623 65.1230085145 -116.28 221 309.72 0 14
-74.6559443795 65.1330922394 -96 294.12 243.04 0 14
-135.390994671 65.1493130232 -64.88 326.56 469.72 0 14
-88.5806391908 65.1595989862 -130.56 244.36 246.48 0 14
-84.7285731995 65.1614586387 -119.84 238.36 267.92 0 14
-108.097966007 65.1766324849 -119.48 226.8 303 0 14
-115.648673502 65.1891339446 -86.52 264.32 374.28 0 14
-76.7378546181 65.1921987347 -100.52 303.24 235.64 0 14
-106.259955471 65.196067011 -119.96 216.92 298.6 0 14
-71.2457218861 65.2200225867 -101.88 309.96 241.4 0 14
-139.551840729 65.2208766668 -87.04 296.2 476.2 0 14
-135.672232396 65.2325881242 -79.16 321.12 425.04 0 14
-90.5989656167 65.2416084698 -140.56 251.76 234.44 0 14
-114.589020847 65.2464650739 -100.08 274.8 338.64 0 14
-101.830523807 65.2695853289 -130 188.12 276.4 0 14
-69.372445899 65.2819003572 -115.52 383.04 220.44 0 14
-129.49787079 65.2819589559 -85.28 341.16 457.76 0 14
-102.863664522 65.2921903938 -127.92 194 276.84 0 14
-139.496660397 65.2988557963 -88.32 297.2 473.12 0 14
-95.4228675073 65.2992882713 -143 227.64 271.64 0 14
-74.3881479732 65.3126931686 -97 288.56 242.52 0 14
-68.2520583691 65.3248049843 -113.4 386.04 220.08 0 14
-69.6697769921 65.3292328551 -114 370.64 223.96 0 14
-64.2589281313 65.3365934616 -96.16 391.6 215.92 0 14
-74.1827156322 65.3455069401 -97.08 286.88 242.64 0 14
-108.360894428 65.3533869409 -124.92 231.56 289.72 0 14
-102.34036091 65.3575343426 -128.96 189.92 275.24 0 14
-95.9808388139 65.3583705171 -143 222.96 273.04 0 14
-87.7504131341 65.3659438192 -123.32 220.12 255.2 0 14
-72.9045585036 65.3744770452 -99.44 292.44 243.32 0 14
-108.930157123 65.3769518862 -125 233.56 293.32 0 14
-109.319040565 65.3972444146 -127.76 243.24 290.04 0 14
-103.718557754 65.399299286 -125.72 195.16 280.04 0 14
-94.0469268028 65.4334450297 -145.12 234.04 255.48 0 14
-100.366103464 65.4407358085 -135 185.2 270.64 0 14
-89.3887073466 65.4431782282 -137.64 251.4 235.24 0 14
-110.883038354 65.4434958927 -124.16 248.88 302.36 0 14
-100.67085786 65.446671986 -134.84 185.12 268.68 0 14
-108.484599293 65.4513254733 -126.68 232 286.28 0 14
-93.0660467552 65.4592963763 -147.88 242.64 241.76 0 14
-107.121876141 65.4628645078 -121.04 211 295.56 0 14
-138.260558738 65.463405474 -94.88 331.16 447.44 0 14
-99.1204395591 65.4679589105 -138.16 189.92 270.52 0 14
-98.6039207388 65.4774166626 -140 193.32 271.72 0 14
-97.3594948688 65.4776518896 -142 207 273.52 0 14
-111.861869093 65.4950845947 -117.6 244.88 306.6 0 14
-165.568854237 65.5067953607 -62.28 383.64 277.6 0 14
-107.483599878 65.5561422084 -121.56 209.48 295.96 0 14
-98.9102224914 65.568520812 -139.68 188.08 269.64 0 14
-108.094594854 65.5720397961 -123.88 218.28 290.56 0 14
-138.989732667 65.5812262096 -102.76 304.16 429.08 0 14
-103.328632437 65.6120754837 -128.2 187.04 274.44 0 14
-103.868007744 65.6454765047 -129.56 193.36 270.96 0 14
-115.035897469 65.6965120289 -102.12 274.84 328 0 14
-139.333850592 65.7065790869 -95.92 292.4 453.36 0 14
-94.745455195 65.7081719949 -150 230.48 250.16 0 14
-119.555065763 65.7423674216 -71.88 246.32 392.88 0 14
-100.397191599 65.7534061726 -137 178 264.48 0 14
-101.491549685 65.8021436591 -135 175.64 264.08 0 14
-84.7850281732 65.8124381586 -124.84 229.96 249.84 0 14
-103.747986343 65.8202909385 -131 189.96 266.88 0 14
-62.9163898025 65.8565773404 -96.88 444.72 223.28 0 14
-88.930576608 65.8862081307 -139 246.12 229.64 0 14
-108.823730422 65.8881336531 -125.64 210.52 290.64 0 14
-64.3878362974 65.9117542786 -117.28 430.68 183.96 0 14
-69.6189358933 65.9169827279 -107.84 316.72 231.12 0 14
-72.9375855709 65.9353307884 -102 274 238.32 0 14
-95.600915674 65.9494980653 -147 208 261.76 0 14
-104.492618853 65.9687906562 -131.84 192 265.64 0 14
-73.3439431766 65.9828796832 -101 270 238 0 14
-73.7954756508 65.9907208565 -100 268 241 0 14
-106.964319606 65.9948473826 -127 200.16 280.32 0 14
-103.258360568 65.9963311484 -132.56 180.56 263 0 14
-105.909963104 66.0021944674 -128.68 195.6 274.84 0 14
-165.901903988 66.0024881255 -53 348 286.32 0 14
-91.0472423763 66.0068361075 -137.36 218.32 245 0 14
-95.847790386 66.0131179286 -147.72 204.52 261.12 0 14
-92.3560494703 66.0266448228 -150 235.24 231.8 0 14
-92.8849359986 66.03239105 -151.24 232.68 234.08 0 14
-103.16542479 66.0418937694 -134 178.96 258.88 0 14
-72.3517851306 66.0421222359 -102.64 272.56 237.6 0 14
-102.802425577 66.0612094825 -134 175.92 259.6 0 14
-164.968655553 66.067145432 -51 328.4 301.92 0 14
-89.2836460224 66.097578696 -141 244.88 225.96 0 14
-104.279293454 66.0977425386 -132.96 188.28 261.28 0 14
-108.038239836 66.0977622869 -127.64 200.96 282.48 0 14
-73.5959852422 66.1070320293 -101 265.12 240 0 14
-110.689790375 66.1206121617 -132.72 230 279.04 0 14
-96.0993054511 66.1337701004 -147.84 198.08 260.24 0 14
-64.1283088186 66.1339673377 -117.76 420.76 185.04 0 14
-87.2753763892 66.1676165831 -130 216.12 237.2 0 14
-72.3676376666 66.1726520942 -103.92 268.44 236 0 14
-96.4215785528 66.1989759915 -148 194.84 259.88 0 14
-97.2319727807 66.2078244156 -147.24 186 260.24 0 14
-88.6331807568 66.2379190049 -139.64 241.24 224.84 0 14
-71.3731495716 66.2392502018 -102.48 269.52 238.12 0 14
-99.2645470912 66.2653852437 -144.16 169.76 253.96 0 14
-164.766080924 66.293634694 -53.2 312.6 295.88 0 14
-87.1423189563 66.2945745149 -129.76 209.84 234.8 0 14
-111.897130924 66.2985663156 -129.24 226.44 271 0 14
-92.0643199874 66.3195713737 -150.68 230.6 227.56 0 14
-131.458153906 66.3243591714 -72 285.64 470.88 0 14
-90.336752109 66.3529714883 -148.56 245.92 217.2 0 14
-68.3430866421 66.3760789765 -108 305.6 223.4 0 14
-99.6932126476 66.3775283151 -145.16 167 249.88 0 14
-163.893047272 66.4015366052 -53 292.72 305.76 0 14
-95.6341835765 66.4022972168 -150 195 253.88 0 14
-110.364116463 66.4067173665 -134 214.32 274 0 14
-97.8222967837 66.4095783951 -148 178.2 256.84 0 14
-104.216593482 66.4169321995 -134.76 178.68 257.32 0 14
-119.694869836 66.4210518351 -80.28 236 360.16 0 14
-71.5702316898 66.4420933744 -103.6 262.28 237.08 0 14
-90.6090893107 66.4490612598 -148.6 239.96 218.88 0 14
-89.6034003592 66.4610035782 -144.44 241 220.68 0 14
-62.6558368477 66.4751505764 -124.16 548.92 182 0 14
-125.632841387 66.4843115119 -87.04 269.4 408.64 0 14
-65.772669425 66.4932599897 -136.8 441.04 159.8 0 14
-101.207993749 66.4939643266 -141 160.6 247 0 14
-102.239450797 66.5020333889 -138.72 163 247 0 14
-112.753506203 66.5071567183 -123.48 221.52 272.8 0 14
-68.6906654405 66.5090126113 -108.4 300.84 223.96 0 14
-63.0887535979 66.5162698161 -135.56 548.04 162.44 0 14
-101.332586825 66.5289941108 -141 159.36 246.16 0 14
-102.09312648 66.5304527167 -139 162.12 247 0 14
-99.3544883509 66.5476726776 -146 162 249.16 0 14
-115.089867525 66.5651048784 -104 255 314.2 0 14
-108.047239056 66.5682585172 -131.04 186.4 273.24 0 14
-86.4058908381 66.5721525005 -123.04 186.56 242 0 14
-93.5263243809 66.5772138881 -155.4 217.52 230.48 0 14
-112.702435414 66.577894666 -127.08 226 265.36 0 14
-109.321423344 66.5799130624 -130.56 189 278.16 0 14
-112.737178472 66.5906530763 -128 226 263.36 0 14
-136.216752762 66.6000765956 -82.24 308.12 377 0 14
-133.553370299 66.6188653514 -70.32 314.36 468 0 14
-106.202365642 66.6341059448 -134.24 184 261.2 0 14
-103.678670591 66.6609593824 -135.48 166.36 253.96 0 14
-64.2194753287 66.6917124033 -119.32 373.68 183.28 0 14
-88.7060587802 66.7178126339 -140.96 229.84 220.52 0 14
-110.259664477 66.7247569312 -132.64 192.96 272.8 0 14
-99.2334367118 66.7375413769 -147 160 247.6 0 14
-141.89146977 66.7383159448 -88.64 204.24 445 0 14
-95.3029173241 66.7430010053 -148.2 181.4 256.36 0 14
-109.224239129 66.7623389205 -132 185.4 272 0 14
-68.6474143251 66.7632636407 -110.08 295.6 220.12 0 14
-72.9140192006 66.7977986408 -103.76 241 237 0 14
-109.905286242 66.8011808411 -133.64 188.96 269.32 0 14
-63.9331132439 66.8212245414 -104.48 315.68 209.88 0 14
-61.6078669787 66.8579990493 -87.8889 469.667 246.556 0 14
-64.8760664152 66.8659429722 -142.92 454.36 149.64 0 14
-67.5755396294 66.8816844928 -114.8 314.6 203.64 0 14
-107.668801386 66.8876505838 -129.043 167.217 274.043 0 14
-121.392615634 66.9017783623 -84.24 230 352.88 0 14
-157.830118955 66.906019775 -70.88 267.08 357.64 0 14
-71.3710680636 66.9096738178 -105 250.52 234.36 0 14
-68.0568075867 66.9264379763 -116 313.2 205.32 0 14
-104.480647878 66.929727991 -136 166 252.88 0 14
-127.77905821 66.9304661813 -89.8 251 424.92 0 14
-91.3649079663 66.9590962924 -150.96 221.88 220.12 0 14
-66.5794898851 66.9602966702 -144.56 439.92 152.28 0 14
-71.800324334 66.9706448382 -106.04 247.52 233.88 0 14
-111.351458359 66.97065219 -135.24 196.32 255 0 14
-100.838677787 66.9716005332 -144 147.24 237.96 0 14
-108.841581245 66.9743265894 -131.68 171.48 271.08 0 14
-91.9309756108 66.9765403177 -151.32 213.84 225.36 0 14
-72.2684559098 66.9767591807 -104 238.4 237 0 14
-91.4135870237 66.9775805527 -150.64 220.36 220.6 0 14
-109.503854174 66.9902820066 -136.32 184.4 260.92 0 14
-70.7637398882 66.9933789536 -105 248.28 236.36 0 14
-102.347400257 67.0019151653 -140.64 149.08 238.84 0 14
-92.6561642203 67.0024774506 -149.84 198.84 234.28 0 14
-107.028552278 67.0101701869 -131.52 166.72 266.76 0 14
-104.780390975 67.0143669194 -137.16 167.72 249.8 0 14
-149.683726856 67.0305849068 -94.28 294.16 430.64 0 14
-105.341344783 67.0336574872 -136.64 171.32 251.24 0 14
-81.5586160296 67.0466454449 -133.12 245.12 218.56 0 14
-64.7681062832 67.0495443785 -129.8 381.36 168.04 0 14
-108.579552013 67.0631545813 -126.12 157.36 281.64 0 14
-99.239523359 67.0851017712 -149.04 149 241.36 0 14
-158.750096112 67.1045415387 -69.96 249.28 335.92 0 14
-102.708277277 67.1219623545 -141.12 150.08 235.84 0 14
-120.568703862 67.1262856127 -90 225 329.56 0 14
-114.370853427 67.1425692842 -123.32 250.84 261.92 0 14
-105.081154305 67.1458799043 -137 167 249.76 0 14
-96.2498981136 67.1533475423 -149 163.64 254.72 0 14
-88.1973324632 67.1569117181 -140.16 218.32 217.44 0 14
-116.388264612 67.1573223185 -101 241.16 309.2 0 14
-97.4624363139 67.1597367739 -150.96 157.52 248.6 0 14
-82.1158388251 67.1607595285 -134.76 247.84 219.6 0 14
-98.1684566555 67.1801019953 -149.24 148.6 247.76 0 14
-71.0303843277 67.1876942478 -106.56 244.68 233.24 0 14
-117.565404577 67.1887130952 -96 227.76 311.4 0 14
-115.572130193 67.1971698124 -112.04 264.6 286 0 14
-91.7446643112 67.2004396144 -153 216.64 220.52 0 14
-132.761170502 67.206662224 -78.68 277.04 440.12 0 14
-98.6344873437 67.2224373105 -149 148 246.72 0 14
-99.4692108426 67.2310385822 -148.2 144 239.28 0 14
-89.0819296721 67.2318650823 -145.96 234.48 212.72 0 14
-135.895791353 67.2328029913 -99.96 289.4 343.48 0 14
-85.0252302949 67.2330932111 -137.28 217.8 212.04 0 14
-125.191181813 67.2540614282 -107.32 243.6 330.68 0 14
-121.510145526 67.2701187098 -103.8 233.2 305.12 0 14
-106.245034315 67.2801596562 -135.44 164.56 255.92 0 14
-122.415517905 67.2910077488 -96.64 230 324.04 0 14
-100.515341555 67.2911924617 -146 139.4 234.36 0 14
-70.7031562333 67.2923340949 -108.96 248.84 227.92 0 14
-94.3241978147 67.3073714854 -157.64 191.68 230.08 0 14
-89.4089950445 67.3230032947 -144.8 226.52 216.76 0 14
-162.200139137 67.3286134052 -75.12 234.52 275.84 0 14
-118.588716026 67.3354399575 -99.12 232.96 301.24 0 14
-162.567758208 67.3509279907 -64.2 223.04 289.24 0 14
-117.409381564 67.3661585095 -106.12 241.08 289.76 0 14
-65.1589039426 67.3704813716 -112.28 295 194.88 0 14
-111.300581526 67.4132910476 -134.92 175.44 249.76 0 14
-90.9009100198 67.4178686756 -150.04 220 217.16 0 14
-114.117774715 67.4205240184 -122.84 225.72 258.76 0 14
-105.800852596 67.4222745365 -136.64 162.24 251 0 14
-163.149122751 67.4262848393 -65 227.84 282.2 0 14
-106.301324182 67.4392398478 -136.12 162 252.6 0 14
-64.7936853812 67.4398332321 -153.36 468.36 136.6 0 14
-103.102167321 67.4533582963 -140.52 144.48 234.44 0 14
-65.0145117537 67.4769353976 -146.88 430.44 145.16 0 14
-105.958445832 67.4918836496 -136.92 162 250.6 0 14
-94.5224372132 67.494983811 -156.36 182.04 233.2 0 14
-119.404891065 67.5035490309 -100 231.12 295.96 0 14
-117.700603996 67.5090404669 -102.96 227.44 295.24 0 14
-162.150634955 67.5145427305 -80.24 230.64 266.32 0 14
-118.089390394 67.5146956455 -105.24 233.72 287.56 0 14
-94.0843919012 67.5196050256 -153.32 177.4 237.36 0 14
-116.318476875 67.5276123876 -108.96 239.52 290.2 0 14
-75.7489089546 67.5589959263 -113.48 224 220.36 0 14
-130.921982116 67.5673544617 -91.24 225.36 395.84 0 14
-155.306522701 67.5815766925 -130.2 310.28 294.04 0 14
-67.7364216804 67.6037558237 -130.32 341.04 179.24 0 14
-149.590822567 67.6157993013 -109.36 273.52 392.88 0 14
-148.061216805 67.6310363253 -113.04 249.16 389.6 0 14
-110.23937377 67.6314774213 -133.36 153.28 258.08 0 14
-88.6963768636 67.633854003 -147.2 229.32 207.36 0 14
-110.654451643 67.6760614464 -130.72 149.72 259.48 0 14
-76.6239300325 67.6793486763 -117 219.6 214.72 0 14
-107.159600216 67.6872964954 -135.12 150.96 255.64 0 14
-158.595848035 67.687804887 -94 241.36 289.16 0 14
-75.1104331922 67.7033572721 -111.12 219.88 224.96 0 14
-101.99854419 67.7040963358 -142.36 126.24 228.44 0 14
-116.782814242 67.7097304985 -103.88 216.12 299.92 0 14
-105.318500748 67.7100544394 -136.8 149.24 249 0 14
-121.839153986 67.7197934262 -102.32 217.84 299 0 14
-84.521430115 67.7226345308 -142.48 231.36 200.36 0 14
-123.116260014 67.7260421844 -105.84 223.04 298.52 0 14
-156.53668916 67.7260630774 -123 278.12 277.56 0 14
-153.330436053 67.7328579691 -124.28 298.48 347.88 0 14
-115.984076838 67.7407917285 -104.24 224.56 302.28 0 14
-82.3495438651 67.7613217168 -142.44 259.12 205.72 0 14
-121.367967337 67.7685989937 -105.84 218.96 289.36 0 14
-88.3518749316 67.7686096899 -139.52 203.6 216.4 0 14
-84.2936929017 67.8037910688 -143.64 235.44 198.68 0 14
-75.2497782406 67.8408204413 -113 216 222 0 14
-88.6708450432 67.8529627093 -143.12 210.68 212.32 0 14
-120.584711814 67.8546290498 -110 220.72 278 0 14
-144.431217243 67.8612963468 -101.92 156.4 374.44 0 14
-121.109949878 67.8638639646 -108.6 218.6 282.4 0 14
-68.1823592593 67.8643469907 -131.84 330.72 181.68 0 14
-74.024140732 67.8689103805 -110 217.44 228 0 14
-90.2673904634 67.8692013345 -145.64 210.2 219.28 0 14
-160.209045972 67.9306780373 -82.4 218.32 281.16 0 14
-118.99820721 67.9321592546 -102.32 215.28 289.2 0 14
-98.5297359669 67.9429009395 -152 130.44 236.96 0 14
-90.5998279866 67.9445610471 -146.28 204.4 221.04 0 14
-82.6304946901 67.9546151213 -141.04 252.44 206.76 0 14
-69.0765912848 67.9626794291 -129.12 307.12 191.84 0 14
-90.2547458006 67.9690202766 -144.92 206.08 219.68 0 14
-67.0749700104 67.9891821097 -115 275.08 194.96 0 14
-147.451912159 67.9892256263 -109.88 219.28 386.92 0 14
-69.7534631442 67.9971918069 -121 272.04 206 0 14
-92.7505861839 68.0079613881 -155.92 183.72 222.2 0 14
-137.219418453 68.0155871433 -126 247.72 282.96 0 14
-89.7622026035 68.0218133159 -137.2 189 229.08 0 14
-116.704901973 68.0225450237 -110.52 212.8 283.68 0 14
-146.543448735 68.0268455347 -114.6 188.92 365.96 0 14
-70.2498050246 68.0305452548 -122 268.04 207.2 0 14
-123.734727194 68.0405994716 -109.52 215.28 287.88 0 14
-69.8238834216 68.0459055557 -121 268.28 206 0 14
-89.0072471353 68.0620552338 -137 189.44 223.12 0 14
-67.7008179517 68.0623103927 -141.6 365.88 162.4 0 14
-75.3234526715 68.0623595061 -114 209 221 0 14
-155.790310784 68.0646076909 -116 262.2 302.72 0 14
-148.98035873 68.0878922825 -121.12 251.8 364.64 0 14
-93.0940966722 68.1105395653 -154.96 173.44 228.12 0 14
-117.589505609 68.1133925483 -106.32 203.2 288.08 0 14
-124.630102882 68.1175563846 -107.2 211.68 297.12 0 14
-156.007714867 68.1239517037 -115.68 257.2 296.08 0 14
-115.917148835 68.1488047037 -117.84 230.04 269.64 0 14
-142.67658342 68.1512004806 -120.56 161.04 313.88 0 14
-93.2529351269 68.158207713 -153.44 167.12 232.32 0 14
-122.683118081 68.1611213528 -112.84 214.08 271.44 0 14
-118.988111376 68.1796536288 -108.6 216.2 273.76 0 14
-117.7071991 68.1914209341 -110.64 207.08 277.16 0 14
-118.983245306 68.2129105685 -110.88 219.88 268.08 0 14
-83.5737175009 68.2446255437 -144.4 247.28 198.24 0 14
-136.861748517 68.259280391 -112.8 241.72 299.44 0 14
-69.298162065 68.2937099767 -134.8 312.36 185.44 0 14
-91.9078051387 68.305733571 -154.96 190.56 214.84 0 14
-153.84206314 68.3198124795 -145.6 268.4 284.08 0 14
-121.366861642 68.3224308989 -113.6 207.88 262 0 14
-165.648581194 68.3226740475 -81.84 233.32 233.24 0 14
-92.7488205649 68.3398570534 -155.04 174.56 222.6 0 14
-89.3928350915 68.3408884213 -137.96 187.68 224.92 0 14
-82.56072151 68.3469824327 -137.48 237.88 211.72 0 14
-117.180522527 68.3517214348 -117.8 207.36 266.2 0 14
-158.524446348 68.354944934 -126.12 234.8 228.72 0 14
-118.93214191 68.3614205681 -113.68 220.4 260.84 0 14
-146.199156478 68.3692510549 -122.52 172.4 335.12 0 14
-121.443131211 68.3795856044 -113.96 205.96 260.36 0 14
-124.282269223 68.3860814196 -114 204.44 270.28 0 14
-92.2385255942 68.3900733469 -152.4 178.12 222.28 0 14
-91.5481314888 68.4014653402 -154.04 193.6 213.4 0 14
-68.0239681933 68.4206404985 -143.68 357.64 164.2 0 14
-157.323188308 68.4241394728 -113.64 228.56 266.2 0 14
-84.0069800618 68.4299848366 -144.96 236.64 194.32 0 14
-156.625550138 68.4341277299 -108.72 229.36 287.4 0 14
-148.617691325 68.4447272178 -136.08 231.8 324.96 0 14
-116.743644239 68.4633604009 -120.6 205.32 262.64 0 14
-159.042094027 68.4723636845 -112.84 218.12 240.36 0 14
-141.779526166 68.4959568415 -129.96 164.6 285.32 0 14
-164.30423664 68.5088523699 -91.68 218.2 225.44 0 14
-118.57608626 68.514788318 -112.84 206 264.16 0 14
-123.875388436 68.5296135775 -111.28 200.2 270.44 0 14
-121.559008697 68.5405364745 -122.84 209.12 243.68 0 14
-78.7190529751 68.5409045803 -126 179 202 0 14
-107.75535585 68.5437468295 -140.2 129.68 239.84 0 14
-121.904717426 68.5456797092 -117.28 203.72 252.08 0 14
-124.151141999 68.5518072202 -115.28 200.92 262.56 0 14
-152.401031073 68.5520165024 -121.16 220.72 345.4 0 14
-118.489346527 68.583187161 -113.08 203.92 265.4 0 14
-156.299593728 68.5904681009 -108.44 221.44 291.4 0 14
-148.378223835 68.592545549 -124 220.16 348.6 0 14
-81.766745618 68.5986214717 -139.68 240 208.2 0 14
-123.15022509 68.6049128154 -119.72 202.2 249.6 0 14
-162.639215626 68.6066928335 -107.12 210.12 213.76 0 14
-112.179786088 68.6281780192 -133.76 129 227.6 0 14
-72.4350386033 68.6345416248 -119.56 224.48 213.48 0 14
-113.146508596 68.6398749428 -128 125 227.24 0 14
-140.569269236 68.6403485584 -132.44 177.72 284.2 0 14
-142.149898315 68.6465765923 -141.72 158.12 258.12 0 14
-112.8222097 68.6608493475 -129.68 125.84 227.68 0 14
-160.584678516 68.6635773498 -117.12 213.28 215.44 0 14
-161.03023168 68.6654433437 -113.08 209.48 217.8 0 14
-165.410346036 68.6692824811 -88.64 219.48 224.04 0 14
-144.205175242 68.6896086955 -153.4 149.96 243.24 0 14
-115.997567812 68.6960199498 -117.84 194.04 267.4 0 14
-90.844663386 68.7040742919 -146.64 185.4 219.8 0 14
-157.729167277 68.7236464953 -109.64 207.76 260.08 0 14
-98.151156327 68.7275965105 -156.667 119.571 227.81 0 14
-145.970224631 68.7390045435 -140.6 164.28 285.88 0 14
-91.7758867772 68.7404465881 -156.12 187.84 209.44 0 14
-146.076306569 68.7609745081 -133.68 164.72 297.68 0 14
-83.2870139938 68.7621286587 -142.68 242.28 199.88 0 14
-70.082859484 68.7688500462 -136.24 292.6 186.56 0 14
-147.191110438 68.7734347106 -133.44 188.24 312.76 0 14
-121.67401086 68.7839913455 -126.68 205 233.88 0 14
-83.2799703665 68.8021717903 -142.68 241.88 199.8 0 14
-115.060448631 68.8033529903 -120.2 186.92 257.36 0 14
-106.607882492 68.8114342678 -141.24 129.48 235.84 0 14
-163.764811223 68.8122583583 -97.4 204.8 219.88 0 14
-142.337680282 68.8158635021 -146.72 154.48 242.4 0 14
-95.485222833 68.8232808794 -155.84 141.64 229.6 0 14
-163.544845029 68.8272283691 -94.84 201.28 224.92 0 14
-129.330326623 68.8488628643 -109.08 158.2 308.36 0 14
-147.427748388 68.8614961485 -135.88 191.68 309.24 0 14
-161.044596886 68.8676103001 -102.52 194.84 232.04 0 14
-121.214348375 68.8689935774 -125.32 199.28 234.8 0 14
-69.3643567906 68.8793881069 -133.4 285.88 189.4 0 14
-96.9981416277 68.8918068699 -158.12 132 226 0 14
-97.283068962 68.8947843425 -159.76 129.6 224.6 0 14
-96.824081223 68.9008789876 -158.2 132.48 225.8 0 14
-139.432808737 68.9059561767 -127.24 185.68 282.88 0 14
-158.731364303 68.9076960797 -112.16 201.2 238.12 0 14
-121.376483717 68.917619526 -126.4 199 232.04 0 14
-118.36387428 68.9375298543 -112.72 185.96 266.48 0 14
-89.186752008 68.9725334487 -139 174.52 218.2 0 14
-93.5853028944 68.9912452761 -155.08 148.12 226.08 0 14
-92.1462807286 69.0107676747 -153.28 168.12 218.08 0 14
-81.815996446 69.0138013443 -140.76 252.16 207.96 0 14
-158.677798296 69.0174669615 -107 192.2 245.44 0 14
-93.0149680992 69.0232286423 -156.4 157.8 218.96 0 14
-74.4814008897 69.0286823248 -117.76 195.64 219.48 0 14
-107.643822652 69.0386058506 -144.08 124.12 229 0 14
-67.9174449353 69.0425712565 -122.4 256.92 197.24 0 14
-122.444533897 69.0615700372 -126.16 195.12 230.68 0 14
-81.9271006122 69.0741357521 -140.96 256.96 207.56 0 14
-139.939405705 69.1038165093 -126.68 171 272.2 0 14
-127.054664818 69.1239000355 -115.52 164.04 276.4 0 14
-83.7056549101 69.1281223849 -142.32 228.76 196.96 0 14
-81.9767660007 69.1397290061 -140 259 208 0 14
-147.45323278 69.1556190593 -134.68 183.8 305.16 0 14
-108.316135566 69.1563150302 -149.2 126.52 218.08 0 14
-149.949885499 69.1629216965 -107.04 196 373.44 0 14
-143.180114433 69.1715054895 -153.96 145.4 215.44 0 14
-84.4313627101 69.1721483994 -145 218.68 189.64 0 14
-74.5091293783 69.1926135676 -120.04 195.72 216.72 0 14
-146.849446497 69.1933333286 -134.44 171.6 296.4 0 14
-159.64797139 69.2051267415 -105.4 183.4 236.44 0 14
-104.228429142 69.2097079672 -148.96 126.68 214.24 0 14
-74.6859544841 69.2195843983 -120.44 193.32 216.2 0 14
-109.935543592 69.2482244314 -143.56 115.84 222.68 0 14
-70.0021448853 69.2502954684 -135.32 272.96 189.6 0 14
-128.259419859 69.2580099966 -107.52 142.32 293.16 0 14
-84.4387919112 69.2758587273 -141.16 206.76 195 0 14
-135.422561969 69.2964066999 -105 180.85 296.4 0 14
-96.2626316751 69.2992098768 -158.72 132.24 219.92 0 14
-159.10942987 69.3022402949 -106.72 179.92 237.56 0 14
-102.51426393 69.3132599484 -152 110.52 201.92 0 14
-92.6980673094 69.314525495 -155.68 159.16 215.28 0 14
-160.309885912 69.3145455456 -103.8 178.92 232 0 14
-114.446432296 69.3149091988 -128.32 152.68 234.52 0 14
-71.1395554975 69.3211460554 -127.88 237.12 201.24 0 14
-103.545440406 69.3245309834 -150.72 118.8 207.68 0 14
-104.5183555 69.3330821771 -149.92 128.92 213.8 0 14
-144.249786207 69.3478027491 -165.6 146 203.32 0 14
-78.5188060282 69.353712019 -131.08 172.64 197.52 0 14
-162.353802916 69.3642321404 -93.2 174.44 232.4 0 14
-107.430765807 69.3689373298 -146.84 120.72 221.76 0 14
-70.6329720823 69.3734147838 -137.68 271.04 187.2 0 14
-109.613001652 69.3836900609 -145.44 114.92 219.88 0 14
-71.6704346813 69.383968054 -134 250.08 192.8 0 14
-108.406000705 69.3850992468 -145.48 112.8 223.4 0 14
-90.7722597637 69.3870171428 -146.84 173.92 216.52 0 14
-147.937404976 69.3871545813 -106.36 179.88 360.88 0 14
-92.2473316064 69.3892504811 -153.36 161.16 215.76 0 14
-96.540051201 69.4037135594 -158.8 130.28 219.52 0 14
-84.9840316432 69.4238683814 -138.84 187.72 196.92 0 14
-97.2729973676 69.4395924031 -159.04 120.72 219.52 0 14
-107.515494637 69.4737773709 -147.12 118.68 220.64 0 14
-83.0447333933 69.4949337385 -137 223.4 206.6 0 14
-120.6833982 69.4980477132 -110.48 174.88 248.88 0 14
-150.15317583 69.5061513256 -108.16 177 360.16 0 14
-162.000128865 69.508417357 -92.2 166.64 234.68 0 14
-106.227916322 69.5324442574 -146.76 120.12 221.56 0 14
-124.518288265 69.5377877019 -115 170.08 234.76 0 14
-105.583885451 69.5393003957 -148.92 127.76 217.24 0 14
-71.5886338798 69.5405181619 -132.96 244.24 194.48 0 14
-161.067501714 69.5467484103 -96.16 165.92 234.92 0 14
-126.798870511 69.5496036699 -117.88 152.52 257.44 0 14
-108.412924441 69.5510872658 -144.96 110 224.04 0 14
-95.626118978 69.5555005142 -156.35 133.5 221.05 0 14
-161.653197197 69.5598537952 -94.16 166 234.52 0 14
-144.891756964 69.5783736699 -132.04 141.8 248.04 0 14
-85.2461203343 69.6128996742 -141.96 191.2 191.84 0 14
-122.246126923 69.6341695989 -122.76 176.92 226.36 0 14
-74.0506575234 69.6397237568 -131.04 217.84 200.56 0 14
-93.5115907218 69.6423437178 -154.04 143 218.16 0 14
-115.057293468 69.6445026142 -141.56 178.76 211.56 0 14
-85.0714658568 69.6509012124 -144.8 202.92 187.08 0 14
-160.969328713 69.6522799581 -96.92 163.8 234.52 0 14
-149.911146154 69.6537831444 -108.04 173 359 0 14
-73.6454906941 69.6593325166 -132.16 224.52 198.8 0 14
-111.265343499 69.6608704834 -147.56 120 204.68 0 14
-105.326823139 69.67521427 -153.48 130.32 207.36 0 14
-127.055988655 69.6854288792 -116.6 144.56 258.88 0 14
-70.8636301611 69.704972074 -138.96 264.44 186.04 0 14
-151.665068695 69.7133818224 -121.88 152.12 325.8 0 14
-146.285147266 69.7263954201 -111.68 149.28 310.2 0 14
-75.9657655642 69.7269044671 -131.64 196.92 202.08 0 14
-112.76820112 69.7304528143 -146 127.72 198.08 0 14
-79.6977161881 69.7540006466 -136 179.44 198 0 14
-109.993290083 69.7647821203 -146.6 109.88 213.92 0 14
-102.626219553 69.7866476619 -153 105 198.75 0 14
-162.543472011 69.8189095281 -94.12 162 227.28 0 14
-110.528120109 69.8301214882 -146.92 111.16 210.2 0 14
-151.006306346 69.8645127892 -115.92 154.76 335.84 0 14
-109.831220201 69.8667756853 -147.48 108.64 212.12 0 14
-153.800267122 69.8703187002 -119.24 159.72 298.64 0 14
-155.161526024 69.9021395641 -115.04 162.92 274.52 0 14
-110.505923479 69.9199044063 -145.32 105 212.28 0 14
-71.7719940195 69.9350132541 -127.8 216 202.56 0 14
-104.701771139 69.9662597177 -155.2 122.96 199.96 0 14
-75.797381779 69.9674779441 -138.2 209.96 193.8 0 14
-93.2937115455 69.9741318013 -155.12 145.72 212.4 0 14
-150.267024956 69.9838119665 -117.64 158.48 332.04 0 14
-102.918024548 69.984524604 -155.24 109 193.84 0 14
-147.61312959 69.9972060812 -108 155.4 334.2 0 14
-142.734523679 70.0064343159 -120.08 136 217.44 0 14
-93.6340192974 70.0137776081 -158.2 146.24 207.04 0 14
-152.243705346 70.0356854488 -124.52 140 310.44 0 14
-101.367824445 70.0377668459 -156.44 102 193.48 0 14
-160.85933994 70.0406639927 -100.36 151.76 226.56 0 14
-69.0077839653 70.0420838745 -147.88 307.12 171.68 0 14
-79.0451970912 70.0424110898 -136.6 175 196.88 0 14
-96.2066369757 70.048992629 -160 128.12 210.8 0 14
-101.004229713 70.0544093255 -157 102 194.92 0 14
-82.2892241707 70.081122412 -143.32 248.08 198.96 0 14
-116.212681564 70.0856659674 -140.64 174.8 214.6 0 14
-74.8134286345 70.0863180986 -135.44 209.56 198.56 0 14
-130.335719946 70.0897389709 -114 119 263.143 0 14
-115.330628965 70.094579456 -144 168.52 205.76 0 14
-112.577374858 70.0963871861 -146 120.04 199.16 0 14
-77.2107743 70.0976468352 -148 220.12 181.88 0 14
-150.789703734 70.1066649157 -117.92 148 327.6 0 14
-111.334103263 70.1099617233 -146.2 107.6 205.36 0 14
-107.508228004 70.1233524265 -150.68 107.56 210.32 0 14
-106.314476635 70.134760424 -155.32 118.12 200.44 0 14
-104.377733219 70.1388590472 -155 115 198.92 0 14
-153.486666609 70.1560327932 -123.96 147.44 289.72 0 14
-159.335992338 70.162385112 -103.88 150 228.88 0 14
-114.75354632 70.1649412097 -146.64 162.2 199.72 0 14
-82.9475728442 70.1809310886 -144.08 237.44 195.72 0 14
-75.2360981254 70.206668873 -138.72 212.72 194.04 0 14
-153.926782635 70.2074495706 -122.16 146 282.92 0 14
-112.910948768 70.2128162481 -140.667 111.952 207.381 0 14
-84.5824281382 70.2310981646 -137.8 187.72 199.2 0 14
-109.536823904 70.2349799749 -151.04 105 203.28 0 14
-115.191727593 70.2643819477 -136 147.2 220.333 0 14
-108.855867768 70.2669651988 -151.44 104.28 204.28 0 14
-153.749080259 70.2934646787 -124.12 143.96 280.72 0 14
-95.1142415318 70.3035550379 -163.84 144.08 198.64 0 14
-76.565438334 70.3062221013 -143 206 190 0 14
-106.161980528 70.3298413216 -157 116.76 197.68 0 14
-151.920717634 70.3325525692 -126.28 133 302.32 0 14
-69.4353542738 70.3441697559 -141.08 270.44 182.92 0 14
-84.5920380766 70.3504929802 -139.8 190.96 196.4 0 14
-111.079706753 70.357499261 -146 102.92 206 0 14
-109.657584059 70.3601240148 -150.8 101.84 203.16 0 14
-85.9490558066 70.3622705288 -144.76 183.48 190.24 0 14
-152.82090373 70.3788402763 -127 135 289.64 0 14
-158.175679719 70.3834687354 -109.76 143.8 220.48 0 14
-105.823476071 70.4356726623 -157.28 114 196.92 0 14
-149.541280795 70.445983614 -116.92 146 319.88 0 14
-79.5967589217 70.4685853607 -138 177.72 201.96 0 14
-72.8447917445 70.4713411672 -142.64 239.64 184.48 0 14
-154.925595914 70.4830790765 -120.96 141.08 256.64 0 14
-80.446902459 70.4886539165 -144 207.48 194.12 0 14
-104.990564768 70.5436357995 -155.76 108.56 196.64 0 14
-80.2162097495 70.5571313998 -143.12 199.44 195.28 0 14
-159.57947835 70.5573801136 -108 137.6 216.12 0 14
-78.5755981171 70.5658025072 -152.52 213 178.92 0 14
-88.5222153193 70.5678824451 -141.8 151.68 207.72 0 14
-77.7944233698 70.5949266321 -148 202 186 0 14
-128.168328986 70.6006984488 -119 110.96 237.36 0 14
-82.8041156038 70.623094742 -146.08 236 189.64 0 14
-74.856674916 70.6378514951 -144.6 222.16 186.32 0 14
-84.4045215467 70.6390881729 -135.64 179.56 202.44 0 14
-110.584681784 70.6413577371 -156.04 109.12 188.64 0 14
-74.7534535165 70.6516422352 -150.28 240.68 178.16 0 14
-77.6679697423 70.6780745412 -146.36 195.72 189.28 0 14
-81.7125938322 70.6956731399 -144.76 230.56 195.64 0 14
-110.296273523 70.7123486685 -158 109.4 186.2 0 14
-87.7351814253 70.7524707557 -143 154.92 201.72 0 14
-154.343763795 70.7628700562 -125.48 131.44 255.52 0 14
-155.48498172 70.7915576473 -121.28 131.28 234.6 0 14
-69.9622347344 70.7996274951 -128.08 212.08 200.92 0 14
-80.8734220533 70.8043107641 -144.84 211.44 194 0 14
-157.908807402 70.8270219652 -115 131 206.52 0 14
-81.2198988516 70.8282880586 -143.76 214.84 197.12 0 14
-85.3432776908 70.8440553284 -138.8 170.6 198.2 0 14
-84.1333831831 70.8453806922 -138.96 190.8 197.2 0 14
-75.5582892706 70.8478700283 -155.28 242.68 173.92 0 14
-114.878723504 70.8532255553 -153 153.84 185.12 0 14
-106.188418243 70.872111934 -156.36 103.84 194.12 0 14
-88.8260627179 70.8737229084 -144.04 151 205 0 14
-77.8129790153 70.8908943675 -149.32 199 186.84 0 14
-75.3869431898 70.911738997 -153.36 236.8 176.68 0 14
-75.4047865134 70.9527167238 -155.12 242 174.2 0 14
-81.5082491088 70.9690242625 -143.8 216.88 196.04 0 14
-108.806817533 71.0076854422 -156.04 96.04 191.88 0 14
-112.979959792 71.0204614845 -156.68 123.84 179.32 0 14
-85.7981753078 71.0484638741 -138.08 160.4 202.16 0 14
-110.756487887 71.0776127816 -161.8 111 176.4 0 14
-113.181871042 71.0886625138 -156.44 124.24 179.44 0 14
-114.065607917 71.0904195782 -157 137.76 178.68 0 14
-95.7252582495 71.1109168426 -163.28 134.44 193.08 0 14
-108.302394749 71.1186980959 -155 93 195.64 0 14
-87.1411402222 71.1328259893 -140.24 147.28 204.12 0 14
-113.732998378 71.1367613662 -152.92 124.96 185.36 0 14
-112.31297406 71.1650626718 -159 117.84 177.28 0 14
-94.3243691193 71.1664219148 -170.2 158.88 178.8 0 14
-104.520548392 71.2058350757 -156 96 193 0 14
-79.351435932 71.2434458507 -147.2 189.72 192.68 0 14
-116.227182878 71.250302758 -150.04 155.64 191.88 0 14
-106.861810376 71.2731872503 -156.96 94 192.04 0 14
-87.0959900272 71.3008451091 -142.84 153.64 200.24 0 14
-77.5052009536 71.3637838634 -162.92 235.04 171.04 0 14
-115.583705414 71.3649193315 -145 135.12 200.68 0 14
-107.098344541 71.3744212845 -155.64 90 195.28 0 14
-123.464773264 71.380336524 -134.76 140.12 189.72 0 14
-114.149411936 71.3814470836 -158.68 134 176.08 0 14
-94.3588007485 71.3993587716 -161.72 141.08 191.12 0 14
-108.407394515 71.4303882223 -155.84 89.56 191.96 0 14
-116.024148521 71.4394198168 -146 140.45 198.9 0 14
-114.055937625 71.470776995 -154.68 125.28 182.28 0 14
-109.943163911 71.4761800795 -163.96 103.68 175.16 0 14
-76.1591449997 71.4773855813 -160.48 236.08 171.08 0 14
-81.9285358466 71.4822836067 -147.96 218.08 188.32 0 14
-93.9856494888 71.4886380796 -160.76 142.16 191.88 0 14
-98.5878754295 71.4957746844 -162 106.36 190.64 0 14
-108.575318035 71.4990829394 -155.88 88.92 191.68 0 14
-99.2687578146 71.5657547191 -162.08 103.4 188 0 14
-76.594317921 71.5838639847 -148.96 192.68 190.2 0 14
-114.822465941 71.5865424017 -154.4 132.96 183.6 0 14
-89.8815893463 71.5951045131 -146.6 137.8 206 0 14
-115.136272753 71.6202661954 -152.76 135.04 186.56 0 14
-80.1307341132 71.6414078275 -150.76 198.32 188.04 0 14
-80.1409016529 71.6919852699 -156.4 215.92 181.16 0 14
-124.256736739 71.7554254289 -133.545 130.455 190.227 0 14
-116.155707 71.7573733428 -156.2 149.6 180.16 0 14
-114.565669298 71.7627609537 -159.4 133.84 174.64 0 14
-79.879499404 71.7722439158 -168.48 251.8 163.96 0 14
-110.967326514 71.7777241253 -167 108 166.68 0 14
-109.108411464 71.7981080133 -159 88 185 0 14
-111.69184655 71.8046648586 -163.68 106.4 170.92 0 14
-99.6243933632 71.8160508716 -163 101 184.12 0 14
-106.149016406 71.8367173983 -163.92 93 177.68 0 14
-123.600593296 71.9505210987 -141.16 132.36 180.44 0 14
-78.2674083758 71.9507797416 -151.095 182.048 195.048 0 14
-109.54904353 71.9553224932 -169 102 165.2 0 14
-122.754401614 71.9559211899 -145.24 138 177.44 0 14
-112.957986607 71.9746527118 -167.96 122.12 160.32 0 14
-111.04136434 71.9748728029 -167.44 104.6 165.4 0 14
-117.722019743 71.9990791878 -150 151.32 187.04 0 14
-111.518647409 72.0086019611 -172.52 115.2 154.76 0 14
-111.830727149 72.0345585336 -166.76 109.76 164.64 0 14
-117.062055047 72.0436036905 -149.4 141.96 190.4 0 14
-115.093394567 72.052306937 -159.96 134.36 174.8 0 14
-109.949312995 72.057108831 -172.44 106.76 157.96 0 14
-121.576102984 72.0598224179 -141.68 138.76 185.92 0 14
-106.189998924 72.0670772308 -167.6 95 170 0 14
-116.772562149 72.1170376208 -154.84 144.36 181.48 0 14
-109.508437776 72.1534536576 -168.64 96.48 165.2 0 14
-115.282262161 72.1837765849 -155.4 125.6 180.92 0 14
-114.60764018 72.1977993159 -157 121.84 178.6 0 14
-97.2748802367 72.2099182394 -166 119 180.96 0 14
-108.995907618 72.2149669662 -162.6 86.6 177 0 14
-121.027129225 72.227064824 -143 134.2 185.96 0 14
-118.054814676 72.2578899669 -141 128.091 200.818 0 14
-125.21317521 72.2735242405 -135.56 118.76 192.96 0 14
-122.52475334 72.2834139424 -142.16 130.28 180 0 14
-79.3850599046 72.3081197804 -162.4 214.48 177.4 0 14
-121.603575993 72.309026759 -141.96 133 185 0 14
-111.261773196 72.3229706644 -169.72 103.6 159.96 0 14
-120.341922638 72.3685866319 -143.36 135.48 187.84 0 14
-112.474894957 72.3791780539 -163.56 102 169.44 0 14
-117.377210039 72.4003037525 -151 137.72 186.28 0 14
-116.420936877 72.4311610261 -154.12 130 183.28 0 14
-116.248963285 72.4363821635 -154.8 128.56 182 0 14
-106.402179255 72.448933379 -173.32 95.88 158.84 0 14
-114.585523484 72.4499718051 -153 107.84 186.44 0 14
-82.011131452 72.4590336196 -167.28 255.48 159.84 0 14
-119.813917025 72.4591694423 -146.32 136 184 0 14
-120.600784006 72.4711835586 -145.2 134 183.84 0 14
-117.924860568 72.4876448097 -150 138.2 185.28 0 14
-100.831017921 72.4920416779 -165.44 93 174.8 0 14
-75.9554504765 72.4976706133 -146.28 172.16 194.28 0 14
-116.107604119 72.5107645446 -156.16 127 179.72 0 14
-122.661752916 72.5485910477 -150.76 128.88 170.08 0 14
-84.3150577081 72.5900610431 -150.72 211.92 172 0 14
-84.7539501134 72.6308174953 -157.64 228.48 161.88 0 14
-82.6971608119 72.6640239571 -163.36 243.4 161.68 0 14
-83.3343808172 72.6696634746 -160.8 239.16 162.12 0 14
-116.809744027 72.6889926891 -152.2 124.48 184.96 0 14
-94.4743255895 72.7463131397 -156.76 128.32 188.88 0 14
-115.995714211 72.7999334237 -159 124 174.2 0 14
-120.942225783 72.8208637966 -148.52 128.04 178.48 0 14
-109.92308299 72.8627067611 -172.24 93 157.24 0 14
-114.98650569 72.9018797217 -163.52 118.44 166.52 0 14
-123.014289638 72.9319036482 -149.84 119.24 170.4 0 14
-122.05849648 72.9777838447 -153.4 125.8 167.76 0 14
-121.96697091 72.9786011937 -149 123 172.96 0 14
-118.350379123 72.9807968845 -153.32 128 178.24 0 14
-99.4011219364 73.0365502302 -170.6 107 166.64 0 14
-115.140417452 73.0734450677 -163 117 169 0 14
-98.2360619235 73.1362309756 -173.76 120.96 161.12 0 14
-82.5004420845 73.2148135027 -166.8 234.56 159.44 0 14
-124.328962455 73.2421813433 -147.2 108 172.68 0 14
-120.622673696 73.3082105703 -159.4 126.6 163.32 0 14
-98.1613155048 73.3349670764 -170.4 115.4 166.36 0 14
-82.6459798454 73.3733214962 -164.32 223.12 163.08 0 14
-118.204833607 73.3763532726 -164.4 135.96 160.24 0 14
-81.5530792898 73.4069908655 -157.76 190.28 177.32 0 14
-81.856341334 73.4439559496 -168.48 226.16 161.92 0 14
-121.206539155 73.4546306003 -154.48 120.84 168 0 14
-119.957869854 73.4596982433 -153.36 120 173.56 0 14
-120.890641401 73.4652243705 -155.6 121.72 167.44 0 14
-121.018235212 73.4707658892 -155 120.56 167.92 0 14
-123.023102745 73.5178043361 -151.88 113.32 166.56 0 14
-98.5208691461 73.5205757473 -172.8 115.32 161.12 0 14
-81.64928286 73.6489892625 -152 167.04 186.88 0 14
-122.246176085 73.6972693915 -156.68 114.92 161.88 0 14
-119.0976441 73.7789634056 -167.8 134.2 152.64 0 14
-98.492172054 73.7852489269 -167.32 106.44 171.28 0 14
-118.405629089 73.7999507218 -170 133.84 151.44 0 14
-119.460965333 73.8322339864 -159.36 120 166.56 0 14
-119.390074269 73.9555444899 -164.2 123.2 159 0 14
-123.220680046 74.0241689783 -158.68 104.28 157.56 0 14
-121.664973707 74.2327459351 -163.28 110 155.24 0 14
-123.599369389 74.41867315 -158 97 158 0 14
-121.12818588 74.4808286642 -169.44 110.08 149 0 14
-81.4923067436 74.5650523898 -160.08 163.72 178.96 0 14
-109.865854014 74.9670831057 -180.52 73 144.56 0 14
-112.130315087 74.9893591136 -175.84 78.16 150.12 0 14
-99.6836403372 75.0123576257 -175.56 101 155.8 0 14
-96.3879128286 75.0816499781 -167.92 121.84 163.12 0 14
-114.989467333 75.152408844 -187.16 109.08 131.84 0 14
-111.678512191 75.165693868 -179.75 78.5 145 0 14
-112.014986893 75.187979476 -188.48 91.28 131.56 0 14
-97.9269814146 75.2156113178 -175.2 112.48 154.6 0 14
-104.435839929 75.2854985448 -176 65.16 150.08 0 14
-106.729926973 75.3315275975 -179.84 62.84 144.4 0 14
-117.209397481 75.3385963015 -180.28 105.92 140.52 0 14
-110.944258437 75.5043488131 -178.833 70 148 0 14
-98.883830454 75.5239365111 -182 111.84 145.44 0 14
-108.714501568 75.5432515709 -178.88 63 147.32 0 14
-117.183179619 75.6062225231 -180.792 100.917 140.625 0 14
-119.132789711 75.619244399 -179.64 105.84 139.44 0 14
-107.446599389 75.632170419 -180.92 61.6 142.2 0 14
-115.711471026 75.6948948654 -189.84 106.44 127.44 0 14
-116.69920229 75.7487585723 -183.84 100.08 136.72 0 14
-105.493404496 75.8680499054 -177 57 148.24 0 14
-118.018888452 75.9490038693 -179 95 142.84 0 14
-114.885113428 76.0326090312 -189.16 93.92 130.44 0 14
-108.065177441 76.0366033024 -181.28 61.44 142.96 0 14
-115.866569697 76.0527855779 -192.04 102.56 124.92 0 14
-109.798795296 76.2527833659 -183.4 67 140.8 0 14
-98.5904261657 76.317791383 -186 113.6 140.76 0 14
-108.580620827 76.4080261078 -183.28 61.88 140.8 0 14
-87.8867407854 76.4286329222 -173.56 111.72 172.64 0 14
-120.006983849 76.5602716112 -186 95 131.4 0 14
-103.852587105 76.5608666904 -185.48 80.24 141 0 14
-116.718268449 76.5780493733 -185 86 137.8 0 14
-113.86385625 76.7873734742 -187.56 76 136.04 0 14
-116.651874083 76.7962269463 -190.48 89.96 128.56 0 14
-120.269744091 76.8027613205 -185 85.04 133 0 14
-117.67526821 76.8247464942 -186.72 88 133.4 0 14
-119.632755712 76.8919442908 -186.88 90 131.76 0 14
-84.3741678943 76.9737926724 -185.6 144.28 156.28 0 14
-84.4738890856 77.1426935788 -182 129.6 162.68 0 14
-84.0239925828 77.2344356231 -181 126.36 163.2 0 14
-83.7426538886 77.3191536656 -179.6 123 165.44 0 14
-83.0357294551 77.3576786362 -173.92 112.28 171.88 0 14
-82.8385926291 77.4005978052 -176.76 119.48 168.08 0 14
-86.1679302358 77.467573624 -183 111.44 165.8 0 14
-110.276950241 77.6930560642 -194 65 130 0 14
-99.6618289387 78.0697408111 -198.8 108 125 0 14
-83.0263120652 78.0724477266 -185.12 119.56 160.12 0 14
-100.386422473 78.247066797 -198.28 103.2 127.72 0 14
-86.3095106459 78.4322646785 -195.4 111.32 154.08 0 14
-98.1245692462 78.4624582893 -192.96 98.96 137.44 0 14
-90.1015827683 78.4940692736 -188.88 96.76 154.4 0 14
-109.495189906 78.5098941738 -200 65 122.76 0 14
-110.251931114 78.5342407387 -203.76 68 116.76 0 14
-84.3948384902 78.580739362 -196.48 121.6 151.48 0 14
-82.1733566602 78.6499148105 -189.48 119.32 154.92 0 14
-86.4951616606 78.6628038048 -206.16 130.8 141.88 0 14
-87.0529099064 78.9193821263 -198.64 103.68 152 0 14
-92.2383838111 78.9343935254 -210.44 127.6 117.04 0 14
-93.6710227957 79.0002047439 -189 91.44 146.48 0 14
-81.9699820535 79.0595393974 -201.36 138.72 140.92 0 14
-92.2910601666 79.0727387213 -196.08 100.8 139.28 0 14
-91.9893808051 79.1080816048 -207.08 117.72 123.2 0 14
-80.4196583788 79.1164953741 -190.16 121.36 150.84 0 14
-91.5395668477 79.1632881032 -210.76 122.36 119.4 0 14
-85.4675843524 79.2064179289 -204.35 112.8 147 0 14
-88.2872821111 79.2263473104 -223.68 160.12 119.64 0 14
-90.1357511284 79.2364040272 -201.48 105.16 139.2 0 14
-87.1714097568 79.2874305951 -227.76 168.56 117.56 0 14
-91.3680876647 79.4387955926 -220.88 133.4 106.6 0 14
-94.6004931161 79.4647191015 -199.56 100.48 132.72 0 14
-88.1840578316 79.7079447934 -207.36 107.04 141.2 0 14
-87.9080999673 79.7322604806 -202.68 95.68 147.88 0 14
-83.5228084259 79.7613015494 -198.4 101 151.52 0 14
-88.1261613736 79.9389110801 -197 79.64 154.24 0 14
-84.134001386 80.0181706401 -199 91.8 152.88 0 14
-82.0875248018 80.0242711298 -188 85.1818 161 0 14
-90.361363558 80.0328402375 -218.24 118 117.68 0 14
-83.6083543749 80.0494474249 -192.8 82.04 159.32 0 14
-67.4575754664 80.3178215385 -149 107 160.4 0 14
-92.9705281589 80.3300206067 -226.56 126.44 100.64 0 14
-81.1734030113 80.3974640614 -196.28 100.92 148.48 0 14
-92.5570509131 80.568143742 -222.44 113.8 108.52 0 14
-88.4991137017 80.7548714715 -216.68 105.92 130.68 0 14
-69.6185679988 -55.1413316809 21.6 1063.2 463.4 1 13
-69.6903310501 -54.9486046369 44.3333 994.524 506.429 43.1837 13
-68.5292094992 -54.5802670921 55 555.84 558.72 80.3333 13
-73.1771881736 -53.8792588566 59.96 2649.76 500.72 21.2267 13
-70.6877409004 -53.8736646201 59.9444 863.5 540.111 45.1379 13
-74.2443591132 -52.1602997665 58.72 2954.56 496.8 47.7749 13
-73.0282155038 -50.5567267594 41.28 904.04 610.32 49.7 13
-74.8554157363 -49.892516754 61.64 4691.6 526.4 45.8838 13
-72.3981570407 -49.4340117962 25.16 524.68 605.12 7.1825 13
-75.0919184716 -48.6775502536 71.76 4446.76 537.56 35.4618 13
-71.6110461649 -48.0004251926 51.32 236.12 711.52 6.0825 13
-71.9851157478 -46.5138072305 82.2 531.04 751.8 11.0885 13
-73.5874848998 -46.4814384475 66.6 2005.72 606.72 8.96011 13
-74.2173943406 -45.9266862334 60.92 2278 560.72 41.491 13
-74.3436984243 -45.6455655872 78.96 2347.88 578.92 70.2088 13
-67.6808807003 -45.2876993077 115.12 192.2 986.28 1.805 13
-68.3001949216 -45.2858185461 106.56 162.2 979.4 1.98 13
-70.2135279426 -44.2300990643 84.2 155.8 937.76 3.8025 13
-71.2468948497 -42.7005989403 40.72 559.4 808.32 4.855 13
-63.5566467716 -36.8849497943 152.84 643.48 1407.44 4.62907 13
-71.875907462 -36.766556404 120.68 1231.16 1206.16 21.1275 13
-71.7119618413 -35.3809666134 144.32 787.88 1349.16 16.5625 13
-54.0450677916 -34.2809835418 161.08 1142.52 1180.28 12.18 13
-56.6142294909 -34.0755203699 168.92 1279.36 1295.28 8.255 13
-71.5354529704 -33.7749767995 168.84 440.56 1294.16 19.5875 13
-56.5449273392 -33.4781673115 174.16 1277.68 1332.6 13.865 13
-54.5317511557 -33.2759333492 173.2 1251.44 1358.48 16.62 13
-56.7509200877 -33.2312422122 176.12 1236.96 1343.84 8.15 13
-55.5640041071 -33.1278998394 172.16 1240.12 1359.72 5.2175 13
-57.6218680282 -32.8977430076 178.88 1172.44 1376.04 35.4425 13
-58.6721933595 -32.8797628166 177.44 1027 1378.92 7.31 13
-58.0413261214 -32.7955743608 179.96 1108.08 1391.08 20.055 13
-66.6927108173 -32.7001758869 178.2 426.92 1515.28 3.0525 13
-54.8037190028 -32.6118383651 173.52 1244.72 1389.2 11.585 13
-53.3437199447 -32.545520749 176.08 1221.6 1274.04 14.14 13
-56.5327435768 -32.4208366578 178.6 1148.2 1385.12 5.9125 13
-53.936952853 -32.3953473165 168.68 1257.24 1329.12 14.7275 13
-59.8168708671 -32.3079411632 180.76 999.84 1404.96 7.83 13
-56.8338311388 -32.2408333375 180.2 1196.04 1399.28 8.925 13
-52.7378352905 -32.0449334952 179.24 1297.32 1259.88 12.7056 13
-52.7616149413 -32.0395017289 177.84 1312.56 1261.72 23.89 13
-56.1904321845 -31.9270966679 172.88 1254.56 1385.28 5.295 13
-56.3438045011 -31.8307254683 174.24 1270.36 1392.48 5.7625 13
-58.4494034356 -31.6894314469 183.16 1173.88 1455.56 9.3725 13
-52.8303127442 -31.6226815197 175.24 1397.2 1271.24 24.9925 13
-55.418909116 -31.5476361146 180.4 1285.2 1412.88 20.16 13
-52.4463642867 -31.5391410081 179.2 1409.28 1266.4 28.235 13
-57.6526277486 -31.4701305185 185.12 1293.44 1429.12 10.9375 13
-66.9049811345 -31.3815941025 194 339.8 1543.4 2.55 13
-61.1395523532 -31.3295233574 187.44 937.12 1477.12 11.67 13
-56.4568084724 -31.2870792817 181.84 1323.52 1428.08 7.49 13
-58.8442864856 -31.2321463978 187.32 1121.48 1466.68 14.2325 13
-58.7241059389 -31.2069910955 187.56 1141 1470.24 10.815 13
-58.0990954983 -31.1401004064 188.32 1264.16 1470.56 21.055 13
-58.685805858 -30.9926790192 189.08 1146.24 1470.32 10.45 13
-54.856630774 -30.9176606991 185.04 1346.24 1398.76 11.0127 13
-54.1291005322 -30.7061710374 179.88 1440.28 1335.64 15.98 13
-54.8356716967 -30.6583299987 186.44 1426.96 1399.48 10.8718 13
-66.6033297992 -30.4700243898 192.8 361.84 1547.08 2.7275 13
-58.5063567928 -30.4010623285 193.64 1141.24 1466.56 13.5375 13
-58.4685542258 -30.2927787842 194 1138.16 1464.36 13.9875 13
-55.2140954711 -30.2683796051 180.76 1575.56 1395.12 21.6025 13
-51.7714113447 -30.2465231353 189.68 1380.92 1262.96 57.895 13
-53.6358423307 -30.1219414783 192.52 1543.08 1344.36 12.2545 13
-56.2386744913 -30.049342628 188.68 1428.6 1452.92 7.9325 13
-55.9419773331 -30.0191647021 187.88 1527.04 1437.6 7.08947 13
-53.6732944016 -30.010934212 193.32 1566.92 1351.4 13.6164 13
-57.5734665114 -29.9405998104 198.88 1281.32 1455.92 21.5975 13
-54.9956347237 -29.8810371155 190.28 1630.2 1418.8 13.0925 13
-53.8764031195 -29.8607560796 193.68 1636 1369.88 13.19 13
-59.4305293629 -29.811813576 197.32 1054.24 1490.96 25.4552 13
-55.5834270285 -29.7951267697 185.2 1658.36 1413.32 8.4525 13
-51.8632141681 -29.7371416605 195.92 1329.52 1303.76 35.545 13
-54.0584224306 -29.6065566828 192.72 1703.76 1387.76 16.495 13
-57.2156554101 -29.5339433531 201.24 1395.16 1464.52 15.37 13
-65.7976028247 -29.3578348469 208.28 387.64 1643.12 1 13
-56.8920978123 -29.3515110076 202.8 1362.48 1483.16 11.3 13
-60.9211647604 -29.3329852042 200.28 983.44 1595.84 10.655 13
-55.0253308875 -29.2263133601 190.48 1790.72 1436.16 24.655 13
-55.6913114079 -28.903666883 200.48 1664.08 1494.36 10.4575 13
-53.2871625604 -28.8546416904 191.72 1634.4 1380.2 22.82 13
-54.04858157 -28.8399217614 188.56 1811.72 1411.84 13.9025 13
-55.566117359 -28.8257215788 201.32 1699.2 1501.24 9.665 13
-53.093385022 -28.7776828099 190.92 1620.96 1372.2 15.9058 13
-56.6299973304 -28.6971610222 208.52 1472.12 1526.92 15.9025 13
-58.5703875486 -28.6670460345 205.96 1115.24 1507.08 15.99 13
-54.302165505 -28.3628214319 202.96 1817.2 1499.4 16.6625 13
-51.7760828107 -28.3566984743 167.08 1803.36 1263.08 27.77 13
-49.2893231024 -28.3386838129 194.32 1451.28 1356.08 43.715 13
-56.0149026367 -28.3266423375 208.24 1591.88 1542 21.4425 13
-54.358890037 -28.2881248798 201.88 1830.2 1501.64 24.04 13
-52.3689261229 -28.2877049313 179.08 1746.36 1308 9.93 13
-55.0446713184 -28.2222640272 206.12 1851.48 1534.92 21.885 13
-55.1710165487 -28.2132819439 208 1807 1541.96 13.18 13
-51.9195591337 -28.0122714044 182 1716.8 1333.12 19.86 13
-53.3786280613 -27.2688489331 197.08 1850.92 1490.6 25.3425 13
-53.3442886945 -27.0956858047 203.36 1815.28 1546.32 27.6058 13
-52.7800640243 -26.5418072351 177.12 2061.32 1491.72 26.8575 13
-50.6198645901 -26.2596353929 169.76 1509.48 1415.32 41.18 13
-57.065617671 -25.9273240426 218.36 1475.44 1526.48 13.9625 13
-55.7103630159 -25.3163433758 215.2 1630.16 1528.72 13.2725 13
-66.2686451331 -25.2538871373 128.4 154.2 1362.2 2.0875 13
-57.2309439478 -25.1568942471 227.6 1393.84 1534.84 17.0175 13
-55.8244553558 -25.1369627199 215.68 1658.24 1519.08 21.2075 13
-56.4677376742 -24.8351991514 223.6 1359.64 1501.36 20.12 13
-55.3540797448 -24.5784677794 217.16 1575.24 1549.84 27.63 13
-55.9948276065 -23.7944534068 227.24 1483.64 1578.72 43.2675 13
-55.2929568565 -23.7713628837 219.52 1616.76 1567.96 8.5075 13
-60.2372649266 -23.7270326078 231 669.44 1752.76 19.9825 13
-54.8315558549 -23.5461390686 222.28 1593.6 1581.04 14.2975 13
-62.2165705772 -23.2381330159 231 555.48 1767.64 8.3225 13
-55.202672493 -23.1940264299 218.24 1575.44 1578.88 12.4325 13
-57.2760815749 -23.1588845348 236.04 1390.32 1669.16 21.035 13
-54.5764762016 -23.0540168387 226.64 1557.72 1609.52 11.415 13
-56.5420440645 -23.0465550887 228 1434 1617.96 21.315 13
-42.819066894 -22.9233673412 232.44 1177.8 1342.04 19.6008 13
-48.6973974346 -22.657763645 203 1291.24 1558.24 13.54 13
-54.9706965037 -22.6244894492 224.36 1528.96 1601.56 14.5225 13
-46.8289731985 -22.4488177713 201.08 1387.32 1511.36 14.0975 13
-57.2268670364 -22.2597670801 242.52 1358.88 1665.8 23.3025 13
-54.8021795925 -22.2077533569 228.04 1426.6 1621.6 11.1525 13
-57.2790054735 -21.930571646 244 1345.04 1672 29.0775 13
-57.1970048017 -21.6936576522 240.16 1338.48 1666 26.6525 13
-64.9739939515 -21.6686445679 92.48 365.52 1391.88 1.2575 13
-54.8593773596 -21.6298681418 234.52 1413.72 1642.12 13.4225 13
-57.6080661996 -21.619837516 246.84 1296.76 1692.68 39.4625 13
-56.3631705637 -21.4947246787 238.8 1362.56 1671.8 16.915 13
-56.2799523802 -21.3064110385 238.92 1368.64 1679.44 16.4575 13
-46.4046950145 -21.1308770541 188.92 1541.64 1473.6 24.3275 13
-44.4864332549 -20.8815862665 192.72 1609.52 1510.48 9.9675 13
-41.8024170999 -20.4095309032 123.04 1679.04 1175.56 36.9725 13
-51.5576118641 -20.2412276002 238.64 1402.24 1714.44 9.3025 13
-46.5535983173 -20.1773700458 183.28 1578.68 1431.48 8.9625 13
-46.8888003689 -20.1022487172 188.2 1571 1409.52 8.3625 13
-53.2419110433 -20.025770967 244.88 1431.76 1697.72 16.865 13
-50.0205956174 -19.8930494468 238.16 1200.88 1741.52 12.1126 13
-64.2755392562 -19.5267648444 188.04 768 1471.76 15.07 13
-46.3647772543 -19.4321037087 204.68 1507.96 1561.6 12.16 13
-52.3812966142 -19.3636284865 241.8 1503.32 1709.64 11.1225 13
-65.6969274418 -18.9917025577 116.64 534.72 1373.72 1.4775 13
-45.7953139817 -18.8399757104 216.68 1445.92 1632.6 10.3975 13
-41.3116814548 -18.8028076511 226.32 1181.88 1619.12 18.2075 13
-67.5720909101 -18.6748909633 88.28 297.92 1332.64 1.22346 13
-43.2107045508 -18.603651392 206.88 1465 1582.12 38.4875 13
-44.0335876176 -18.5559725229 212.68 1233.68 1628.44 12.1025 13
-49.0226503004 -18.5253423831 233.52 1230.36 1738 19.805 13
-41.9612583106 -18.0933976211 233 1117.56 1697.88 23.175 13
-46.3895121297 -17.8271920654 236.76 1308.2 1720.72 7.5 13
-43.0356414489 -17.394347314 214.32 1010.6 1629 22.045 13
-41.523654692 -17.3300107804 218.24 991.72 1636.16 24.84 13
-55.6187430518 -17.2201993771 260 1324.32 1792.6 12.4725 13
-49.8751612208 -17.1920684388 235 1452.16 1661.12 14.585 13
-41.2807599743 -17.1080204028 225 945.4 1645.6 45.0575 13
-69.6127625512 -17.0577666855 39.48 537.08 1041.6 1.8425 13
-41.1468959442 -17.0434925084 220.52 973.6 1607.8 33.67 13
-46.1080464597 -17.0422544481 237.48 1177.84 1783.16 8.025 13
-68.3494293688 -17.0122517045 54.6 496.48 1114.68 1.9075 13
-57.2406674922 -16.9954815982 262.8 1232.16 1806.48 22.1985 13
-45.3605386845 -16.98784712 234.76 1050.88 1823.4 18.4225 13
-66.380362509 -16.8348188054 73.56 990.16 1174 13.755 13
-44.0705349472 -16.7518492626 213.96 1251.92 1676.12 21.2125 13
-43.1122669139 -16.7037078617 212.36 990.24 1661 12.185 13
-44.2584275192 -16.6730970122 214.24 1295.64 1704.76 23.51 13
-42.3987484085 -16.4261490568 212.92 941.04 1677.52 20.9575 13
-42.7014832074 -16.3728681468 207 972 1643.84 24.135 13
-50.6962026984 -16.2916681276 242.52 1672.16 1649.72 18.37 13
-43.2825055323 -16.233165433 217.68 953.44 1691.08 9.49 13
-49.3009710488 -16.1907955804 230.6 1540.04 1543.6 18.53 13
-45.8364635263 -16.1814705846 236.64 1137.72 1834 6 13
-45.9936690449 -15.8957163051 237.68 1162.76 1816.92 13.4375 13
-69.8263262215 -15.8180091936 78.68 909.36 1066.16 3.06267 13
-45.8155189851 -15.8137712826 236.24 1149.52 1826.12 14.6 13
-72.1146305515 -15.7590964326 76.76 349.24 1269.96 1.2825 13
-39.6108255402 -15.7547764124 225.76 1011 1391.36 28.875 13
-56.2168639763 -15.6475797274 256.2 1265.48 1748.68 9.495 13
-41.8943529198 -15.6214459551 214.72 858.24 1600.96 35.1575 13
-42.4923835949 -15.6071611103 207.08 887.08 1605.56 25.1975 13
-56.2297318798 -15.5682161084 254.24 1290.76 1734 5.72 13
-68.907457221 -15.5298380773 173.32 1024.72 1433.92 8.1025 13
-46.9173714249 -15.4722734459 219 1446.84 1597.88 8.7275 13
-73.5744356843 -15.46204306 89.28 537.84 1309.52 1.01 13
-71.4276762462 -15.2779696928 56.44 757.88 1199.24 2.1625 13
-55.8780266273 -15.2465552682 234.08 1482.2 1680.12 14.7425 13
-52.3228135532 -15.2128751558 230.8 1656.52 1797.16 9.0525 13
-44.9462776025 -15.1381803525 232.36 1096.08 1795.32 10.025 13
-44.8027472046 -15.1354774734 232.64 1079.92 1790.52 12.5975 13
-51.8516362502 -14.9895270937 256.08 1522.64 1843.2 46.7525 13
-53.2508466264 -14.9048101157 232.92 1780.64 1867.36 12.515 13
-51.9851277844 -14.8991640195 254.96 1517 1855.24 23.2825 13
-74.0766336305 -14.8574268853 59 952.4 1156.16 1.1675 13
-53.3285774424 -14.8150408396 230.72 1806.92 1855.76 18.8775 13
-47.0884597707 -14.7636951997 252.12 1345.12 1679.12 14.025 13
-71.5598371011 -14.7063043241 69.68 875.92 1272.32 3.54 13
-48.8488357152 -14.666526183 249.52 1582.76 1622.92 12.29 13
-66.6726205313 -14.6408310829 255 1714.64 1709.08 11.5225 13
-70.936819971 -14.5849656209 32.08 791.56 1087.16 3.075 13
-71.7844848004 -14.5539222743 41.76 829.72 1105.4 2.865 13
-55.0322588252 -14.5246928657 238.8 1621.64 1802 20.1375 13
-73.0764622261 -14.4794812026 45.2 815.64 1093.48 2.4675 13
-50.6287796284 -14.4788048714 261.88 1568.88 1766.44 14.9425 13
-46.0511837203 -14.401847179 237.04 1302.68 1703.48 6.86 13
-70.9095264873 -14.2569167816 22.96 784.32 1016.28 3.6125 13
-71.6498658402 -14.2543924464 74.6 915.64 1278.2 3.0375 13
-54.7624365681 -14.1688571936 236.24 1638.2 1823.48 11.625 13
-67.0281198407 -14.1541516673 261 1628.44 1769.56 10.8125 13
-74.6448345551 -14.1347062745 58.44 723.32 1128.24 1.28 13
-44.5831437505 -13.9441555174 230.12 886.44 1747.96 8.265 13
-70.9833093574 -13.8927993288 25.2 784.64 1019.08 5.90051 13
-70.1811125733 -13.8118959081 66.8 784.96 1194.28 11.89 13
-65.1127949464 -13.6964190693 261.04 1545.52 1837.68 19.515 13
-66.2657087103 -13.6761471578 260 1577 1797.72 11.845 13
-74.8499470655 -13.6718096261 44.6 775 1042.84 1.5875 13
-65.5205978098 -13.5912049244 261 1506.44 1840.28 7.7875 13
-52.8912598235 -13.458868013 246.16 1617.44 1898.6 11.9425 13
-50.8487194714 -13.3690618254 266.04 1605.92 1843.24 20.7175 13
-54.1362655289 -13.2063648349 245.84 1827.16 1913.76 33.3375 13
-52.5928711163 -13.1189265897 249.36 1650.68 1900.96 36.96 13
-66.1042754512 -13.069876329 263 1509.08 1821.84 19.515 13
-55.8870370795 -13.069199131 250.52 1855.24 1905.36 16.0982 13
-49.4174263883 -12.9985604926 265.04 1631.64 1795.72 17.695 13
-41.1638940431 -12.8914822346 234.92 835.6 1709.84 16.3075 13
-50.9624989876 -12.8018938433 268.56 1612.52 1869.56 17.9749 13
-49.022736044 -12.7508903376 263.36 1511.76 1802.72 18.4675 13
-44.2728792356 -12.6600501641 230.52 952.76 1831.28 16.0175 13
-66.0178419342 -12.6429404816 264.64 1497.16 1826.88 14.5475 13
-65.336027056 -12.6114395477 264.96 1479.92 1846.28 13.53 13
-46.2706265295 -11.9508155006 245.36 1751.68 1778.24 14.805 13
-66.1525526007 -11.905779162 263.6 1523.2 1808.4 62.67 13
-47.0936393634 -11.8891131005 260.24 1485.68 1848.76 20.1775 13
-75.5784729167 -11.7731821002 92.6 702.16 1236.68 3.26 13
-55.1598660285 -11.7241196489 249.48 1884.08 1944.16 45.3625 13
-50.8253379916 -11.6564940521 274.48 1754.32 1889.4 9.1125 13
-47.4796142013 -11.5657196999 253.96 1587.08 1832.04 12.05 13
-77.1492442538 -11.45203713 188.44 18.8 1363.4 3.3225 13
-48.5428381105 -11.4364789223 264.92 1524.56 1860.04 13.7247 13
-49.826262138 -10.6749808929 272.88 1903.96 1892.8 20.9016 13
-47.3445093045 -10.5513313353 257.88 1523.28 1863.68 10.6775 13
-49.2511267838 -10.3895915271 269 1983.28 1871.12 17.925 13
-48.9790823631 -10.3198679129 264.92 1951.24 1848.28 15.2225 13
-47.2003815726 -10.1892670948 258.64 1528.32 1872.24 7.61 13
-77.4010182334 -10.0850771016 70.92 556.2 1136.2 2.075 13
-77.1393772731 -9.71504867312 40.56 686.12 987.4 7.1025 13
-43.0059617593 -9.54400910201 258.4 692.44 1981.12 11.1848 13
-50.3703039747 -9.40988535454 266.28 1689.52 1920.8 18.3275 13
-46.3253991513 -9.38242533019 253.76 1235.4 1865.16 15.115 13
-48.5122599592 -9.0506332273 264.44 1912.72 1880.8 9.035 13
-47.4357292826 -8.90424424682 261.4 1662.2 1850.8 23.575 13
-49.3804069255 -8.83027525285 263.24 1983.44 1911.04 17.1625 13
-50.3215261287 -8.7266969934 261.52 1741.64 1914.08 33.3775 13
-77.082021424 -8.70681455721 82.2 908.96 1223.16 10.475 13
-49.1392074296 -8.4824091144 262.16 1755.92 1913.72 16.6575 13
-77.4915192597 -8.44631529677 115.52 689.68 1392.4 7.605 13
-48.3334127427 -8.01216624737 262.84 1833.88 1853.92 10.1525 13
-47.1837649887 -7.92940811942 262.72 1479.76 1816.52 25.705 13
-48.1081609385 -7.89598968782 264.72 1810.4 1841.44 14.29 13
-78.7132359964 -7.76925684493 77.8 620.84 1213.28 5.4225 13
-38.9769124382 -7.69863437478 241.12 740.44 1673.2 15.1675 13
-77.5833516203 -7.56914403003 104.68 1168.08 1325.64 10.4025 13
-47.8093602075 -7.40086053811 263.52 1755.52 1798.96 11.2 13
-39.1723267539 -7.30941154604 253.04 988.56 1727.04 21.5525 13
-49.9715646905 -7.06947688879 253.96 1829.28 1821.68 20.0325 13
-47.991291672 -6.8125229227 254.92 1725.92 1783.32 11.4675 13
-79.7452578024 -6.75542946995 223.32 26.4 1552.04 6.8977 13
-79.530523864 -6.74182291111 226 70.24 1620.64 4.4925 13
-50.8059446209 -6.70716605227 250.12 1952.32 1814.44 35.3975 13
-48.0499008777 -6.61752427062 257.96 1630.92 1797.64 30.0425 13
-79.8130585694 -6.38301903656 231.44 63.24 1621.12 2.66 13
-46.7881418193 -5.74403443626 252.96 1345.6 1862.2 32.89 13
-80.3416714695 -5.44383042009 236.84 99.76 1806.48 1.205 13
-79.0986829761 -4.9068377959 225.52 1332.84 1728.76 45.25 13
-80.9848164864 -4.04265572283 236.88 100.36 1656.16 1.26329 13
-41.0001558852 -3.4133113995 269.36 1051.92 1868 27.6425 13
-54.1798891962 -1.4040289882 257 1653.76 1602.48 43.7575 13
-80.6505750875 -0.95800540283 252.533 219.533 1510 4.42623 13
-60.0037716684 2.02662837262 267.76 1747.12 1708.6 23.5225 13
-59.687171456 2.08532753845 268.08 1702.2 1701.52 14.105 13
-55.8478868137 2.24384634463 256.48 1690.96 1702.36 20.9925 13
-61.1887241007 3.02188406355 270 1697.28 1772.4 8.7975 13
-72.9128124905 3.07470667327 271.8 2723.36 1695.6 18.9125 13
-60.4804589546 3.17694107354 273 1478.08 1738.16 6.9575 13
-73.8124209067 3.44257710484 258.24 2698.28 1697.88 22.24 13
-59.6061943255 3.55613076993 275 1434.04 1674.68 14.665 13
-59.9480239385 3.77740307678 272.92 1244.52 1690.08 7.39 13
-60.1403719578 3.79910893625 271.12 1192.68 1704.8 10.035 13
-71.7246814467 3.81360300084 266.68 2345.92 1668.88 12.525 13
-59.6979164145 3.93843759431 271.4 1181.96 1670.28 12.7025 13
-74.2176107256 4.02586952484 48.2 1712.48 781.92 8.355 13
-74.0945560213 4.05715848146 69.88 1567.8 864.48 5.07 13
-70.7823780908 4.06439546121 267.8 2530.92 1667.52 25.7475 13
-72.5331923393 4.1991314138 266.88 2539.76 1683.12 9.305 13
-60.1772207859 4.20994313007 256.48 878.72 1669.16 6.375 13
-70.5399354813 4.26182325443 266.96 2707.6 1666.76 18.4075 13
-60.5700778549 4.33710428098 258.84 922.52 1716.16 6.17 13
-70.4661086995 4.42599935071 265.36 2733.96 1663.76 20.3975 13
-70.0228162291 4.57309236511 268.6 2756.44 1670.76 24.3275 13
-72.5619519122 4.59204501492 268 2496 1697.72 19.7425 13
-70.1362452562 4.62263082584 268.04 2720.48 1668.92 19.7025 13
-71.687117536 4.96398620766 268 1944.32 1686.48 13.3875 13
-68.5390538926 5.07041930643 281 2778.64 1736.8 38.1 13
-73.011558349 5.35625937457 95.2 1138.84 947.72 20.9525 13
-72.2482075145 5.42927900704 268 2659.92 1704.64 26.2725 13
-70.2686871973 5.67443520089 271.08 2239.84 1681.36 15.66 13
-71.5510349862 5.68770822985 266.2 2160.12 1703.08 15.505 13
-70.1501224582 5.70477802807 271.84 2278.52 1684.24 27.86 13
-71.2532259493 5.71409606331 267 2101.12 1697.24 13.31 13
-67.7963066468 5.82211127991 282.28 2235.32 1771.96 14.7925 13
-69.4894858788 6.10346682517 274.32 2302.76 1707.2 17.1853 13
-67.6424506751 6.3393365682 282.04 2136.56 1760.24 15.035 13
-68.0819330553 6.35921430304 281.04 2181.72 1742.24 16.0475 13
-63.3366708265 6.38322208734 259.16 2353.88 1704.36 37.18 13
-68.903826981 6.52234692774 276.2 2250.04 1710.2 9.0075 13
-69.5067882849 6.7040929657 273 2157.76 1677.08 18.795 13
-69.1859441586 6.72106009564 274 2377.24 1688.84 8.72 13
-72.399875309 6.7297379818 91.92 1491.52 1002.96 13.0375 13
-67.4517266402 6.77470681153 280.04 2060.64 1744.36 13.33 13
-76.6397866292 7.02876883222 261.44 4108.28 1668.08 18.1525 13
-63.2173943575 7.17941165375 260.08 1385.32 1700.32 5.25505 13
-71.8916873334 7.18718870106 252.24 3012.56 1726.6 19.325 13
-76.342636194 7.20596223289 236 2834.96 1606.72 9.075 13
-62.1270204949 7.26432498461 262.32 1258.12 1695.56 11.7675 13
-61.6456102016 7.50765163085 261.24 1181.68 1689.68 13.5675 13
-66.0065215301 7.57919735744 277.84 1543.36 1723.6 8.655 13
-70.9225372038 7.73602434845 271.4 1686 1747.8 28.1175 13
-63.2820993918 7.85430724513 268.12 1113.04 1705.76 11.3325 13
-77.663376081 7.87233491155 239.64 2756.44 1451.4 24.55 13
-63.8404260269 7.99763333147 278.48 1075.04 1756.76 11.6686 13
-62.4834712719 8.22156435719 261.44 1079.8 1698.8 50.49 13
-64.0572372171 8.50368514749 269.48 1068.4 1790 5.9275 13
-77.9941713489 8.52515932519 263.04 1740.04 1465.16 7.915 13
-69.9301495502 8.63556043867 274.04 1309.6 1733.28 18.6025 13
-62.1941344372 8.87286091077 263.6 1229.8 1644.4 33.11 13
-66.1681144845 8.91614564829 264.84 1004.96 1775.6 7.7525 13
-66.4887176111 8.99935135796 266.48 1048.52 1774.68 9.445 13
-67.2339249365 9.14459257125 271.88 1181.08 1807.28 6.2 13
-65.1331099481 9.14560970661 271.64 1148.32 1863.92 30.27 13
-70.8371459702 9.16020466838 192 825.36 1517.12 7.365 13
-66.8084312752 9.2200346247 269.6 1049.04 1803 25.155 13
-63.2447998404 9.22539361581 269.16 1076.84 1730.6 9.2625 13
-64.4449844972 9.25899723779 265.12 908.4 1793.12 28.95 13
-69.0328147114 9.91990969247 258.56 1118.28 1751.64 20.845 13
-69.4425384182 10.0496182574 234.36 458.68 1613.28 4.4125 13
-61.3721266236 10.2603207072 258.6 1734.52 1548.64 8.215 13
-67.5005261219 10.3543028457 174.44 1474.64 1366.84 56.695 13
-71.9165172259 11.7902387196 281.16 397.4 1640.8 2.7725 13
-86.0617815105 12.710284877 240.64 918.44 1641.48 25.0225 13
-86.7164249755 13.5065449025 214.12 1304.8 1561.56 27.72 13
-97.3155585189 17.8315260805 157.44 561 1572.32 6.2725 13
-71.3187538645 17.9914086196 239.44 1344.96 1602.64 43.965 13
-94.5688106633 18.0114724989 259.8 2424.96 1593.44 15.71 13
-71.8670634952 19.4283118897 218.56 1804.44 1596.28 28.4475 13
-97.641356953 19.4725689364 152.56 532.08 1545.32 4.7025 13
-99.0239570429 20.5396477635 162.04 546.64 1549.36 6.16 13
-100.440175239 21.0267475722 173.64 498.08 1607.84 8.1825 13
-78.2073027602 22.0539987938 256 1114.24 1611.68 18.395 13
-99.6353166936 22.1370317198 206.92 576.4 1706.04 7.935 13
-100.971714308 22.1774832678 179.68 341.72 1667.92 2.455 13
-102.236390569 22.6041088076 166.44 429.84 1681.6 4.2975 13
-100.979859856 22.7767535648 188.44 395.92 1769.2 4.22 13
-102.623792193 23.0701445951 170.4 419.6 1732.4 3.315 13
-103.932330116 23.5136734838 166.72 514.44 1593.6 4.38 13
-104.349931664 23.7761365667 172.52 502.56 1553.52 7.59 13
-98.2242177815 23.906903909 243.52 623.16 1740.64 9.9975 13
-103.220944692 24.0471068071 172.48 426.04 1736.52 1.9975 13
-103.285741777 24.2740326253 174.84 405.68 1734.52 5.26 13
-103.955894505 24.9288558344 203.36 348.8 1866.48 10.5075 13
-103.298233293 24.9740121404 203.76 289.52 1797.36 6.775 13
-104.289281618 25.0418863262 204.48 367.12 1925.08 11.3375 13
-100.42214539 25.1785281831 128.56 538.04 1298.4 20.4225 13
-98.2995141546 25.2833378891 232.12 630.48 1650.04 9.0125 13
-104.42715636 25.9911822817 192.04 348.12 1820.88 6.8625 13
-98.2358309993 26.5720820179 227.92 600.96 1619.72 10.44 13
-81.5721309604 26.6867573061 228.16 1309.48 1611.2 12.715 13
-81.9880935884 26.8406476008 229 1268 1571.24 27.3384 13
-82.1573166846 27.087592817 225.84 1313.28 1570.88 28.4125 13
-98.4181586761 27.5182684914 219.48 607.88 1646.64 9.955 13
-99.8538295257 27.7900001582 227.4 485.2 1706.2 6.65 13
-102.106118766 27.8690141937 179.92 382.96 1489.28 22.465 13
-100.665780604 27.8822995939 214.64 430.92 1672.6 5.95 13
-98.043193484 27.9429003933 218.84 695.64 1594.68 14.5275 13
-106.881345355 28.1504973727 137.32 473.4 1499.72 5.25 13
-82.6838938601 28.2413027135 220.48 1320.76 1478.6 19.96 13
-110.26473224 28.2691455279 243.04 425.88 1807.48 8.1075 13
-97.5133190907 28.3728105483 216 852.68 1519.72 23.495 13
-105.522820737 28.4138729768 194.64 329.16 1681.92 3.61 13
-81.0825068969 28.4342040858 219.96 1292.16 1452.92 17.3475 13
-99.5919884759 28.5594888403 218.12 539.6 1646.08 6.0475 13
-98.4489444669 28.5742249536 214.16 636.04 1633.32 10.2137 13
-99.7724042089 28.6667497669 216.88 540.64 1621.04 1.9025 13
-101.13261413 28.9020411158 214.92 441.64 1606.4 3.8325 13
-110.736806897 28.9399746736 236.72 360.04 1797.56 3.84 13
-99.0029246612 28.9754337878 209.44 655.32 1619.36 12.9225 13
-100.195578404 29.0594996484 208 555.52 1593.6 3.6975 13
-97.8391815944 29.1183730523 207.52 774.6 1565.76 10.755 13
-82.3477754314 29.133010558 208.04 1368.52 1560.68 8.9275 13
-100.283982077 29.1534213227 204.88 560.44 1577.84 4.155 13
-98.3543641634 29.3604893934 208.04 680.64 1512.68 7.0475 13
-97.617161395 29.4121705288 204.44 847.6 1550.2 11.655 13
-95.4566135109 29.4309650831 203 1214.76 1372.04 19.048 13
-81.6964235558 29.6326243862 206.52 1308.72 1466.56 20.5325 13
-97.3204457805 29.6564367574 201.2 907.2 1515 13.2875 13
-96.9901198797 29.7989297266 199.92 971.36 1492.52 7.5725 13
-105.364220518 29.8386540064 173.16 259.52 1486.08 1.4475 13
-98.9798712558 30.1977346792 184.28 754.12 1494.4 3.63 13
-106.626269724 30.2151220249 171 256.8 1724.4 1.0325 13
-96.3542297535 30.2602201446 200.56 1034.52 1499.08 6.475 13
-106.591107508 30.3475069769 175 234.92 1754.72 2.1125 13
-101.023724202 30.4496079079 186 500.56 1568.44 6.775 13
-96.6227139475 30.5798906579 200.84 978.08 1474.36 6.8275 13
-96.319036945 30.7682598759 198.16 1000.72 1474.64 6.8 13
-97.2526377752 30.9651071902 192.72 870.96 1471.6 4.9196 13
-108.419609777 31.3135803462 156.72 322.6 1647.84 1.21 13
-98.9769728139 31.3527136033 183.28 676.28 1522 4.5275 13
-110.565305644 31.3735911427 154.88 524.36 1502.96 9.975 13
-97.3068524066 31.6706915646 188.44 830.4 1456.24 13.6675 13
-96.4674879613 31.8048411139 187.96 969.2 1471.6 10.38 13
-99.6499230546 31.9072597979 173.68 663.12 1459.2 3.9625 13
-99.5764005664 31.9921036971 175.68 663.88 1463.92 5.0425 13
-97.1951420356 32.2268438259 186.44 869.36 1457 4.2475 13
-110.788720894 32.2368821177 202.6 323.4 1677.16 1.2475 13
-95.8524162979 32.5020626508 180.04 1067.24 1420.16 14.8974 13
-102.26848122 32.5305457071 168.04 422.24 1531.84 5.25 13
-99.13463864 32.9459973779 177 688.2 1489.56 9.2825 13
-95.5771115542 32.9974005776 173.6 1105.32 1404.76 18.7825 13
-97.2638619765 33.1021109825 178.32 902.8 1397.24 3.8325 13
-91.3259899222 33.1112464447 174.52 1379.52 1358.4 19.5689 13
-98.9734495075 33.1168618782 175.48 710.68 1479.04 5.6425 13
-103.015029057 33.1454192184 147.56 429.96 1495.52 1.975 13
-87.6212828103 33.2179103273 171.52 1410.28 1399.08 12.67 13
-82.5374454448 33.2634824906 169.08 1194.12 1389.28 46.27 13
-96.5861450532 33.2677217325 177.72 1003.4 1387 9.91 13
-80.3912558583 33.3072915746 178.28 1239.04 1399.52 35.3125 13
-116.78720603 33.3956542122 147.2 491.24 1418.4 5.83 13
-96.5043005097 33.4020818346 174.48 1018.48 1366.72 8.5 13
-82.378008179 33.4056199739 167.28 1197.48 1393.8 28.57 13
-84.236100679 33.5174291783 163.32 1263.24 1323.6 17.1775 13
-97.5826017164 33.5392815981 173.56 880.64 1404.92 4.7925 13
-88.7002843626 33.6014722834 167.84 1413.96 1355.32 22.7085 13
-94.95121238 33.8270696455 169.24 1220.72 1397.84 18.8983 13
-100.767076751 33.9119974667 158.88 555.76 1432.08 4.3725 13
-99.7028585053 34.0003095608 168.72 626.84 1476.24 2.235 13
-102.312627827 34.0125985219 142.12 461.48 1422.92 1.875 13
-87.6349926818 34.2213802145 150.36 1517.44 1330.64 30.725 13
-98.8635101151 34.2387066889 169.04 711.6 1463.04 2.33 13
-100.326711135 34.3956630389 164.48 530.8 1445.52 1.76 13
-97.6911693673 34.4780235555 165.12 876.04 1399.8 5.19 13
-102.193530939 34.5221894999 134.92 463.12 1391.8 2.4525 13
-119.877708757 34.5744572832 154.88 501.88 1263.04 13.7481 13
-99.9624943604 34.60239893 166.48 566.44 1487.56 3.175 13
-101.445754089 34.6119689064 140 521.76 1378.2 1.455 13
-103.051715113 34.6133991406 135.6 414.48 1400.88 1.74 13
-100.975549004 34.9099869287 146.68 537.24 1413.84 6.7775 13
-99.8788732164 34.9207393622 159.2 591.6 1448.76 5.4275 13
-110.604457243 34.9318690079 126.12 246.04 1422.84 1 13
-97.2398695266 34.9828171793 161.04 923.12 1363.6 10.7725 13
-96.5399982601 35.1226225076 158.76 993.88 1335.88 22.505 13
-118.860746167 35.228147344 188.72 195.48 1559.96 3.2525 13
-99.8441721031 35.2684024859 152.08 605.36 1408.28 4.13 13
-101.264506864 35.2826678935 140 534.96 1372.04 2.43 13
-100.850313959 35.2906741022 144.2 559.68 1375.28 2.5825 13
-108.63567331 35.3688983298 77.76 377.28 1203.8 8.325 13
-97.8445731432 35.4171155904 154.96 843.2 1319.28 2.235 13
-99.3573837477 35.4820675603 149.6 676.8 1350.56 1.855 13
-99.1349754282 35.5629340891 153.88 688.72 1375.76 2.535 13
-96.6708353028 35.5644065447 159.44 940.52 1340.64 7.2 13
-98.8031838917 35.5872907025 153.36 728.04 1351.44 4.27 13
-101.584557318 35.6593580071 144.44 484.2 1392.08 2.72682 13
-97.0883240649 35.7782524194 156.48 878.8 1310.72 14.065 13
-99.1428540692 35.8685185173 148.36 671.08 1360.76 6.0325 13
-99.0472488975 35.951568888 148.64 672.76 1366.88 3.9875 13
-98.4251140719 36.007185956 149.52 715.24 1335.92 6.07 13
-97.3142598262 36.0129687141 155.24 852.12 1324.28 10.1726 13
-105.375895576 36.0205627928 71.36 468.24 1144.96 19.4225 13
-97.0541294536 36.1410801426 152.4 873.12 1307 5.70341 13
-102.710385169 36.1693939041 127.04 404.16 1346.64 2.4725 13
-98.1598323829 36.517171319 144.12 741.88 1297.08 7.1475 13
-99.2016135025 36.5360865525 144.8 631.84 1341.28 2.8125 13
-99.7376355661 36.542280278 141.28 573.72 1340.64 2.135 13
-98.8955559147 36.6110357304 150 643.12 1374.88 2.245 13
-98.2644559691 36.7027814224 145.36 718.32 1333.12 2.12329 13
-99.0900292019 36.8627898197 144.92 626.28 1366.56 1.86 13
-98.8524298389 36.9500707429 143.84 643.04 1358.44 2.4 13
-96.888216246 36.9604041172 143.6 893.12 1272.52 1.7425 13
-97.8448449372 37.1036397684 141.48 756.96 1289.2 3.68 13
-97.6328469354 37.1326045256 140.84 778.04 1276.8 2.18 13
-101.806465249 37.304383463 125.24 413.88 1357.4 1.1175 13
-105.578039783 37.3590884671 54.16 247.12 1114.16 1 13
-97.3781272211 37.3722223543 137.28 802.6 1238.2 2.265 13
-98.8880687198 37.3935497922 136.84 641.04 1316.68 2.94 13
-120.041128635 37.3997124376 150.76 653.8 1433.8 8.6025 13
-99.7750393615 37.5001202024 127.72 600.4 1277.4 1.45 13
-101.464539935 37.5227189977 125.6 413.96 1355.2 1.76 13
-97.5571123839 37.5251176331 137.64 769.08 1240.04 2.7025 13
-96.4871024605 37.5776171666 134.6 914.16 1242.2 4.36456 13
-99.9472816633 37.6561800763 127 577.84 1274.64 1.185 13
-92.1567089267 37.7252116587 127.28 1080.56 1229.44 18.0325 13
-106.068497168 37.892771193 58.2 213.84 1097.64 1.1675 13
-101.994830669 37.9912343045 117.24 390.84 1344.4 1.285 13
-98.036856023 38.0116376475 129 733.72 1232.48 1.965 13
-107.446707241 38.0583695115 -24.8 925.56 645.96 12.325 13
-99.2306908204 38.0770073971 128.84 606.8 1272.64 2.6425 13
-96.4042117206 38.0810059208 127.72 890.6 1202.16 2.11646 13
-103.373089337 38.148929323 115.84 308.88 1356.24 1.00283 13
-122.414092931 38.2212544009 146.6 705.16 1291.52 6.78866 13
-99.2949977928 38.2811689291 124.84 594.2 1263.12 1.3625 13
-101.356965476 38.3590903479 112.32 441.32 1288.68 1.22 13
-101.357002184 38.3837149607 112.08 442.2 1287.4 1.07 13
-95.7070927101 38.3941576282 126.64 945.44 1182.72 7.365 13
-96.7288484001 38.4053794831 127.68 854.48 1205.76 3.985 13
-98.3680209172 38.4094826522 128 684.4 1238.36 1.61 13
-96.3404582008 38.4661493423 125.04 883.44 1178.36 2.8475 13
-97.1621771491 38.5392442237 125.28 849.96 1198.48 1.7725 13
-99.6309865548 38.7342462896 116.32 554.96 1237.52 1.4525 13
-99.0103076591 38.7972190753 122.44 618.64 1238.92 2.2975 13
-116.741677716 38.8395733767 74.28 237.96 1139.08 1.3625 13
-99.0926643629 38.9296800175 118.48 612.4 1222.2 1.92 13
-97.3280527894 38.9569854084 128.76 785.64 1224.28 2.6675 13
-100.700381466 39.0624756353 114.72 509.4 1249.36 1.05 13
-104.560223829 39.0759581844 64.08 451.72 1050.04 1.43 13
-112.070829511 39.0870348784 78.28 325.64 1178.88 4.34257 13
-96.9751939764 39.1094577942 125.12 827.24 1193.96 5.33079 13
-106.961298458 39.1704226371 0.6 537.08 796 24.4125 13
-103.958577484 39.2169877197 81.8 376 1146.64 1.0025 13
-104.876483913 39.2687801114 72.52 444.36 1121.8 10.8925 13
-99.0489077742 39.4964225418 113.04 606.52 1236.44 1.3875 13
-102.262330902 39.5339757722 100.56 428.56 1215.56 1.3775 13
-97.7842492476 39.5683640672 118.32 718.32 1172.84 1.675 13
-118.635712422 39.6455623818 113 125.2 1337 1.08 13
-106.160343227 39.7754113496 26.76 408.24 944.6 13.5425 13
-100.203941473 39.9895112647 107.08 562.32 1217.8 1.33947 13
-111.830441354 39.9997538613 97.64 405.68 1199.32 3.79545 13
-101.17252249 40.0162857195 100.28 528.8 1201.24 1.06 13
-98.9746427261 40.0509478283 105.88 615.96 1162.76 2.9725 13
-104.190677815 40.1878654728 96.2 350.6 1225.56 1.225 13
-100.261976244 40.2133058855 103.4 551.44 1203.24 3.0275 13
-101.974917962 40.2324820764 101.2 452.24 1197.08 1.3975 13
-102.141612734 40.4449187688 97.92 444.24 1190.04 1.9375 13
-102.099744286 40.466571244 97.8 442.04 1188.84 2.2525 13
-107.383036577 40.661102042 50.92 427.2 1069.48 1.51 13
-101.025907398 40.7050895743 92.4 504.08 1154.12 1.7275 13
-96.8227112118 40.7075272163 105.56 751.88 1093.36 2.2825 13
-111.533855267 40.743426196 59.92 570.52 1058.92 6.015 13
-99.45195755 40.8358891859 95 593.48 1105 1.1475 13
-100.241761322 41.0605560514 90.68 550.44 1119.8 2.1475 13
-99.8905733597 41.3873570495 87.36 584.92 1107.2 1.335 13
-98.7238490642 41.4044407251 91.2 630.28 1092.36 1.70854 13
-98.5042026914 41.4550081198 88.84 642.6 1081.56 1.03 13
-100.089355652 41.5720348518 85.2 580.56 1109.72 1.415 13
-104.077777729 41.5932552261 83.96 407.68 1143.88 1.0025 13
-100.976614788 41.7597161267 85.2 517.24 1111.52 2.02267 13
-116.27003026 41.8372390906 65.2 303.2 1119.24 1.12366 13
-104.362773227 41.9588452332 89.24 352.4 1197.08 1.57 13
-99.8159261579 41.9614507115 85.88 590.24 1106.28 2.7925 13
-101.453580407 41.9957010336 83.64 494.68 1100.08 2.22194 13
-98.6373505464 42.019535762 87 602.96 1077.2 2.4475 13
-99.4531062808 42.1650155081 87 596.92 1086.24 4.8425 13
-111.33482402 42.1879677175 51.88 341.52 1005.4 2.1825 13
-99.1314937357 42.1910783087 86.6 596.64 1075 2.16 13
-105.861234618 42.3788390552 29.56 437.64 832.16 21.855 13
-121.301008826 42.4449279241 69.4 405.68 1117.56 6.625 13
-100.362469803 42.4461358045 84.76 545.28 1093.92 5.11 13
-98.2816637199 42.539612779 91.2 581.8 1080.88 6.4525 13
-99.8119376613 42.6437156607 90.68 561.52 1079.28 4.58 13
-98.5400474922 42.6960521505 89.88 584.72 1078.28 8.1025 13
-112.246202877 42.6964198923 72.4 346.6 1080.44 11.78 13
-103.865508011 42.7060549207 69.16 416.08 1062.96 1.0525 13
-101.405018789 42.736006359 83.92 485.24 1106.36 2.20408 13
-101.276355102 42.7496482415 84.4 489.88 1105.52 1.1675 13
-102.351834896 42.7688220791 75.76 459.44 1085.84 1.1225 13
-102.20511914 42.8002728282 76.16 444.16 1088.28 1.53 13
-100.970480431 42.8223353278 85.44 489.72 1102.44 5.9225 13
-115.560327478 42.8893239408 109.72 225.52 1258.52 1.8825 13
-113.627807508 42.9514597922 77 273.72 1087.04 1.0375 13
-97.7559213687 43.0398550844 89.08 569.84 1060.64 2.67 13
-108.702600281 43.1101654593 66.64 228.28 1070 2.3775 13
-106.097009721 43.1835792949 66.96 357.12 1031.92 1.155 13
-100.843197605 43.1935768149 82.36 486.16 1084.88 1.5225 13
-104.994191387 43.2746368401 75.96 340.2 1094.48 1 13
-99.7631281711 43.3001392702 91.36 572.92 1101.44 1.78 13
-104.268269405 43.5875440386 81.16 361.88 1116.88 1 13
-100.142018011 43.6922970314 89.96 484.6 1124.36 2.89 13
-104.146020453 43.7263538668 79.2 391.16 1083.44 1.355 13
-100.348119791 43.7494468568 88.8 472.76 1118.28 2.7775 13
-102.127399573 43.7624956518 90.92 410.28 1133.8 1.0775 13
-98.5798876674 43.7716496186 83.16 547.4 1049.24 7.6075 13
-102.476209992 43.7903655248 84.92 417.4 1103.4 1.015 13
-99.7617995933 43.8151664567 83.72 494.92 1100.52 5.56 13
-99.9259861098 44.1240601485 79.36 460.08 1093.92 3.9675 13
-106.134396253 44.1757160331 72.52 322.12 1076 1.1075 13
-99.415688693 44.2937979822 69.76 470.32 1046.44 7.5625 13
-101.806074338 44.4295258023 80.12 426.4 1071 4.6825 13
-107.160193381 44.7610754164 64.92 377.88 1038.84 3.2025 13
-101.507018858 44.8894123972 69.44 426 1016.56 5.56 13
-102.237432604 44.9065826879 73.16 399.8 1043.64 5.31 13
-102.427343962 44.9202164144 69.44 405 1028.8 7.0125 13
-98.8564391185 44.9203048265 67 481.64 1010.64 7.25 13
-105.838623561 44.9838477812 72.52 378.08 1055.44 12.2575 13
-99.6057359349 45.0114503448 62.96 462.04 1000.12 5.97208 13
-101.703892202 45.0258598588 68.4 424.76 1011.56 3.605 13
-102.682727096 45.0579568948 65.8 412.4 1013.04 6.99 13
-101.136563513 45.078618111 68.08 454.6 982.4 4.4425 13
-111.886790276 45.1222305823 2.72 567.2 750.2 26.165 13
-122.692143383 45.1315347241 115 1146.84 992.08 19.0225 13
-100.727174531 45.173514658 69.2 448.56 974 5.75 13
-107.77062558 45.1820908228 71.48 410.36 1047.2 3.395 13
-106.584787833 45.2134567406 70.08 382.68 1080 13.61 13
-108.946266417 45.3286322282 76.92 333.76 1079.8 1.7825 13
-107.521951468 45.3846069016 73.48 414.84 1081.72 5.91 13
-109.155913519 45.3895435179 67.6 393.6 1026.2 5.2175 13
-106.763192418 45.4247349771 59 428.36 1012.04 6.4175 13
-101.660325461 45.4520589285 65.04 425.48 989.56 4.895 13
-102.983252462 45.5021249453 63.52 414.2 1010.32 7.105 13
-100.74129676 45.6136544801 67.4 426.32 976.92 6.82 13
-111.209729343 45.7566259307 63.16 379.52 984.72 10.6525 13
-99.6284951653 45.7806193251 53.6 446.44 946.16 7.65084 13
-100.687412313 45.7925308769 63.16 419.08 970.52 3.185 13
-100.883572252 45.9881856455 60.72 414.08 970.32 4.6875 13
-102.664203422 46.0279365273 58.28 415.2 962.12 4.095 13
-98.9141589496 46.0405025813 49.2 498.72 923.72 10.0109 13
-100.038722425 46.1316528127 53.36 428.24 955.6 5.03794 13
-113.412964755 46.2049005692 33.16 378.92 882.8 9.765 13
-100.623808698 46.2304881958 60.84 390.32 977.6 6.125 13
-101.902233019 46.3807180891 57.4 424.48 956.8 4.44 13
-103.996798836 46.4550584269 56.32 360 982.4 2.55 13
-110.974509876 46.5000631631 52.8 354.88 934.6 5.2475 13
-99.4708788244 46.5106953105 48.84 445.28 922.64 6.87037 13
-99.2633464014 46.5276706598 50.2 451.56 924.04 6.95876 13
-102.275345717 46.5286346323 55.96 424.64 943.2 3.635 13
-101.606293148 46.600278615 55.48 425 951.52 5.14 13
-102.12693847 46.7610509899 54.6 430.64 926.76 4.5275 13
-118.581355593 46.7673927655 101.36 261.24 1095.76 1.935 13
-103.151225997 46.9473698958 56.16 403.4 938.8 3.5325 13
-117.664813697 47.0542528988 87.52 419.56 1019.68 2.11 13
-117.661782981 47.2415888956 86.88 407.12 1004.36 7.86325 13
-109.141083622 47.2741457806 54.16 463.36 923.8 9.4725 13
-106.878800444 47.3758778268 62 324.72 1022.28 2.305 13
-104.837180183 47.7134389143 57.28 358.32 981.44 1.82 13
-103.69951381 47.7569090462 56.24 371.56 954.28 3.3725 13
-111.686548187 47.9377372516 66 303.32 961.92 1.97 13
-111.390835468 47.9393599002 68.32 320.56 969.48 1.5 13
-108.808969197 48.0546337307 57.88 368.68 967.8 4.7925 13
-111.599592191 48.220511575 63.4 306.88 962.28 1.175 13
-104.326311031 48.3952749028 47.08 353.68 938.12 4.7025 13
-109.293425128 48.4367281495 53.12 360.76 935.68 7.1225 13
-112.658863207 48.5721838322 47.8 360.84 848.64 6.87611 13
-112.564135277 48.6146775897 47.88 345.8 851 3.11 13
-106.96579851 48.7089216658 45.36 296.04 922.6 2.845 13
-110.226241078 48.7359800088 55 273.44 968.76 1 13
-110.580117241 48.8318238386 54.12 272.52 943.4 2.2925 13
-107.888957098 49.0308433592 41.72 314.32 906.44 3.0275 13
-108.689927531 49.14494378 38.88 349.36 881.6 1.84 13
-56.4169151394 49.1810048873 25.64 1094.28 640.84 10.902 13
-106.088067458 49.2413742734 32.88 339 849.04 5.2425 13
-107.364862743 49.2696133666 35.72 335.52 878.24 5.0575 13
-108.397497417 49.2811092125 34.04 364.64 851.16 1.505 13
-110.633812747 49.5258917117 34.64 362.56 820.28 4.965 13
-107.381875564 49.5691306221 39.4 338.88 893.36 2.025 13
-108.372731768 49.5998875692 31.2 378.36 823.04 2.7125 13
-105.854881024 49.60423654 38.24 353.88 839.8 3.51671 13
-112.015491742 49.6414966843 52.32 357.2 869.64 2.1775 13
-112.984336879 49.6529363515 52.2 399.52 854.04 5.945 13
-108.701690997 49.958816306 34.36 368.16 828.28 4.43073 13
-110.500103051 50.0538892047 47.16 326.36 875.88 0 13
-111.519865467 50.1699330895 46.88 330.2 870.16 0 13
-113.202155532 50.1892781905 43.36 403.24 830.48 0 13
-112.703321334 50.2917933119 43.8 372.56 841.68 0 13
-108.615441562 50.3436643069 35.96 351.52 822.8 0 13
-110.288835295 50.4773483093 36.72 331.68 845.72 0 13
-109.55164506 50.671391463 33.44 343.48 829.36 0 13
-111.040219746 50.777415274 33.68 321.24 845.92 0 13
-109.464726819 51.044035903 31.92 333.28 821.68 0 13
-109.530625177 51.2876720399 25.8 338 794.92 0 13
-109.194419721 51.3406537318 25.56 332.6 793.68 0 13
-109.910339547 51.3423072457 30.4 314.64 820.08 0 13
-109.472191466 51.4619613665 23.72 335.16 786.32 0 13
-110.540163108 51.5157968693 21.76 337.28 801 0 13
-110.20336298 51.6351803388 22.68 340.92 791.2 0 13
-111.792642804 51.8001753389 19.4 372.92 757.72 0 13
-110.931128011 52.0705957517 15.12 380.2 762.16 0 13
-65.4715416476 58.0623371785 -64.08 533.24 351.36 0 13
-124.467839537 58.488604238 -49.36 494.76 470.84 0 13
-157.341721261 59.529731202 -0.6 542.6 480.08 0 13
-159.648842825 59.8716970902 -18.96 591.48 425.92 0 13
-156.571372484 60.105286887 -4.2 558.6 487.16 0 13
-131.598070065 61.0608013598 -55 392.72 499.48 0 13
-156.113170879 61.0793484008 -17.44 569.84 485.76 0 13
-164.856855447 61.8728621175 -15.8 586.6 377.48 0 13
-158.41256896 62.731244761 -30.4 432.64 471.12 0 13
-144.280165739 62.797266019 -58.92 304.76 497.64 0 13
-157.530002236 62.9695055193 -33.92 437.8 473.88 0 13
-144.433929189 63.5439590067 -62.52 259 515.44 0 13
-149.961567831 63.847496528 -35.6 487.48 489.32 0 13
-160.226913929 64.676684155 -49.84 341.88 367.12 0 13
-138.67885071 64.8300002106 -90.68 341.28 439.04 0 13
-160.161272215 64.8672106348 -62.04 347.64 344.08 0 13
-163.503149878 65.0749122059 -45.4 384.48 336.4 0 13
-159.637758554 65.1852760644 -58.6 326.52 359.64 0 13
-161.744178856 65.3170408675 -48.88 369.52 348.28 0 13
-160.042001642 65.492485402 -65.68 322.44 336.32 0 13
-164.924552551 65.5498462137 -61.08 370.16 287.24 0 13
-159.646516248 65.6031627225 -54.88 303.72 362.96 0 13
-151.266390664 65.7916676794 -76.84 348.88 461.44 0 13
-165.052184823 65.8076207681 -53.8 348.56 297.56 0 13
-160.853576658 66.0671283506 -58.32 298.52 333.24 0 13
-165.032580785 66.1779446752 -53 323.16 295.92 0 13
-160.550662804 66.181552548 -67 294.48 320.96 0 13
-99.1191043518 66.6265157522 -147 160.6 249 0 13
-160.167050906 67.161972001 -82.44 255.36 290.64 0 13
-136.453639007 67.1865813877 -89.76 287.64 356.52 0 13
-108.166607751 67.2261680449 -129.44 156.32 272.52 0 13
-160.489003138 67.5935731597 -95.44 241.44 260.72 0 13
-157.957030161 67.6147953624 -92.72 249.4 304.72 0 13
-162.087628065 67.6746787172 -76.36 219.8 271.92 0 13
-159.740680871 67.7616379588 -93.4 234.36 271.96 0 13
-160.873375314 68.0469257647 -85.32 214.24 267.76 0 13
-138.934032371 68.1067710831 -104.92 227.12 359.72 0 13
-155.738480186 68.3289876791 -134.32 259.44 265.36 0 13
-153.823284309 68.4037738379 -131.16 254.56 310.92 0 13
-164.02384103 68.6285917893 -88.56 206.96 232.36 0 13
-152.947004811 68.6339385475 -120.6 218.56 342.12 0 13
-156.900455996 68.6471116958 -113.52 218.72 269.88 0 13
-133.859160576 68.814414504 -100.84 200.32 337.24 0 13
-155.331596614 68.8314613112 -112.28 217.2 304.24 0 13
-154.327226213 68.8518291815 -117.84 217.84 317.56 0 13
-150.589403406 68.9052280527 -109.44 204.88 369.88 0 13
-156.510730989 68.9145360427 -109.76 206.28 277.52 0 13
-155.067053639 69.0306373837 -112.8 207.64 304.2 0 13
-153.673136851 69.1234020528 -114.4 193.92 331.2 0 13
-156.639645811 69.1696019746 -111 193 266.88 0 13
-148.609643698 69.26927691 -106.56 189.56 369.52 0 13
-153.198749044 69.2957586135 -121.68 179.32 320.28 0 13
-152.118080289 69.3037535308 -122.12 159.08 334 0 13
-139.038445947 69.3407526158 -110.24 179.64 288.84 0 13
-161.587335159 69.3744401205 -96.44 174.36 232.56 0 13
-159.407713009 69.4313253294 -102.52 173.2 239.52 0 13
-156.061127303 69.5931729058 -111.28 174.6 267.68 0 13
-157.328906108 69.5995624872 -107.08 170.96 250.72 0 13
-158.519166948 69.650033592 -104.08 166 241.48 0 13
-157.482144305 69.7004829794 -107.64 166.76 245.96 0 13
-156.7101811 69.7363332248 -108.8 166.52 254.24 0 13
-150.654340867 69.7516403059 -114.6 160.2 341.72 0 13
-146.667027005 69.7801773419 -112 153.76 317.04 0 13
-147.049904198 69.8300957919 -110.88 156.12 325.12 0 13
-158.907780062 69.9645706615 -103.56 151.36 234.28 0 13
-66.6985183372 -54.8115924724 31.68 486.76 522.44 24.075 12
-69.2974694964 -52.8225689249 63.12 315.56 603.16 20.6575 12
-74.1004937018 -50.1107003226 58.76 2790.28 573.12 29.484 12
-68.8635931048 -49.8034948081 86 186.44 844 2.635 12
-68.3259791647 -48.820014892 95.84 219.08 888.16 2.3425 12
-72.363364266 -48.3662789263 36.44 501.96 635.28 5.2725 12
-75.2569035866 -46.4711552096 79.92 2210.96 555.56 64.7143 12
-71.8715966421 -45.9868022257 38.72 614.64 658.72 17.435 12
-69.4014630426 -45.8540276819 107.32 161.32 970.32 1.6925 12
-69.1068722773 -44.7038695574 104.56 151.92 1004.84 3.2475 12
-66.3072724849 -42.541695834 126.08 179.32 1165.76 3.3475 12
-65.9399273745 -42.2757453673 128.68 185.32 1174.68 2.155 12
-69.7796821614 -42.2382213955 89.2 214.12 1053.44 2.7375 12
-65.5642602133 -42.0112289222 130.6 191 1169.84 3.2625 12
-71.2992298742 -41.9342351533 60.24 741.48 899.68 43.4875 12
-68.6462523242 -41.8022445672 86.12 187.16 1076.16 4.745 12
-71.4521153936 -41.7919393445 78.04 950.76 964.72 51.3975 12
-73.7866882656 -41.177604913 88.36 2000.52 712.08 69.9375 12
-63.641039064 -41.0225644691 142.48 283.6 1181.52 4.775 12
-66.3621699923 -40.885183424 129.48 222.96 1235.24 3.8025 12
-64.0650320945 -40.5456526383 148 274.8 1253.96 7.1 12
-68.409527433 -40.4179147073 95.72 166 1146.36 2.04 12
-69.1360477398 -40.4065952607 86.92 169.04 1097.16 3.7 12
-66.3832885286 -40.1872090024 147.36 253.04 1338.64 3.2825 12
-67.331375247 -40.0950660864 135.72 213.4 1308.96 2.9575 12
-66.3701399938 -40.0940513799 148.2 259.52 1346.44 3.4875 12
-63.9589729009 -40.0692278687 148 291.52 1300.96 12.605 12
-68.1880893742 -39.9763591703 116.84 158.2 1235.24 3.555 12
-67.839619797 -39.8939291147 123.68 177.36 1269.12 3.4375 12
-65.7149772026 -39.8573324618 149.88 264.44 1359.52 4.6875 12
-68.4305702001 -39.8552207658 115.44 147.32 1225.04 3.0925 12
-66.0727167931 -39.8327851949 148.84 273.72 1365.28 4.67 12
-70.4492886112 -39.6780582613 90.08 318.64 1101.52 4.54 12
-67.0001540014 -39.651611821 153.48 256.92 1393.48 3.3425 12
-69.1995271167 -39.6382886384 126 128.6 1242.48 2.915 12
-67.0096697549 -39.5752229502 150.36 262.6 1388.24 3.81 12
-67.316287254 -39.5619228373 146.72 220.04 1374.04 2.86 12
-65.883251986 -39.4148816906 153.8 278.92 1415.6 6.115 12
-67.4922815982 -39.1234936004 140.84 192.36 1376.08 7.2046 12
-65.3670377708 -39.0610696171 151 289.36 1415.76 5.195 12
-68.1879720581 -39.0340140296 140.36 160.88 1348.28 2.75 12
-65.753390413 -38.9240718143 152 296.08 1430.6 5.79 12
-66.2241059826 -38.6570602994 151.36 314 1437.56 5.26 12
-66.2895538384 -38.4755130738 151.04 316.48 1442.36 4.775 12
-67.6667156096 -38.3746454541 141.6 198.64 1403.44 3.765 12
-67.158331537 -38.235250669 148.56 252.56 1439.48 4.29 12
-64.7671530521 -37.8637720359 150.36 417.28 1419.04 6.31 12
-68.9911533617 -37.8544646428 123.68 138.52 1329.16 4.3425 12
-70.1699847987 -37.8019223818 103.24 319.68 1249.92 1.45 12
-67.3135366915 -37.3108798482 151.44 287.8 1482.16 4.8625 12
-68.131090184 -37.1050257159 137.88 200.04 1418.92 1.8425 12
-68.4581702087 -37.0648799818 132 179.52 1391.04 2.86 12
-60.6674010761 -37.0595104149 141.4 858.52 1281.12 10.1425 12
-68.4205385319 -37.0136168414 130.84 181 1387.32 1.7575 12
-66.7238337155 -36.9559728486 155 418.36 1509.8 6.175 12
-67.7441980261 -36.9240807698 143.92 247.84 1453.36 4.6975 12
-68.1847042417 -36.8770450637 135.52 204.56 1413.24 1.0175 12
-67.9605620516 -36.8457142425 139.96 224.36 1435.48 1 12
-68.8700384904 -36.736468543 125.96 178.52 1366.24 1 12
-68.0262523384 -36.6634777951 138.32 226.88 1433.28 1.295 12
-66.6596372381 -36.5715671556 155.52 498.08 1524.56 2.88 12
-59.9616413151 -36.5593893773 145 935.32 1302.4 8.505 12
-67.1303208456 -36.5569169202 156 345.2 1525.08 7.8125 12
-67.8538052931 -36.529915942 140.48 244.88 1446.96 3.0475 12
-68.7256054856 -36.5057815504 119.84 192.44 1342.48 1.185 12
-66.0292717863 -36.3477857613 156 519.48 1513.48 10.6675 12
-66.2520907895 -36.3086612042 156.04 502.76 1524.44 4.55 12
-68.0551418787 -36.2892242123 136.32 236.24 1425.16 1 12
-66.1015691423 -36.2439534997 156.6 509.96 1523.2 4.46 12
-71.2653189939 -35.9245249721 92.84 1123.64 1154 46.455 12
-67.3410321356 -35.6023260592 160 303.32 1540.76 7.8775 12
-67.8814076679 -35.3158957407 156.8 271.24 1506.32 4.4325 12
-68.2313228266 -35.2611758611 145.24 274.16 1447.36 3.7025 12
-69.9559082212 -35.070709667 11.96 589.44 830.08 3.4425 12
-65.8287431462 -35.0652827959 163 476.84 1569.28 4.24 12
-67.7700240781 -35.0044940213 161.64 278.12 1522.08 5.115 12
-69.0164222198 -34.7069756106 113.48 341.16 1307.52 1.0075 12
-68.1564079263 -34.4386923282 155.2 311.84 1483.44 2.0825 12
-68.300980509 -34.3774554211 149.24 323.04 1455.12 1.2675 12
-68.3184898756 -33.964024909 149.08 298.72 1471.36 2.84715 12
-67.6818315051 -33.752979624 167.48 280.2 1543.6 2.6075 12
-68.1162397968 -33.7111553393 159.76 267.72 1513 1.7175 12
-69.0710097787 -33.1832202857 124.32 278.4 1355.64 4.4925 12
-71.1435769408 -32.9822297354 137.8 395.36 1309.68 32.0325 12
-71.0653202699 -32.9524250996 137.48 354.44 1343.4 26.4 12
-70.7460100459 -32.8670341637 146.56 295.72 1458.48 14.2925 12
-67.9134773992 -32.7947252937 173.4 215.32 1539.8 1.095 12
-69.3429193937 -32.7519406101 70.36 236.6 1060.16 3.0575 12
-70.1898874091 -32.7395262137 2.52 357.16 762.12 5.2725 12
-69.1709218567 -32.7019556689 42.32 264.36 936.36 2.32 12
-69.0721526104 -32.6055470957 89.92 227.96 1155.24 5.3525 12
-66.6128858081 -32.5542680313 183.16 429.96 1528.12 2.5825 12
-71.1010169899 -32.1739534889 139.12 266.88 1312.96 16.55 12
-70.2693592088 -32.1446846614 9.68 283.68 781.84 4.4725 12
-68.2837066716 -31.7497494359 176 118.44 1588.28 5.02 12
-65.4627951407 -31.7179239204 195.2 527.48 1561.4 14.28 12
-70.5202499537 -31.4675230518 -6.12 244.6 716.08 3.515 12
-71.5704265968 -31.2875815884 139.2 188 1147.04 8.45 12
-67.4232547641 -31.2616325936 148.4 273.12 1426.48 7.985 12
-69.7103582795 -31.0915969093 45.84 151.52 948.4 2.8775 12
-65.7645147355 -31.0874520963 203.08 473.2 1571.6 11.35 12
-70.673242361 -30.9066581587 94.28 137 1102.08 3.5975 12
-67.3522171257 -30.4035841424 178.72 258.88 1562.72 2.35 12
-70.7590090399 -30.171077456 100.96 86.24 1102.44 3.2025 12
-69.9418564303 -30.1569786029 -39.16 196.56 584.64 7.6275 12
-68.9128806405 -30.0912480552 96.56 124.96 1214.4 4.5575 12
-71.20712892 -30.0806084682 136.52 93.52 1099.72 9.5725 12
-69.1153497776 -29.8049020874 94.56 102.64 1195.4 2.2075 12
-69.1582551546 -29.7499022762 102.36 92.32 1230.32 2.81 12
-71.1664483592 -29.3719293947 153.84 65.08 1157.36 3.0825 12
-66.3481165696 -29.3575464261 207 356.8 1662.36 4.495 12
-71.1984643234 -29.3162120634 147.92 65.72 1154 4.42 12
-66.1649465259 -28.9452553616 207.68 365.68 1672.48 10.945 12
-63.3547197138 -28.7280056502 207 638.36 1706.48 10.0575 12
-65.5545674632 -28.7267227831 178.44 444.64 1516.64 19.4825 12
-70.3971189228 -28.6589355463 64.28 48.4 967.84 2.0825 12
-63.5801340432 -28.4697000203 208.16 597.16 1713.72 9.455 12
-70.9301584729 -28.3537224373 152.92 44.24 1286.4 2.7025 12
-59.6805968298 -28.2512653527 207 1142.24 1555.68 23.7625 12
-68.0746032858 -28.249153001 86 137.76 1121.64 1.95 12
-65.7578621284 -28.1567573435 177.16 475.48 1515.28 28.9825 12
-70.278411788 -28.0698606054 107.84 34.4 1139.84 1.925 12
-65.9099883956 -27.9257598081 174.8 446.88 1510.32 12.0425 12
-66.7638168703 -27.4227019893 158.16 164.56 1491.96 1.4025 12
-59.1179114001 -27.3176803392 212.88 1303.2 1525 21.5975 12
-70.0626277953 -27.1832381459 136.6 20.96 1217.12 1.0025 12
-56.0874180253 -26.6950318059 217 1632.28 1577.24 14.7825 12
-67.0229671798 -26.6842936408 62.84 117.56 1043.88 1.6125 12
-58.1067415065 -26.1100625099 223.36 1412.36 1571.44 20.9597 12
-66.2499517981 -25.796610032 116.56 134 1288.08 1.18 12
-66.1857633231 -25.7610965884 109.2 138.68 1260.12 1.935 12
-67.950600604 -25.6684071662 26.56 64.6 907.52 3.7725 12
-65.9937511315 -25.6462840468 126.4 166.04 1326.68 1.2325 12
-68.7679403486 -25.6326724462 31.68 40.6 899.92 1.8775 12
-66.0033834241 -24.931083531 117.64 189.48 1341.6 1.075 12
-65.4373636265 -24.4182496078 135.68 435.32 1415.24 36.915 12
-65.6072536695 -24.4152981469 39.08 183.24 1052.36 2.805 12
-65.4322609242 -23.7219901451 110.44 258 1389.44 3.2275 12
-60.0246871424 -23.6966263642 232.08 718.68 1755.64 13.6225 12
-69.2190222652 -22.3499421385 146.04 13.24 1365.88 1.2075 12
-61.049299605 -21.7749673555 244.88 677.8 1807.92 24.245 12
-57.6091812874 -21.5908712818 246.84 1296.76 1692.68 39.4625 12
-56.8947473569 -21.5796529262 235.72 1350 1656.04 20.0625 12
-61.4187719233 -21.477622292 238.44 639.24 1784.96 20.7425 12
-65.8154637014 -20.6779083541 125.12 258.16 1466.52 5.08 12
-60.7890569149 -20.2054667124 249 547.96 1828.44 28.535 12
-59.3361519484 -19.8464112153 249.16 905.16 1830.64 40.23 12
-64.502238606 -19.783977687 162.68 764.4 1446.12 31.5325 12
-42.4847477477 -19.4797545204 238.76 1132.84 1682.28 18.3315 12
-63.0538220605 -19.375282957 236.76 630.04 1782.96 19.94 12
-60.4818513295 -19.0266728077 244.68 779.44 1818.92 49.26 12
-56.2633003385 -18.8587394834 258.12 1291.08 1730.04 11.2273 12
-60.865325764 -18.8391426565 242.72 730.2 1806.2 58.665 12
-66.5604042737 -18.813730922 56.6 292.44 1146.44 1.6 12
-64.51556773 -18.6386318431 212.8 675.48 1598.76 3.8825 12
-64.5202150271 -18.6001986399 198.96 579.6 1546.72 8.005 12
-62.7910507439 -18.4149603684 246 719.4 1785.04 20.13 12
-65.0677072643 -18.3707667839 187.84 505.36 1628.08 10.6875 12
-44.6063171394 -18.1088700547 214.96 1254.92 1652.88 15.7275 12
-48.9529432177 -18.0107591591 239.04 1274.6 1770.28 18.67 12
-47.5385243476 -17.1997047527 221.96 1366.04 1696.08 10.9025 12
-67.73058515 -16.4133176867 188.4 1096.32 1566.2 43.925 12
-51.4259738096 -16.3991985512 246.92 1622.52 1712.24 15.6575 12
-71.2697415168 -16.1722950672 52.36 358.2 1148.68 1.965 12
-60.074582122 -15.9121024814 244.84 1409.16 1853.76 20.7175 12
-56.8999845288 -15.7927786943 250.84 1296.88 1755.08 26.72 12
-42.3027208828 -15.5043556985 211.56 818.04 1610.56 28.69 12
-45.8383047153 -15.4503550334 223.48 1230.4 1724.44 16.3925 12
-72.3352842761 -15.4250544896 73.48 478.04 1258.04 4.0625 12
-47.9386882664 -15.4045296258 229.32 1387.36 1573.72 28.25 12
-52.3942486003 -15.2923911204 227.56 1675.12 1793.52 12.68 12
-73.8374230908 -15.2157134434 92.84 641.84 1325.68 1.1175 12
-50.0339756982 -15.0432937681 238.12 1829.76 1590.8 28.5975 12
-59.9050138093 -14.9121480728 244 1396.24 1849.72 28.685 12
-54.7693951968 -14.7722374454 232.52 1712.92 1781.48 18.93 12
-69.4219191877 -14.4724564353 52.6 697.92 1054.88 13.865 12
-50.3382127131 -14.3474484892 262.4 1511.72 1753.48 22.435 12
-75.1996111519 -13.9974362989 72.84 553.64 1188.88 1.1175 12
-48.7902671257 -13.7262564805 240.12 2005.08 1637.08 23.4025 12
-75.389302167 -13.6039572064 126.64 264.56 1450.96 3.2675 12
-73.819347326 -13.5035729678 180.8 586.36 1759.8 14.8525 12
-51.3066074802 -13.3915582721 263.92 1573.68 1863.32 24.0959 12
-72.5374745005 -13.3912648541 55.4 777.88 1130.24 23.5225 12
-75.1631990683 -13.2263942732 21.76 796.84 912.28 2.85061 12
-44.9301634658 -12.5414382571 238.8 1210.8 1869.68 15.1425 12
-51.4022625955 -12.4687954805 265 1623.32 1886.56 22.26 12
-47.9367744789 -12.3910023537 254.04 1480.76 1827.44 17.4125 12
-76.4181857981 -12.078380866 95.72 282.52 1239.16 3.96 12
-76.7341042393 -11.8047758025 106.72 244.2 1279.44 1.8125 12
-51.2378597487 -11.4518498315 274.52 1629 1917.16 21.9775 12
-47.7290717702 -11.4438031379 253.96 1635.56 1832.68 24.34 12
-76.3877746141 -10.40047031 88.16 910.64 1219.2 10.3225 12
-42.963518922 -10.1498825504 258.08 695.36 1991.8 17.84 12
-44.4699110188 -9.80271575447 252.04 980.4 1933.08 31.03 12
-48.4928624709 -9.60790110389 266.12 1846.04 1873.4 21.3925 12
-49.8320844192 -9.48142512792 267.12 2080.32 1910.64 31.355 12
-47.7107531655 -9.11949385219 261.6 1724.36 1857.8 24.9575 12
-77.9842436165 -8.98781861991 45.04 668.36 1047.04 11.4673 12
-39.8743325945 -8.89815203651 245.6 458.84 1833.24 3.17791 12
-49.8421538796 -8.58881299311 262.24 1812.48 1913.72 8.45 12
-77.9241520443 -8.13503349097 107.88 618.76 1368.24 9.565 12
-77.6325155818 -7.96602303776 170.56 676.88 1600.24 5.92 12
-39.0167794212 -7.91427448005 236.28 630.8 1663.24 7.57 12
-77.5512921712 -7.84983845498 138.12 839.76 1500.56 13.56 12
-49.8875322837 -7.58991865352 258.52 1865.36 1873 20.89 12
-37.6826239686 -7.31957648225 246.56 1001.6 1617.48 15.975 12
-42.2573213027 -7.06362971056 267.2 954.32 1907.64 7.8975 12
-37.7243086069 -6.74160464048 264.2 728.72 1711.84 6.2925 12
-40.0731730009 -6.26779073706 254.28 579.6 1702.72 7.8625 12
-78.7395488702 -3.20855604906 183.32 1724.36 1503.12 20.5475 12
-77.9545486708 0.47714834469 149.76 712.96 1387.6 15.725 12
-50.8106316525 0.73540389517 268.52 2150.36 1531.76 26.1375 12
-72.2298655472 1.38137804777 268.92 2612.44 1659 56.645 12
-73.7153528992 2.30136955674 264.96 2475.56 1730.6 55.06 12
-59.7270315892 3.35649691931 275.2 1599.88 1674 10.105 12
-60.8999495363 4.37008505309 248.36 1280.96 1719.8 16.8675 12
-75.5138443418 4.98276923229 167.92 2132.88 1284.04 24.385 12
-66.5878137743 8.40396748263 271.76 1341.24 1748.16 5.2975 12
-102.272684448 23.3284072783 176.96 379.76 1811.28 1.8975 12
-102.023065932 23.5502057789 172.68 364.64 1758.36 3.3625 12
-101.477364724 23.8718642121 162.88 299.64 1689.4 1.15 12
-101.815605262 24.2717939947 185.68 355.08 1815.16 2.1075 12
-98.1347561713 24.4072999565 233.84 663.64 1671.76 29.685 12
-111.362043613 24.4302082232 216.8 86.04 1580.2 1 12
-111.178059531 24.702628159 215.2 171.28 1670.8 1.565 12
-99.4294120245 24.7522374201 227.76 751.48 1739.6 25.24 12
-100.879886099 24.7574636398 189.24 393.4 1775.28 1.2775 12
-111.259766314 24.8735948853 215.6 171.28 1659.88 1.01 12
-111.028784199 24.887681423 215.76 223.64 1711.36 4.5725 12
-98.9471966038 24.9296267566 232.68 699.04 1705.2 7.5975 12
-111.845080519 24.9320581652 216.08 93 1572.8 1 12
-102.878979585 24.9556849629 205.88 267.84 1775.32 1.015 12
-102.584648553 25.0688292632 211.4 257 1758.2 1.0125 12
-99.3602504168 25.1551634031 228.92 697.92 1734.16 22.7125 12
-98.0036162707 25.4969590895 233.96 660.08 1616.28 1.195 12
-98.7244446487 25.5978184775 231.92 637.52 1672.4 8.22 12
-108.776567668 25.6147155172 248 305.68 1937 3.47 12
-108.626884065 25.6981389328 248.8 374.52 1952.48 3.5125 12
-105.383854505 25.7811921871 169.6 528.36 1707.4 4.59 12
-105.383690909 25.8127885363 174.4 523.44 1734.44 5.515 12
-99.0609289801 26.2725470987 233.68 525.04 1686.28 4.0875 12
-102.43748004 26.2729996604 188.12 283.88 1615.72 5.6175 12
-102.626628974 26.3207149212 215.12 196.04 1770.12 1.2125 12
-104.381911726 26.4176268571 191.04 331.2 1792.68 2.12 12
-100.323058533 26.5310387374 219.16 505.52 1647.56 22.1125 12
-100.269201263 26.603706504 205.6 505.8 1584.96 42.375 12
-102.92713763 26.681118575 177.2 322.32 1558.72 5.16 12
-111.597235635 26.6903590913 230.12 129.12 1735.28 2.95663 12
-101.298212571 26.8014205892 185.64 364.08 1557.44 18.0575 12
-113.580880133 26.8404174351 206.52 86.64 1748.52 1 12
-99.5281748116 26.9273049031 230.44 528.56 1706.48 5.5875 12
-100.068581293 27.0868954033 225.68 436.56 1712.56 2.6125 12
-105.759182225 27.1061522641 171.2 522.96 1617.32 11.4225 12
-105.916981946 27.1157149594 176.12 504.76 1638.12 10.21 12
-105.269711818 27.1569435557 179.96 403 1686.4 3.8 12
-105.464111113 27.1903052409 178.88 429.28 1653.76 7.6325 12
-106.124644816 27.2715307265 172.64 497.76 1626.28 5.6375 12
-103.530665209 27.3910371391 181.2 392.32 1519.36 1.67 12
-105.101668032 27.3926113786 183.08 376.96 1696.96 2.8075 12
-112.890747475 27.403732551 197.4 136.92 1735.68 1.2375 12
-105.797628807 27.4044267295 178.08 439.56 1617.84 8.8175 12
-106.790500435 27.5256030759 170.2 483.84 1648.92 5.1925 12
-100.011510483 27.5682846176 222.68 465.4 1690.64 4.065 12
-104.356886105 27.6016353677 180.24 350.88 1646.28 3.9875 12
-105.073282486 27.7019290051 182.8 357.32 1656.24 3.6025 12
-101.993773896 27.7079796268 189.84 385.96 1556.36 17.6725 12
-106.359523301 27.7344141874 166.6 468.92 1604.68 6.3425 12
-105.346289455 27.8331342409 180.84 346.24 1620.12 3.3625 12
-106.108326218 27.8369817542 175.52 409.56 1613.44 10.0325 12
-99.695785286 28.0105380459 222.92 527.52 1688.64 6.9875 12
-102.930110759 28.0166389048 175.72 309.32 1473.28 5.415 12
-102.691957961 28.0990536869 185.4 288.88 1519.68 5.1225 12
-102.793848294 28.1307470093 183.32 282.64 1510.68 3.6325 12
-104.700712341 28.2482806379 174.12 364.4 1593.48 4.8875 12
-105.42056747 28.3160838234 195.84 302.2 1695.04 4.0725 12
-113.41775322 28.4710595179 193.36 139.44 1695.88 1.1775 12
-104.096208714 28.4787769866 182.68 295.64 1613.6 1.0325 12
-111.674610421 28.5622780229 241 161.28 1793.88 1 12
-113.351304904 28.5911805242 209.4 105.92 1774.36 1 12
-113.727370274 28.6029851922 172.28 192.44 1583.68 2.125 12
-106.655581511 28.6189005676 135.16 446.36 1469.56 11.7425 12
-106.384457197 28.6863051454 134.68 500.32 1441.6 12.0525 12
-103.914946676 28.7795537655 182.2 308.48 1582.24 1.1225 12
-103.545154364 28.8069405466 194.28 270.08 1640.28 1.9175 12
-107.512920508 28.8773189504 136.44 473.56 1544.76 4.8775 12
-104.359221559 28.915760823 178.2 348.2 1596.12 3.8725 12
-113.851005877 28.9571575377 198.2 139.4 1720.56 1.035 12
-106.189009659 28.9813044612 159.44 409.8 1537.28 5.1525 12
-103.83356094 28.9828048746 197.44 304.4 1682.84 1.015 12
-99.8281615989 29.0020389791 207.96 570.28 1610.08 2.53 12
-102.655927621 29.0404391948 152.56 479.08 1323.04 30.92 12
-107.198282412 29.0697970757 124.4 475.64 1459.68 15.495 12
-102.871668966 29.1752929815 203.56 284.24 1671.44 1.1575 12
-105.324293802 29.4661554743 167.32 294.16 1521.8 3.075 12
-106.116745284 29.7401658552 166.84 307.12 1622.2 1.01 12
-104.150896385 29.7897109991 178.44 326.04 1646.64 1.25 12
-115.450866997 29.8569387897 190.16 132.64 1683.2 1.265 12
-103.129531568 29.8786258518 174.28 386.56 1587.04 1.085 12
-103.232224559 29.8889343504 182.84 355.68 1656.48 2.1875 12
-107.128383954 29.9450500032 164.16 305 1627.4 1.1325 12
-106.061209151 29.988398169 162.12 299.64 1602.92 1.8975 12
-102.365539453 30.0264415231 193.32 331.32 1621.28 1.0075 12
-104.562563115 30.0691052278 166.04 322.84 1657.04 1.6725 12
-105.138046849 30.1213781482 165.96 288.2 1612 1.035 12
-101.988516448 30.1482825855 194.64 356.8 1600.4 1.205 12
-101.062698065 30.2362454335 190.44 482.68 1570.32 6.1075 12
-103.173347089 30.2384145749 164.32 402.8 1578.2 1.0525 12
-102.774102135 30.3408856355 169.16 391.52 1538 2.77 12
-115.185215403 30.3684813506 155.4 222.36 1485.2 1.08 12
-107.162097113 30.369204469 172.72 262 1706.56 1.64 12
-105.412305481 30.3890854504 162.6 268.92 1560.32 1.005 12
-107.316218894 30.5723499367 175.28 256.04 1733.68 1.1625 12
-101.296792606 30.6213026323 179.92 472.04 1531.8 2.915 12
-105.9601073 30.6508613658 159.6 260.92 1580.24 1 12
-112.25103618 30.6894103641 209.44 191.36 1826.64 1.1225 12
-106.670303929 30.6950568056 162.2 258.08 1667.64 1 12
-105.350565024 30.7477995977 161.56 266.4 1613.12 1.665 12
-108.319052653 30.7539777772 167.04 353.36 1738.4 2.3975 12
-107.449640021 30.7793077674 172.24 256.12 1728.72 1.1 12
-103.768588019 30.8589363972 164.4 357.68 1580.72 14.97 12
-110.250007647 30.9918553694 154.88 516.96 1511.4 3.22727 12
-100.722765094 31.1943872415 183.04 533.52 1558.84 4.805 12
-99.9618288302 31.2015614996 180.92 597.08 1548.84 4.395 12
-99.9789923934 31.2869799131 182.6 597.6 1557.48 5.5725 12
-107.970051245 31.3739924901 169.72 250.92 1744.44 2.285 12
-108.268940086 31.4407135084 161.08 283.2 1680.96 1.055 12
-115.538184616 31.5617991969 151.2 239.12 1429.76 4.8125 12
-105.208562257 31.5781193248 160.4 231.64 1595.76 1.03 12
-100.578945142 31.6343270165 176.52 561.24 1520.12 5.6975 12
-111.755252996 31.6563079451 194.12 324.28 1741.72 1 12
-105.868493241 31.76017763 151.28 265.96 1529.52 1.065 12
-112.052079677 31.8019956976 203 280 1771.68 1.115 12
-108.177576452 31.8463560805 153 272.76 1607.56 1.065 12
-99.8900235649 31.8697909231 180.68 623.56 1530.72 3.7875 12
-112.711619227 31.9063345602 211.12 226.68 1769.16 1 12
-110.604924485 31.9395866819 169.2 415.68 1543.4 2.825 12
-108.073086058 32.0222103561 152.32 265.92 1596.76 1.025 12
-109.621953714 32.0704687595 156.48 357 1572.92 1.1025 12
-106.070847529 32.2396475733 160.88 257.2 1569.92 1 12
-108.65583713 32.3033745013 154.6 296.52 1638.8 1.0825 12
-111.622580257 32.3079781884 203.96 295.68 1781.32 1 12
-112.911419546 32.3511083644 214.52 226.92 1592.64 1 12
-100.337299427 32.403009754 173.64 618.68 1468.52 12.84 12
-115.539606698 32.4547839413 196.6 158.52 1723 1 12
-105.036128548 32.5277617001 127.32 329.92 1341.68 6.2875 12
-114.709621234 32.5618088995 227.12 71.28 1867.8 1.6075 12
-99.1155200604 32.5740884123 178.68 684.48 1487.08 7.3275 12
-106.578384403 32.6053974605 134.08 318.8 1438.36 5.025 12
-109.346696641 32.6231135267 162.24 303.68 1664.76 1.105 12
-105.890450142 32.8978157364 129.36 383.64 1354.2 14.695 12
-99.7668486113 32.9294423038 180.2 632.32 1496.8 3.635 12
-110.155618114 32.9393990367 158.56 388 1534.48 4.0125 12
-99.0383266258 32.9789828653 176.8 701.56 1489 5.1725 12
-114.054612068 32.988436359 219.24 148.48 1652.56 1 12
-116.437101076 32.991590961 170.32 348.24 1593.64 1.215 12
-99.5126886532 33.0000088787 176.6 661.8 1480.2 5.825 12
-104.10619212 33.0108730317 154.08 341.76 1549.08 1 12
-111.076936661 33.0172445821 195 456 1607.48 1.0075 12
-114.221761033 33.1511981091 217.88 139.2 1670.44 1.0425 12
-108.921780784 33.1766227866 125.08 444.6 1495.88 5.4025 12
-114.013333126 33.2452976433 222 146.2 1682.04 1 12
-111.476569876 33.249150148 209.2 345.96 1752.2 1.0175 12
-102.90031599 33.4180718147 143.04 446.08 1469.52 1.9575 12
-104.70312867 33.4767679814 150.68 317.16 1526.2 1.05 12
-105.18923671 33.492383841 125.32 351.36 1390.76 4.0125 12
-103.570108513 33.5999522876 139 402.96 1457.52 3.9975 12
-111.752530493 33.6814565054 196.12 385.48 1653.96 1 12
-117.181459208 33.6845919378 172.68 319.6 1491.96 3.1 12
-104.464428661 33.7009966883 151.16 323.08 1559.68 1 12
-106.103588608 33.729841461 130.8 308.72 1441.96 1 12
-116.879062472 33.7610347971 177.6 326.2 1579.12 5.5875 12
-112.07386724 33.7859504475 206.88 300.04 1714.52 1 12
-113.928926359 33.9789425135 210.28 161.16 1769.72 1 12
-105.258768779 34.0086301059 128.68 312.16 1437.68 1 12
-113.033892004 34.1368051577 172.48 328.04 1647.76 1 12
-105.456769914 34.1552027973 113.52 342.68 1350.92 2.8075 12
-113.907783345 34.1825428817 203.72 190.8 1712.04 1 12
-112.840541806 34.2666986573 146 437.32 1487.88 3.515 12
-114.226717141 34.292480245 215.6 156.56 1669.72 1.15949 12
-112.061302266 34.2941808553 163.64 430.96 1561.48 3.905 12
-117.406803861 34.464618845 152 294.32 1467.8 1.0575 12
-107.970054634 34.4750782246 78.88 349.16 1246.6 4.265 12
-101.545176142 34.489791308 141.96 507.56 1387.28 1.7525 12
-116.088152362 34.5093879698 197.76 115.2 1674.8 1 12
-101.485961714 34.5344834094 141.6 512.84 1388.44 2.3225 12
-109.235109409 34.590907494 111.4 275.36 1390.32 1 12
-107.302516055 34.607641227 100.64 309.28 1311.32 1.0775 12
-110.524530675 34.6608776534 108.76 357.16 1346.96 1 12
-103.955169137 34.6775439378 133.8 390.12 1398.72 1.1 12
-119.234271113 34.7457647187 111.4 579.04 1072.48 4.0775 12
-103.599337439 34.7489585176 134.2 413.04 1389.88 1.8675 12
-104.165223711 34.7593989191 128.68 399 1374.4 1.1925 12
-113.144217839 34.9563239358 108.44 421.08 1314.52 9.775 12
-115.757813407 35.0499733427 183.4 153 1489.96 1 12
-110.497253126 35.3469338965 119.4 226.24 1379.16 1.0025 12
-119.061820374 35.3694507427 184.64 163.48 1531.96 4.635 12
-108.022666612 35.3740081714 95.76 272.48 1277.48 1.05 12
-115.232414628 35.3868737905 165.24 195.36 1372.92 1.03 12
-102.09003268 35.4947492608 144.04 453.6 1419 2.8325 12
-102.742740387 35.5000362126 140.4 413.4 1432 2.9275 12
-107.852295811 35.5072482956 84.04 309.72 1207.88 1 12
-115.954983997 35.5148873783 172.56 138.32 1495.28 1 12
-118.945874184 35.5320619538 185.72 228.72 1564.16 1.72 12
-103.08203262 35.5404813791 136.6 402.8 1422.2 1.145 12
-103.76595656 35.5884747708 127.44 393.56 1361.36 4.0225 12
-112.302402717 35.606578072 106.8 370.28 1300.24 1 12
-106.865643738 35.6532850359 88.4 387.28 1220.96 7.9575 12
-120.589160101 35.6561175341 149.96 365.92 1533.2 3.8075 12
-111.85268901 35.6745043478 89.36 398.08 1197.68 2.6575 12
-107.762607431 35.6816415463 86.6 280.92 1230.48 1 12
-109.606091279 35.6879584574 101.44 274 1270.64 1.3375 12
-102.264458358 35.7267375692 132.32 453.72 1354.84 1.43 12
-120.216063478 35.8053670562 145.04 456.32 1510.92 1.7375 12
-116.286088453 35.8106656565 191.72 89.04 1633.16 1 12
-115.994717294 35.8221281425 168.12 132.96 1509.48 1.135 12
-119.508765888 35.8366338839 172 173.32 1561.52 3.1 12
-113.575267659 35.9934604612 153.92 241.6 1462.16 1.7925 12
-113.668595705 36.0667990686 136.64 289.28 1367.04 1.305 12
-104.053398785 36.1198419552 105.84 393.24 1282.76 1 12
-107.272589318 36.1830154628 79.84 303.96 1206.44 1 12
-111.510598565 36.1942792196 120.44 190.76 1328.96 1 12
-103.368804194 36.2379017093 119.52 382.08 1325.96 1.0125 12
-104.767598071 36.2679993131 92.28 399.48 1275.08 2.7325 12
-116.497751909 36.2796165344 184.96 97.92 1604 1 12
-110.778380429 36.2821342752 110.56 220.08 1252.84 1 12
-102.966900928 36.3542395457 123.36 388.08 1324.04 1.5675 12
-110.568793491 36.4062298488 108.4 240.6 1224.64 1 12
-112.918147881 36.4975122852 114.88 354.72 1298 1.2275 12
-110.645018468 36.5705843281 109.28 234.28 1203.56 1 12
-100.661117866 36.5912823135 135.36 518.28 1355.72 1.2425 12
-121.164458895 36.5930295771 137.24 481.8 1440.52 6.3475 12
-113.921757391 36.5970405143 155.68 241.56 1433.72 1.025 12
-103.766210845 36.6282211007 98.36 429.08 1217.52 1 12
-101.61888283 36.658762587 134.68 437.84 1376.2 1.5075 12
-115.808416723 36.6836964239 145.36 173.28 1395.6 1.0075 12
-114.15969158 36.690436269 172 191.04 1499.04 1 12
-120.884744806 36.6990827566 146.92 320.16 1500.44 1.9 12
-115.417170071 36.7072819492 150.04 161.44 1447 1 12
-116.177694271 36.7510248931 133.76 184.4 1328.16 1.2625 12
-111.817340612 36.7621680981 83.72 322.04 1129.48 1.02 12
-116.424771498 36.819642888 154.84 137.52 1439.12 1 12
-110.455291773 36.8339369571 110.24 248.52 1176.52 1.95 12
-115.355927382 36.8477143802 121.64 237.48 1295.2 1.5925 12
-108.521429516 36.9345988437 103.44 273 1292.04 1.015 12
-106.042516765 36.9360470356 43.64 367.44 1044.4 1.4375 12
-116.259856235 36.9613612422 117.56 205.92 1259.2 2.0825 12
-113.761648076 36.9831594089 160.4 226.68 1502.64 1 12
-100.392495249 37.0174781628 135.96 528.36 1365.76 1.845 12
-114.851248528 37.0474128021 151.76 173.6 1473.4 1 12
-102.838458962 37.0484922914 121.72 395.04 1338.44 1.1125 12
-119.880759229 37.0818200084 166 342.68 1518.64 3.865 12
-115.756089941 37.0957771613 130.68 194.76 1348.2 1 12
-112.97899663 37.1570333521 141.16 342 1415.04 4.2399 12
-113.208215621 37.1862554762 149.88 312.6 1464.36 1 12
-110.646930592 37.2216322136 144.68 128.68 1396.32 1.04717 12
-102.279440878 37.2819499849 121.92 397.2 1345.92 1.4925 12
-117.612433635 37.3138104443 114.32 144.8 1299.16 1.345 12
-113.711658609 37.3443183194 126.12 310 1361.84 2.845 12
-103.018820493 37.4108054282 111.12 393.76 1290.84 1.015 12
-102.014097358 37.4474400411 121.56 399.16 1347.48 1.905 12
-110.62137968 37.4889705661 141.12 136.16 1405.92 1.0456 12
-104.416300725 37.5049073095 102.12 385.56 1254.12 1.105 12
-116.440653051 37.5840147061 116 175.6 1287.04 1 12
-104.742744021 37.5852980504 100.6 408.72 1242.04 1.0175 12
-114.975327057 37.6238317912 114.76 243.56 1332.68 1 12
-105.026043712 37.6720554169 79.28 404.52 1167.16 1.7025 12
-117.934763759 37.8021271656 100.28 142.72 1285.64 1.005 12
-109.331169563 37.8674339474 78.64 378.2 1125.92 5.08 12
-112.708626653 37.9363621304 82.48 317.84 1216.32 4.8475 12
-117.935800787 37.9424850493 111.64 129.52 1356.44 1.0025 12
-104.474613257 37.9951045216 110.2 334.56 1314.04 1.2 12
-104.580782902 38.0346584822 105.96 356.08 1282.72 1.005 12
-109.091613817 38.0460789972 74.12 386.64 1118.08 3.0075 12
-110.408799945 38.0600162147 129.32 155.8 1416.92 1 12
-104.28269486 38.0658302634 115.16 293 1356.44 1 12
-116.629301681 38.1692596369 98.2 178.4 1238.2 1.0175 12
-102.292853284 38.2315527031 111.48 374 1319.56 1.0125 12
-110.413126519 38.2448180582 113.16 187.68 1325.92 1 12
-103.481036027 38.272044117 110.2 303.56 1331 1.04 12
-111.35133052 38.2834294992 80.92 228.24 1133.44 1.59 12
-102.931646138 38.3003819187 105.88 351.4 1301.04 1.0075 12
-118.469202283 38.4134783518 69.4 191.88 1118.4 1.32 12
-118.310569712 38.4310229463 71.44 183.36 1129.04 1.195 12
-117.674451774 38.5028399564 84.32 163.72 1220 1.015 12
-114.519979755 38.6171069065 80.8 284.44 1209.48 3.7075 12
-116.492940751 38.630108468 80.72 222.8 1166.32 1.0925 12
-113.239392947 38.6763049412 100.88 204.28 1330.2 1 12
-118.892787536 38.7199385632 83.6 174.2 1208.28 1.0025 12
-103.846180489 38.7308461422 92.08 325.84 1230.16 1.005 12
-113.551720209 38.7409344813 86.4 258.48 1238.04 1.225 12
-118.455135016 38.7498484695 88.12 152.28 1224.92 1 12
-113.097602361 38.7966533908 100.92 208.64 1329.04 1 12
-115.906408717 38.8057180183 81.88 247.92 1178.28 1 12
-117.885167562 38.8405777344 88.96 161.08 1245.76 2.3075 12
-113.755045052 38.9017561038 91.4 244.16 1257.28 1 12
-104.554559029 38.920268667 74.28 433.04 1091.2 1.205 12
-118.026003841 38.9443056154 103.44 140.36 1310.12 1 12
-102.631512333 38.9595535674 94.96 396.76 1219.4 1.0675 12
-117.602225006 38.9677512046 60.2 224.76 1112.92 5.5625 12
-103.955973442 38.9763581414 80.88 362.44 1153.64 1.01 12
-104.080571044 39.0410570233 76.56 381.2 1124.08 1 12
-113.325117022 39.0625220067 89.48 238.96 1252.36 1 12
-111.88253203 39.0634455819 88.4 271.56 1258.24 1.0575 12
-115.822022799 39.0792381115 72.52 277.12 1124.2 2.535 12
-113.212107185 39.1127294526 98.36 204.28 1298.44 1 12
-109.386985366 39.1218331581 107.24 244.44 1272.64 1 12
-114.39870974 39.1767790275 87.64 247.4 1233.36 1 12
-103.356862152 39.1847027096 89.28 379.16 1192.88 1 12
-117.116717483 39.2218032621 52.76 322.96 1016.04 11.5625 12
-119.553284821 39.2261624555 104.12 183.84 1329.44 2.015 12
-114.81811869 39.2499012326 68.92 273.8 1147.4 1 12
-112.072205734 39.2528497437 78.28 350.52 1167.44 6.54 12
-110.99661225 39.3022971465 81.76 231.88 1171.16 1 12
-113.614438655 39.3526292044 103 183.4 1306.52 1 12
-114.952683978 39.4023932956 64.48 284.36 1112.36 2.3175 12
-113.997566008 39.495735486 96.92 195.12 1296.44 1.0325 12
-112.924316468 39.5531573042 98.64 199.24 1254.08 1 12
-117.369076588 39.5815760457 78.16 274.84 1143.32 1.01 12
-114.435838488 39.6314025484 82.28 241.16 1203.16 1.045 12
-104.581941554 39.6379438661 91.76 397.44 1150.68 1.01 12
-112.524444702 39.7177197547 99.72 232.72 1237.48 1 12
-117.007284401 39.7423241726 71.8 328.32 1078.32 5.565 12
-110.09837632 39.7632807791 72.72 264.28 1092.16 1.605 12
-104.883164231 39.7889974989 101.68 401.4 1165.76 3.92 12
-122.344642343 39.8887030194 162.88 532.52 1405.64 3.17 12
-119.397577596 39.9130795223 114 187.16 1328.64 1.42295 12
-119.286886551 39.9865292223 100.84 182.32 1267.4 1.00263 12
-108.78850004 40.0328435237 76.12 288.76 1200.4 1.16 12
-102.856495705 40.0333767756 99.4 410 1212.16 1.27 12
-122.317916478 40.0438578068 167.04 564 1398.32 6.885 12
-117.562232339 40.1655480015 110.56 201.24 1356.44 1.01 12
-115.867252321 40.2071013271 78.24 336.64 1122.36 1 12
-114.194256285 40.2602844851 75.84 250.44 1156.84 1 12
-119.748878529 40.2915596256 109.24 234.16 1285.52 1.21 12
-116.398900125 40.3984198893 92.84 236.76 1233.64 1 12
-103.997640803 40.5328983921 89.72 355.2 1211 1 12
-119.916617915 40.5980617908 84.24 262.92 1174.8 1.0825 12
-116.24312868 40.6665682735 80.16 314.72 1123.32 1 12
-113.166628135 40.7067817609 107 219.96 1162.24 1 12
-120.268945976 40.8406247723 72 308.72 1132.84 1.6575 12
-115.532322793 40.8455105629 75.04 301 1171.64 1.0775 12
-115.739990472 40.9352259027 71.8 311.36 1144.24 1.01 12
-120.504786413 40.9732568845 69 354.32 1121.2 2.715 12
-115.320650256 40.9908282325 68.48 305.76 1158.04 1.4775 12
-104.413881883 40.9971169818 81.72 367.72 1144.84 1 12
-116.603770375 41.0090671128 83.32 249.48 1185.12 1 12
-117.537392718 41.0167936599 97 204.28 1261.52 1.1825 12
-103.47321117 41.0238848673 84.12 416.08 1140.08 1.0025 12
-117.423862832 41.0244383565 80.76 253.72 1172.32 1.015 12
-105.000120904 41.1171377814 63.52 389.6 994.16 1.0075 12
-110.104103677 41.1579034849 44.72 280.52 950.44 3.4125 12
-119.270129072 41.209930633 74.48 268.04 1112 1.06 12
-110.633691376 41.2118927026 41.64 284.68 975.04 1.11587 12
-119.299237186 41.2730188197 83.24 250.04 1153.72 1.46 12
-104.874016386 41.2748616613 69.72 386.76 1021.72 1 12
-115.906031289 41.2857178217 60.8 337.4 1078.56 1.415 12
-109.347936283 41.2951090722 49.4 257.52 988.84 1.6325 12
-105.815034392 41.3002484661 48.44 333.16 975.08 1 12
-100.998314874 41.3620909866 87.96 495.88 1122.68 1.875 12
-108.204322074 41.3920316782 46.84 234.36 1025.36 1 12
-117.626184218 41.4022741253 68.08 299.04 1112.08 3.9425 12
-105.000669394 41.4186732543 65.28 378.52 1011.32 1.3175 12
-113.050925252 41.4649560912 96.76 266.4 1161.32 1 12
-101.598689862 41.5324525972 82.84 458.56 1087.76 2.3775 12
-103.850260863 41.5596018453 82.12 403.96 1123.2 1.0475 12
-108.290240469 41.5995764711 46.24 216.64 1012.36 1 12
-105.706609627 41.6052741283 52 321.84 985.04 1 12
-110.870542602 41.61171587 25.4 327 916.76 2.7425 12
-108.846032087 41.6151262232 49.84 218 1008.36 1 12
-109.607310457 41.6200856699 50.16 206.08 1047.96 1 12
-102.19115375 41.6713501415 81.6 429.24 1101.8 1.55 12
-113.032036819 41.8021506607 85.72 288.72 1153.2 1.055 12
-115.01596173 41.8040903607 57.52 299.48 1074.24 1.88 12
-122.480836026 41.8107379397 104.84 526.56 1244.36 1.96 12
-113.726861097 41.8113643608 50.2 377.08 976.64 6.1525 12
-104.646733225 41.817653905 78.48 384.36 1102.76 1 12
-105.744006517 41.8236126003 49.84 333.76 972.4 1 12
-113.610141022 41.87812548 47.36 398.36 953.08 11.86 12
-112.392218034 41.9213749768 57.56 456.48 1024.08 1.27 12
-119.356162878 41.9578161643 53.48 335.6 997.56 2.605 12
-117.842006731 42.0251781221 72.44 274.88 1134.04 1 12
-107.894247025 42.0389245226 55.56 215.04 1017.44 1 12
-114.404952796 42.0459423072 62 313.12 1037.32 2.09 12
-106.021358661 42.0490610254 53 321.36 996.28 1 12
-110.07963403 42.0693534615 30.76 200.92 994.92 1.11354 12
-108.914576183 42.0915112314 33.88 262.88 940.32 1 12
-115.831635547 42.1188809431 57.04 326.96 1089.52 1.95 12
-109.549185772 42.1510786291 28.08 208.64 989.48 1 12
-110.187419712 42.170663594 28.2 222.2 984.96 1.105 12
-109.606307766 42.1749371876 26.92 210.32 984.4 1 12
-104.163834362 42.3048967553 75.6 368.04 1118.24 1 12
-114.320424826 42.3363822575 73.48 291.96 1050.72 2.59 12
-112.855933239 42.4158790523 67.72 355.36 1068.32 1.6925 12
-102.6189614 42.4205816834 80.4 466 1111.44 1.0625 12
-107.911203977 42.4242542635 54.36 244.68 985.88 1.12 12
-105.502990263 42.5093337885 65.64 348.76 1033.64 3.12 12
-104.061964674 42.5252313642 72.8 377 1103.12 1.1075 12
-106.235425851 42.5329579355 47.88 369.16 923.68 2.19 12
-115.711917298 42.5647328073 83.56 265.72 1159.72 1.385 12
-121.325315994 42.6109018037 60.96 457.76 1055.12 22.815 12
-116.766458465 42.6465122852 46.52 407.96 994.04 15.1775 12
-121.489165418 42.8014239542 63.96 473.04 1068.04 22.545 12
-103.776838632 42.8404986718 80.16 384.08 1145.08 1.4275 12
-119.729188096 42.8622984807 68 288.48 1056.12 1.0725 12
-106.548950039 42.9108947603 71.92 299.6 1059 1 12
-114.048979825 42.9480559907 78.4 285.4 1095.48 1.2125 12
-103.237834216 42.9861637283 84 418.44 1130.76 1.185 12
-106.756499705 43.0401615011 68.32 291.76 1048.88 1 12
-116.156320223 43.0953405427 107.32 226.04 1193.56 1.015 12
-108.469948738 43.1428855568 65.04 224.92 1084.28 1.2425 12
-119.92054987 43.1633290501 76.92 246.16 1114.68 1.46 12
-119.080498848 43.1698065698 79.68 253 1112.28 1.05556 12
-107.698085162 43.1915224016 63.32 233.08 1062.68 1 12
-119.284934886 43.1936241483 74.44 267.36 1085.92 1.155 12
-105.028254175 43.2296924412 78.32 333.08 1108.96 1 12
-118.399627889 43.351648856 79.92 266.56 1123.24 2.785 12
-113.991386766 43.4023432276 49.28 374.12 1001.88 2.0225 12
-113.039789022 43.4046423846 45.8 311.16 980.92 1 12
-107.724029739 43.4094272605 64.28 260.28 1063.76 1 12
-119.349940415 43.4125961441 75.8 259.76 1095.08 1.84 12
-114.230273145 43.4824421639 44.88 408.72 983.6 4.3425 12
-109.4419744 43.5584789494 38.04 291.36 919.32 1.315 12
-115.363198874 43.6166748502 24.16 533.44 916.84 35.725 12
-120.364301498 43.6213518051 62.92 285.52 1033.52 2.3175 12
-120.278207866 43.6216517598 71.44 258.64 1077.16 1.31 12
-112.739306586 43.6678799677 58.08 223.88 1072.08 1.2925 12
-113.291369287 43.7187061477 27.72 345.8 909.6 4.3075 12
-108.284071294 43.7958433259 76.44 236.88 1120.4 1 12
-105.442116557 43.7982461844 67 360.76 1029.6 1 12
-119.201492789 43.8536005712 59.6 315.12 1037.36 4.155 12
-116.353780515 43.8836933991 88.04 428.64 1134.04 2.1725 12
-117.577082196 43.883703641 100.24 257.24 1185.16 2.235 12
-112.863361779 43.9586705789 49.64 238.64 1023.92 1 12
-115.757176199 44.0035083399 21.08 610.56 892.28 46.4025 12
-106.733896797 44.0086558152 64.6 325.2 1035.04 1.105 12
-107.340081598 44.0106467587 58.4 322.84 1045.08 2.6425 12
-107.531290661 44.0851387864 67.24 272.56 1098.52 1.53 12
-119.767307443 44.0961286885 64.8 333.64 1058.76 1.3075 12
-107.765649601 44.1836469314 69.36 232.84 1099.56 1 12
-108.116993322 44.2612080302 73 187.76 1115.4 1 12
-111.86675179 44.3010293688 32.56 416.76 902.16 4.56 12
-118.146894602 44.3912546723 61.04 344.08 1047.4 2.39 12
-113.661642092 44.3913229332 40.48 242.24 976.76 4.775 12
-106.600512384 44.4868927135 66.52 365.32 1037.08 1.115 12
-120.412480108 44.5706671606 74.84 381.6 1058.88 15.555 12
-119.989616825 44.6900948296 56.8 467.32 965.48 11.795 12
-104.970833192 44.7194977753 68.56 380.92 1055.16 1.165 12
-116.856766726 44.724959301 57.96 546.96 1016.44 12.225 12
-117.687340096 44.7515189254 67.84 347 1030.16 1.6475 12
-112.295149421 44.8785822728 29.56 362.64 868.04 2.125 12
-116.240849362 44.9037237169 49.56 663.32 985.64 35.4075 12
-104.761360288 45.0663173344 67.24 381.28 1034.68 1.045 12
-108.519131257 45.0715968251 55.96 330.72 977.96 1.015 12
-102.854021649 45.2700045595 64.44 412.04 1011.32 4.43 12
-119.518424022 45.2704524594 78.44 408.72 1011.04 2.6625 12
-120.683223619 45.3012098924 89.56 315.2 1007.56 2.085 12
-104.46136071 45.3092839482 64.36 380.08 1005.08 2.7925 12
-112.065334075 45.3489870922 53.44 346.08 936.6 4.4925 12
-107.997678092 45.6002787076 83.76 401.4 1092.48 1.6075 12
-105.212887901 45.622162163 70.12 352.6 1048.2 3.58 12
-112.893311977 45.7017891296 8.4 427.6 775.24 27.6925 12
-104.057394934 45.7289952167 62.96 366.48 1010.6 5.8525 12
-111.079582509 45.7638568867 60.4 419.2 963.28 6.4975 12
-119.502444717 45.8335782176 119.84 222.2 1124.12 10.305 12
-113.903213899 45.9226439446 27.12 417.88 892.52 28.395 12
-119.692819588 46.0304587173 114.36 211.16 1111.36 2.5825 12
-113.9871249 46.0326125736 25.2 441.4 878 28.025 12
-119.921366285 46.1648414517 99.6 233.64 1057.76 1.875 12
-104.054283567 46.245249371 57.88 351.28 997.68 1.345 12
-118.878615083 46.4945962066 109.08 230.92 1103.12 3.14 12
-104.634414907 46.5565733691 62.92 343 1015.88 4.02 12
-106.198261429 46.614931197 68.76 318.4 1009.6 1.7775 12
-103.528581302 46.6321407922 60.48 381.4 979.32 3.525 12
-106.057180098 46.6546572476 68.6 317.8 1003.36 2.1075 12
-108.292563248 46.6691761243 73 358.92 1034.36 3.3475 12
-108.481987142 46.7425942638 71.88 366.08 1029 5.36 12
-105.987253206 46.759458105 63.4 325 979.52 2.2775 12
-113.68027509 46.7830440211 51.08 404.32 941.2 31.135 12
-53.5218343155 46.7934847012 44.72 1475.08 533.04 37.3483 12
-103.715696616 46.9371154007 57.84 379.96 969.56 3.59 12
-107.70802142 47.0533023566 73.64 337.04 1041.24 3.66 12
-114.525656633 47.154517789 62.56 412.44 951.08 45.705 12
-117.968134447 47.2710631465 86.28 353.44 1020.96 3.00251 12
-118.247696992 47.541734525 75.92 353.76 993.4 1.9325 12
-120.04562121 47.6609567264 70.52 302.64 935.24 2.8475 12
-57.8643630724 47.7632881464 37.12 1524.8 536.28 29.905 12
-117.02572057 48.1240324738 72.8 697.48 963.6 38.9175 12
-118.055363574 48.1342427971 67.44 469.04 925.76 31.1125 12
-108.1043424 48.2814392646 53.88 305.64 980.12 3.9425 12
-58.6513673564 48.3163449645 44.36 1288.84 572 47.76 12
-120.065709208 48.3540127149 71 373.84 987.24 5.755 12
-114.425731029 48.4035260854 54.04 529.12 920.88 36.6759 12
-119.379705587 48.4416436694 71.48 328.68 949 10.055 12
-108.865793805 48.4559190543 58.48 321.92 985.08 3.8225 12
-118.23710926 48.5896217226 63 480.76 917.64 46.285 12
-110.642933917 48.6495178971 54.44 281.28 945.64 1.2375 12
-57.9549835762 48.7008566056 23.16 1361.84 571.36 23.8472 12
-113.001365191 48.7627291636 36.4 457.84 797.44 5.1425 12
-110.504821962 48.818924952 53.96 272.08 946.4 4.3275 12
-90.915541961 48.9134177342 13.04 724.2 741.96 52.8058 12
-112.290444325 49.015213073 46.28 351.12 845.32 6.2175 12
-112.606552672 49.1851016864 46.28 371.64 838.28 6.1525 12
-82.9256464557 49.2011193381 6.56 807.8 726.6 36.365 12
-109.632883382 49.2750408572 29.56 315.6 871.4 4.59 12
-85.7444884123 49.334518976 2.68 804.04 711.24 52.3057 12
-101.108718709 49.7687375009 26.6 446.88 796.96 5.7075 12
-56.9299232827 50.5802662686 12.2 1160.24 499.28 0 12
-84.4130381748 51.2362978673 -5.64 716.32 665.36 0 12
-61.4660682091 51.5809322226 -17.4 1103.04 506.76 0 12
-120.302308017 53.3952971132 37.28 691.84 753.36 0 12
-132.664967443 53.6952194019 67.4545 1927.23 494.727 0 12
-157.943497361 56.9691425267 19.88 526.96 425.84 0 12
-153.226451059 57.1732852033 41.84 1424.96 439.64 0 12
-157.043766253 57.1887024385 19.8 591.04 445.12 0 12
-157.53733688 57.3828615177 23 540.12 455.88 0 12
-153.902987338 57.7627657494 27.56 1202.28 452 0 12
-152.507107156 57.7882168922 45.6 1646.04 445.16 0 12
-157.175750346 58.4280335301 11.28 523.6 481.64 0 12
-128.726099862 59.0261245797 -32.96 492.76 535.48 0 12
-160.073414002 59.5563370939 -20.08 629.44 410.6 0 12
-154.274796811 59.8216960001 7.08 677.96 516.08 0 12
-153.266741972 60.2166146447 4.56 694.48 494 0 12
-115.915441141 60.2659336465 -33.96 360 549.68 0 12
-159.36820443 60.5871455523 -32.28 543.64 423.16 0 12
-156.511927264 60.672967528 -19.6 568.44 466.32 0 12
-155.728823041 61.0172969388 -23.24 598.72 469.92 0 12
-119.185266295 61.0942156372 -31.96 322.72 597.72 0 12
-160.869513009 61.1014505253 -16.2 439.12 455 0 12
-159.49410243 61.1872601966 -34.6 501.28 435.24 0 12
-159.818659654 61.1903487253 -38.2 498.8 422.32 0 12
-152.084002933 61.219330733 -10.48 639.8 472.52 0 12
-151.601458745 61.6067512141 -13.04 596.68 492.64 0 12
-136.68221396 61.6371125205 -55.32 238.92 497.24 0 12
-162.263112679 61.9018226551 -19.04 414 421.68 0 12
-118.784981328 61.9035616494 -42.8 306.24 556.08 0 12
-162.233314382 61.9363478382 -19.32 413.04 422 0 12
-157.798088878 62.2378511742 -38.08 481.08 454.92 0 12
-163.076844243 62.3861315418 -24.48 456.04 395.32 0 12
-157.681827655 62.5561153641 -36.8 461.96 462.6 0 12
-150.400667593 62.7233186018 -20.6 655.6 474.72 0 12
-158.053206663 62.8537999885 -31.04 431.96 473.08 0 12
-152.624358537 63.0025420163 -38.24 388.92 467.56 0 12
-160.427620077 63.1646578545 -42.36 391.32 399.28 0 12
-158.007599611 63.2868325005 -33 410.96 469 0 12
-150.991239991 63.5078839393 -40.72 498.72 469.8 0 12
-150.6799501 63.5666850181 -49.68 510.2 442.72 0 12
-149.921652023 63.9342104244 -36.2 469.52 494.96 0 12
-149.324387957 64.0237821727 -45.4 392.96 481.04 0 12
-152.953920082 64.328399903 -42.08 348.2 496.8 0 12
-159.001212159 64.7627023415 -65.76 351.64 362.08 0 12
-163.472410499 64.8339271015 -42.04 396.88 346.4 0 12
-161.380899289 64.9789796692 -46 375.72 357.88 0 12
-163.997335768 64.9936524436 -44.6 388.72 333.88 0 12
-161.009027014 65.4576551389 -53.8 337.24 344.56 0 12
-132.88941681 65.5344546605 -85.44 321.2 431.68 0 12
-138.558907396 65.7043686254 -97.92 315.36 444.32 0 12
-158.702168439 65.7113306233 -66.96 309.72 359.12 0 12
-148.499028375 65.8810015799 -54.24 285.32 526.72 0 12
-152.683128649 65.9874719717 -71.76 363.72 494.6 0 12
-156.711653072 66.114463679 -66.4 317.36 402.28 0 12
-157.368014929 66.1793059675 -66.68 301.12 383.84 0 12
-135.532388724 66.247910441 -77.96 324.8 414.84 0 12
-158.581652746 66.3500542315 -62.96 279.52 363.28 0 12
-157.3546893 66.5752277502 -73.2 289.16 367.4 0 12
-139.842603872 66.6801170161 -96.68 255.92 443.52 0 12
-157.252803456 66.7959259115 -70.52 278.76 372.36 0 12
-159.398103187 66.887509905 -71.04 258.96 325.56 0 12
-139.686168801 66.9283381942 -109.6 246.64 405.8 0 12
-161.106066406 67.0313961716 -69.68 251.52 300.44 0 12
-156.906172479 67.1596116026 -86.68 279.12 345.44 0 12
-139.357813074 67.1602327207 -112.64 249.2 388.84 0 12
-158.974899165 67.4121368951 -83.44 245.8 304.52 0 12
-135.529134383 67.5680026834 -90.52 282.68 374.36 0 12
-152.354553698 67.588642418 -97.08 287.72 414.88 0 12
-141.193987502 67.6194599597 -102.04 198.48 389.6 0 12
-141.032656576 67.8562167956 -104.2 195.32 375.12 0 12
-162.895791652 67.8683206085 -75.76 216.16 264.44 0 12
-140.958161929 67.8954475159 -103.6 197.48 374.96 0 12
-139.664505385 67.9006234657 -100.76 222.8 397.6 0 12
-141.625129301 67.9262238088 -114.32 180.04 342.92 0 12
-136.999636072 68.0139663065 -105.64 252.44 318.6 0 12
-141.047952696 68.0276744494 -109.32 188.08 355.68 0 12
-137.243570056 68.4295139955 -107.12 238.88 309.68 0 12
-137.394097426 68.4557389409 -109.28 238.48 307.92 0 12
-136.667609934 68.6969498949 -100.04 227.2 314.6 0 12
-130.820545956 68.7833998145 -102.88 168.36 326.56 0 12
-138.249361147 69.0283277403 -105.64 205.92 307.6 0 12
-128.161880035 69.3079712725 -115.96 144.72 276.96 0 12
-127.845154552 69.4001841122 -113.56 145.76 277.72 0 12
-53.0942367879 -32.4766185064 177.08 1230.8 1251.6 10.6718 11
-50.7090488574 -28.0082689234 166.12 1602.44 1267.36 34.0175 11
-50.8120873616 -27.4017182762 158.08 1705.04 1283.12 23.2575 11
-53.2750790124 -27.363724763 203.4 1805.36 1508.88 23.6 11
-50.011799522 -26.8186291489 179.32 1479.92 1372.88 31.2025 11
-47.2621887869 -23.4055605389 186.04 1310.44 1371.2 19.515 11
-45.9731574168 -23.0775326738 186.12 1372.6 1360.96 27.0325 11
-45.4617347138 -22.5299075848 182.52 1758.2 1462.28 26.9575 11
-102.043634037 26.8679059806 213.92 216.56 1749 3.58 11
-103.285876141 27.1447537108 190.32 331.28 1593.12 1 11
-100.201524361 27.3630838654 220.64 425.48 1697.12 4.8375 11
-101.02638865 27.420601139 226.6 403.12 1771.92 4.67 11
-100.190555967 27.6716613712 222 453.36 1698.08 5.135 11
-102.588490699 28.2479545788 192.28 273.04 1556.12 1.6025 11
-111.264328435 28.3853062583 245.72 200.8 1736.56 1.2475 11
-111.00911218 29.7471024742 215 329.76 1767.04 1.73 11
-101.934429349 29.9748310892 201.08 344.6 1624.44 1.0725 11
-102.362017547 30.4757834893 179.36 375.92 1546.76 1.7025 11
-112.750170779 30.8472277345 214.64 125.4 1796.88 1.4175 11
-111.802922703 31.6094354333 193.24 327.84 1733.12 1.07 11
-105.409596242 31.7389124641 161.56 234.84 1627.8 1.065 11
-99.0209519023 32.1868911757 174.64 713.36 1455 3.25 11
-102.871122503 32.197933238 170.96 364.68 1544.48 2.8975 11
-114.789734096 32.5006940704 227.84 71.72 1868.44 1.33 11
-115.331480591 32.6457990995 226.96 60.28 1911.92 1.6025 11
-92.0949410839 32.6750607569 177.8 1325.52 1408.24 24.7121 11
-103.492767403 34.2303677322 144.08 392.36 1452.12 2.0225 11
-118.063799461 34.7479869314 162.6 156.12 1522.56 1.0925 11
-110.303646426 35.0671086389 124.68 231 1421.72 1 11
-117.417284827 35.0693618746 177.8 84.72 1579.84 1 11
-110.421261727 35.7250367273 117.04 217.68 1360 1 11
-116.65346604 35.8543446702 222 54.8 1757.32 1 11
-110.912902875 36.2973192628 119.48 181.76 1294.2 1 11
-110.914758467 36.8315210468 130.28 142 1293.92 1 11
-116.544168166 38.1918809601 100.68 180.08 1251.88 1 11
-110.298495426 39.0972900308 106.24 186.36 1330.08 1 11
-122.353031271 40.0318839797 165.04 569.28 1399.8 3.8625 11
-86.6135909913 41.6074845531 96.84 999.88 985.48 6.105 11
-63.8066641363 44.9486363448 58.36 1420.68 769.88 51.6758 11
-121.090778283 45.5046737338 102.68 340.84 1106.64 5.6275 11
-53.508470538 46.9534364731 51.0455 1405.91 557.455 50.1966 11
-53.5755356774 47.2899317129 51.6 1361.24 594.6 39.7644 11
-57.1940457791 47.6984266965 39.2609 1484.39 569.87 38.9645 11
-82.3040878469 47.704554987 17.16 784.12 754.76 64.5518 11
-57.1056716226 47.9349565234 31.6 1460 563.48 18.8616 11
-92.9102863735 48.4905586423 25.48 687.72 789.64 49.4615 11
-55.4421450955 48.5591432587 42.16 1234.68 679.08 41.2992 11
-90.4708662376 48.7067472886 13.76 729.2 744.52 52.2087 11
-56.3086777618 48.9612556207 29.84 1114.76 670.08 30.9823 11
-94.2949402489 49.0807707829 25 635.6 740.28 45.2016 11
-93.9225183558 49.0844730076 26.44 654.76 731.16 44.2086 11
-84.1787904543 49.298311009 2.56 767.08 726.44 46.44 11
-71.1405718353 49.3665172074 1 1028.04 647.28 45.5536 11
-79.378276283 49.3712750904 1.76 848.08 682.28 34.185 11
-91.0503081113 49.5666133493 5.68 770.2 704.16 52.9117 11
-95.687212641 49.645964918 20.36 539.6 732.28 42.815 11
-85.7539858388 49.8396060667 -0.8 808.96 702.76 50.7114 11
-119.557859951 49.9615271329 55.72 353.2 825.32 44.8375 11
-57.3871606478 50.4130224849 23.92 1085.8 522.8 0 11
-97.501402442 50.6501786146 9 528.96 757 0 11
-82.3048538031 50.8838904676 -0.44 732.08 658.08 0 11
-80.6208861528 50.9913768906 -4.08 730.36 655.04 0 11
-67.3404487074 51.0356513375 -24 1090.48 546.32 0 11
-78.7442265221 51.1709769466 -9 728.92 628.6 0 11
-97.9391260987 51.4748578252 1.8 483.08 709.32 0 11
-82.1565220959 51.7754848278 -10 641.28 630.28 0 11
-84.005899781 51.9321670473 -12 666.72 629.56 0 11
-76.9945409754 52.2439273147 -23.24 749.12 550.44 0 11
-85.7259882067 52.2905420188 -17 676.88 600.4 0 11
-81.6897904178 52.3091176447 -15.16 579.2 609.8 0 11
-122.858582805 52.3645026724 18.08 420.64 727.52 0 11
-100.920956949 52.6123267089 11.04 454.28 709.6 0 11
-82.0139017404 52.6737070643 -18.2 569.6 593.72 0 11
-74.7935204408 53.0770580886 -35.16 773.76 489.04 0 11
-63.3843964053 53.1996187329 -32.2 912.72 515.72 0 11
-122.038356735 53.2001479369 5.64 856.2 633.36 0 11
-74.2597179789 53.5435071377 -37.6 742.52 472.2 0 11
-124.134123489 53.5798432697 15.84 477.6 719.2 0 11
-100.711623005 53.8642906837 -1 461 652.68 0 11
-110.435489404 54.4715554737 12.28 443 689.8 0 11
-115.658961173 54.5157487838 2.08 581.92 654.44 0 11
-97.4444095889 54.6432739862 -15.88 476.8 603.36 0 11
-99.4090005017 54.6465743073 -13.8 477.96 608.44 0 11
-76.304253946 54.6832624346 -44.52 665.28 438.76 0 11
-95.4375158421 54.9521929469 -24.4 502.6 583.28 0 11
-84.779828531 55.0527087089 -39.96 512.84 496.72 0 11
-99.3752497913 55.3691392998 -22.04 485.32 602.24 0 11
-61.8015059542 55.538247653 -37.52 842.24 437.04 0 11
-75.673072097 56.5744741604 -58.08 561.76 373.96 0 11
-120.024610631 56.7804726349 -3.12 449.72 611.04 0 11
-119.829654651 57.145744102 -9 444.56 603.84 0 11
-157.104510519 57.3564024273 24.4 571.92 463.72 0 11
-112.813941605 57.6247514121 -24.2 463.28 583.16 0 11
-119.247576307 57.6937240286 -15.28 442.88 599.6 0 11
-108.841384283 57.7217649078 -24.44 429.16 560.52 0 11
-114.919697604 57.8279668797 -5.16 410.64 647.08 0 11
-156.40875172 58.0583524827 8.88 608.6 461.76 0 11
-96.229755637 58.1340811985 -68.24 455.72 449.76 0 11
-121.8201319 58.3050169238 -10.48 438.24 642.8 0 11
-108.394380729 58.34897599 -30 409.48 545.96 0 11
-127.105611482 58.3642771072 -25.24 462.2 561 0 11
-126.827401165 58.5094306495 -10.56 456.36 612 0 11
-122.448926087 58.5177384085 -14.8 449.28 641.12 0 11
-121.705294293 58.7100729186 -18.12 430.72 631.24 0 11
-161.45612083 58.8146965914 1.8 861.04 425.4 0 11
-112.343848668 58.9218198483 -18.32 378.32 610.24 0 11
-98.9832495025 59.2502690474 -75.08 407.88 427.24 0 11
-161.687446433 59.5551495599 -2.8 701.24 435.12 0 11
-158.045829612 59.5869166177 -3.72 568.04 465.96 0 11
-160.833987019 59.6708750182 -12.92 635.2 425.12 0 11
-160.763440628 59.7306264926 -19.64 633.12 412.08 0 11
-153.839423775 59.7974469238 17.96 706.6 539.48 0 11
-115.318672049 60.0271618785 -30.96 362.68 542.68 0 11
-162.179770129 60.072804836 -6.64 582.72 431.92 0 11
-112.896793809 60.3752824239 -32.76 333.04 548.72 0 11
-157.71105797 60.4134854245 -19.32 549.52 456.48 0 11
-157.77317969 60.42228799 -17 545.68 462.72 0 11
-155.628876227 60.4513744329 -10.2 585.88 475.8 0 11
-124.522424211 60.4663600833 -56.16 476.04 486.6 0 11
-153.534861202 60.4814534831 -3.28 610.08 494.76 0 11
-158.926901044 60.4876652109 -22 545.28 445.2 0 11
-155.140249422 60.5428832011 -11.88 559.8 480.04 0 11
-106.287900143 60.6877437199 -68.88 359.2 454.44 0 11
-102.842493312 61.006630811 -85 333.2 398.96 0 11
-124.958204645 61.0766119383 -48.52 463 518.12 0 11
-123.188295013 61.2281955783 -31.72 409.24 583.48 0 11
-115.868662987 61.2659876166 -41 320.24 494.64 0 11
-122.629097862 61.3897013212 -31.96 392.8 588.24 0 11
-135.044188079 61.4187198489 -37.6 256.96 536.48 0 11
-108.341115942 61.4217719568 -68.88 322.92 430.72 0 11
-154.382406175 61.4492143788 -24.76 481 481.44 0 11
-126.026820268 61.5210279797 -57.96 487.8 488 0 11
-112.301279869 61.5669763191 -50.24 304.72 490.12 0 11
-162.271864752 61.6554817043 -18 412.84 423.16 0 11
-134.69023048 61.6723285601 -47.48 275.64 504.68 0 11
-156.397222796 61.6725223074 -18.64 525.68 502.76 0 11
-123.220345001 61.6729976297 -43.28 401.68 551.28 0 11
-154.833595946 61.6744533296 -34.08 498.88 466.68 0 11
-146.0422563 61.7323179841 -47 447.36 488.04 0 11
-103.232326189 61.7779957924 -91 300.28 385.8 0 11
-112.435290831 61.8407183499 -56.96 305.04 468.92 0 11
-118.210095416 61.8648964379 -42 293.6 559.44 0 11
-150.503986421 61.9175871593 7.32 592.28 544.88 0 11
-108.892081594 61.9917130251 -74 307.8 411.96 0 11
-107.717600181 62.0055898057 -75.92 300 414.48 0 11
-109.131542511 62.0399308389 -69.96 296.28 423.92 0 11
-136.429728219 62.041900458 -45.44 249.68 555.04 0 11
-115.643231482 62.0528799925 -48.36 289.92 487.8 0 11
-117.827046699 62.0961062124 -46.4 289.64 539.8 0 11
-163.298100427 62.1606964427 -20.8 475.2 397.12 0 11
-124.217751256 62.1787902065 -63.04 421.48 489.44 0 11
-161.439763234 62.2268974091 -28.6 403.36 418.4 0 11
-113.383903939 62.5133949787 -60.24 281 449.6 0 11
-156.632622113 62.5845349668 -36.32 482.12 478.56 0 11
-156.636781239 62.6248008613 -36.32 482.12 478.56 0 11
-161.041288981 62.6329565409 -27.8 394.08 424.64 0 11
-112.34405788 62.6542070209 -67.76 288.52 435.6 0 11
-112.253333039 62.6696279212 -69 287 433.08 0 11
-161.865676937 62.7374394086 -32 408.72 398.08 0 11
-154.005259142 62.743512928 -30 400.24 495.96 0 11
-164.004236829 62.8255031257 -22 486.12 382 0 11
-132.158466101 62.8341745806 -56.84 324.6 523.36 0 11
-148.993504405 62.8669749972 -35.96 483 427.28 0 11
-124.964244673 62.8688132421 -66.2 417.2 481.52 0 11
-157.217056283 62.9281545377 -38.44 450 466.96 0 11
-156.367406144 62.9634774138 -47.64 472.32 460.6 0 11
-115.099727938 62.9736056984 -59.4 269.12 462.84 0 11
-161.032893918 63.0651835708 -43.08 397.92 386.24 0 11
-137.918505259 63.2133502083 -44.56 293.2 549.12 0 11
-114.661378722 63.2560338733 -67.16 269.36 438.64 0 11
-150.561324988 63.4120755587 -41.76 548 450.88 0 11
-157.755780516 63.448195433 -35.72 407.88 464.12 0 11
-123.423994144 63.4797652527 -56.04 337.24 516.12 0 11
-140.530229667 63.5396731628 -68.52 267.28 534.92 0 11
-138.79480058 63.5856222907 -51.32 311 546.88 0 11
-157.926714984 63.6009990532 -35.56 395.44 460.6 0 11
-114.299098891 63.9315430055 -77.4 264.32 408.16 0 11
-122.56016199 63.9845401135 -67.2 319.36 471.08 0 11
-124.63295708 63.9927955392 -55.68 350.44 512.88 0 11
-139.301338714 64.0593963137 -63.76 306.92 527.6 0 11
-110.820025913 64.1341442667 -101 266.08 357.04 0 11
-125.011510289 64.2837006198 -57.64 349.36 505.88 0 11
-152.597152518 64.2901235625 -42.04 337.4 491.6 0 11
-150.219459074 64.2950146777 -32 423.64 545.12 0 11
-139.211794499 64.2964065592 -65.12 318.2 523.28 0 11
-120.442769324 64.3077866903 -67.36 288.48 446.64 0 11
-160.194378091 64.415316701 -58.96 360.48 352.48 0 11
-149.232710186 64.5904539787 -39.16 312.04 542 0 11
-164.280878224 64.7119280472 -43.76 404.04 334.52 0 11
-150.634843169 64.7280755631 -40.88 387.32 552.88 0 11
-116.339064787 64.7341222511 -74.16 259 415.84 0 11
-158.761138394 64.7763073345 -64.76 350.92 370.52 0 11
-115.950836177 64.7949265219 -78.8 260.92 403.04 0 11
-154.044875106 64.7953882645 -50.04 393.08 495.08 0 11
-119.08791973 64.8743496776 -78.92 293.72 390.04 0 11
-160.495346148 64.8860993368 -49.28 341 362.24 0 11
-158.299068596 64.891561772 -54.48 339.72 400.2 0 11
-124.081334787 64.916016907 -66.96 309.16 467.04 0 11
-113.77581604 64.9774759406 -100 268.2 342.52 0 11
-162.694007009 65.0996544049 -55.48 399.92 327.92 0 11
-164.779191568 65.1845153942 -43.56 376.04 325.16 0 11
-142.421754824 65.2723518658 -64.44 219.68 538.48 0 11
-152.385835609 65.2919235348 -59.8 345.76 495.6 0 11
-143.425461708 65.3524984725 -58.12 215.24 554.36 0 11
-157.104910481 65.4746379182 -54.16 325.56 421.92 0 11
-114.549780798 65.5008793692 -102.68 269.08 329.08 0 11
-158.077093875 65.577136556 -58.88 315.04 389.6 0 11
-152.751437026 65.6297362085 -67.16 370.24 491.56 0 11
-123.159217676 65.6944928228 -78.72 275 412.76 0 11
-159.263896426 65.7301337159 -62.84 304.72 354.64 0 11
-164.506409979 65.7996349371 -69.92 357.6 275.48 0 11
-142.952403917 65.8457320369 -67.4 205.64 518.44 0 11
-137.146003223 65.8684096749 -63.32 328.8 459.2 0 11
-163.273524223 65.868973012 -60.24 335.44 304.04 0 11
-162.403964885 65.8781864696 -53.4 323.2 324.92 0 11
-143.830424238 65.9461964521 -62.88 202.4 529.32 0 11
-147.853184881 66.0938423752 -48.84 277.88 539.76 0 11
-117.836869779 66.0980528125 -74.88 237.32 363.4 0 11
-137.78568576 66.1480976736 -84.76 313.16 429.72 0 11
-129.039516652 66.202509845 -75.04 287 491.96 0 11
-117.203530449 66.2767678885 -82.92 240.32 352.72 0 11
-137.477768027 66.2857652838 -82 309.36 413.6 0 11
-126.477329448 66.4057109164 -79.2 271.12 448.2 0 11
-116.881435516 66.423549343 -88.72 244.08 339.96 0 11
-137.380327126 66.4358994775 -81.04 306.76 405.32 0 11
-124.693930704 66.5298357697 -90.52 264 381.48 0 11
-137.142239081 66.5648385405 -72.8 305.32 409.36 0 11
-124.731783893 66.5934669355 -90.64 261.88 380.4 0 11
-137.467186047 66.6352553476 -77.6 299.92 415.04 0 11
-157.721756711 66.6653663278 -69.32 279.8 365.16 0 11
-139.680790241 66.8373382448 -104.96 250.6 419.12 0 11
-124.976806455 66.8453473041 -92.84 251.68 372.88 0 11
-155.243626498 66.8572483421 -83.68 332.8 401.84 0 11
-146.493841453 66.9225243454 -62.52 214 502.52 0 11
-154.111687725 66.9789935181 -94.2 357.52 412.76 0 11
-144.078877832 66.9925990211 -74.8 176 467.6 0 11
-139.221461283 67.0326831738 -100.12 260.4 421.96 0 11
-135.981032216 67.0385716994 -85.12 299.6 376.68 0 11
-135.320329216 67.1006997575 -85.44 315.68 400.16 0 11
-128.42557135 67.1017240707 -91.84 241.68 419.92 0 11
-150.799850464 67.184001185 -67.96 303.76 468.96 0 11
-124.948820479 67.1852684106 -98.56 239.24 348.52 0 11
-123.830170018 67.2918638667 -97.04 232.88 333.88 0 11
-153.613541075 67.499466467 -116.04 318.64 367.48 0 11
-126.90012735 67.5180051382 -99.68 225.68 365.72 0 11
-153.934543604 67.5563334259 -102.28 306.64 389.96 0 11
-139.661101935 67.7107476432 -101.52 229.16 406.6 0 11
-155.402266342 67.993453232 -123.68 276.36 299.16 0 11
-125.026281869 68.0968214215 -107.32 209.92 302.16 0 11
-163.795949235 68.4220994127 -95.88 219.4 223.32 0 11
-138.774183458 68.6335773881 -116.08 209.32 309.08 0 11
-140.185081248 68.6820471749 -124.36 180.92 297.16 0 11
-153.308977841 68.7979295579 -119.84 212.16 334.4 0 11
-129.148583323 68.9108863968 -109.96 156 304.76 0 11
-144.076039831 69.4788851393 -138.6 141.64 225.44 0 11
-143.919434198 69.4855372201 -134.64 141.92 226.96 0 11
-123.912660202 51.9861375543 12.92 367.8 760.28 0 10
-74.1956794856 52.1373943166 -25.16 811.36 529 0 10
-115.805134411 54.551247661 3.36 582.8 660.24 0 10
-77.070556335 54.7177598716 -46.56 666.8 434.08 0 10
-75.5559329885 55.4754034977 -53.6 640.84 402.8 0 10
-104.020097222 55.6656297022 -16.8 513.72 612.72 0 10
-98.2228473886 57.0660576476 -44.44 514.76 528.88 0 10
-99.6922500254 57.172991297 -41.84 483 536.32 0 10
-98.4937352909 57.2290356838 -43.32 506.4 527.28 0 10
-66.6841775246 57.3510214166 -57.88 552.52 393.6 0 10
-104.753381457 57.7102876639 -33.44 495.84 536.88 0 10
-98.9803533498 57.9208211782 -53.28 471.04 491.08 0 10
-102.503586898 58.0185238731 -46.88 477.76 488.92 0 10
-102.312198938 58.1731070866 -50.92 465.08 474.84 0 10
-97.7884915444 58.5657336374 -67.2 444.28 453.32 0 10
-77.3314847476 58.5760725588 -68.36 403.64 328.04 0 10
-100.928082129 58.6393797191 -61.52 419.32 456.48 0 10
-106.070682761 58.6753300267 -40.04 421.04 546.76 0 10
-103.168618398 59.2317848265 -58.8 440.44 457.2 0 10
-98.579857494 59.4965004867 -79.04 400.76 417.28 0 10
-102.902089959 59.5588480234 -66.32 417.64 439.32 0 10
-101.32042316 59.6758057443 -74.68 373.16 422.36 0 10
-106.375770678 59.7814876522 -56.6 389.56 497.56 0 10
-110.890293944 59.9518294042 -35.56 355.68 549.04 0 10
-75.4936879277 60.2889028057 -77.8 396.96 292.56 0 10
-73.6075414083 60.3251223839 -79.36 424.96 289.96 0 10
-109.722392361 60.6912852101 -49.72 334 488.32 0 10
-106.210048579 60.9571641077 -71 347 448.08 0 10
-104.094534585 60.9684204806 -80.76 353.64 413.84 0 10
-107.427463829 61.2418819255 -70.08 333.36 436.08 0 10
-103.617298445 61.3861237779 -84.28 321 403.68 0 10
-110.330305121 61.4349007138 -58 317.92 464.56 0 10
-109.960654432 61.8972626197 -67 305.2 435.28 0 10
-108.891888049 62.2340473123 -73.36 292.56 411.84 0 10
-123.85276732 63.2664778311 -55.24 356.92 520.28 0 10
-131.84191371 64.071290402 -78.12 342.84 455.16 0 10
-94.5399499047 64.1976948112 -127.32 243.44 297.6 0 10
-93.7533891801 64.6787753629 -135.92 243.48 272.36 0 10
-113.618988764 64.6963548801 -97.96 271 349.64 0 10
-123.943377725 65.6339502468 -74 283 432.6 0 10
-130.807409977 66.6893770435 -79.48 262.76 449.24 0 10
-130.749166437 66.8437132452 -85.2 258.24 430.76 0 10
-112.379495088 66.8788805838 -131.28 209.28 254.68 0 10
-91.3505005124 67.7499086999 -148.68 200.8 224.08 0 10
-129.113560313 68.7333821939 -108.88 164.4 314.48 0 10
-109.700962791 44.6431398673 -6.08 628.72 710.76 23.41 9
-81.0378311963 46.4151041167 43.12 835.56 764.44 28.6977 9
-100.074633013 47.1775125153 41.64 425 891.04 4.855 9
-56.9468549974 47.6902035129 35.16 1492.32 572 26.9032 9
-57.3500608474 47.9291732801 32.8 1476.08 557.84 19.1325 9
-100.069996715 48.0204588786 45.44 424.88 913.24 9.16435 9
-56.4224436693 48.1520664608 32 1408.84 634.36 31.3444 9
-55.5795336173 48.158186086 42 1435.36 662.88 32.1925 9
-55.3109352485 48.2731329078 37.76 1373.12 642.72 19.0508 9
-106.560420734 48.3839636952 48.24 301.2 904.36 4.1475 9
-107.047278586 48.4535723138 54.24 282.36 960.2 4.7225 9
-106.122582673 48.5420406522 44.48 306.04 887.84 4.065 9
-107.385789312 48.602696938 47.76 292.32 941.8 3.7725 9
-106.908218547 48.956902025 42.96 300.2 916.96 5.055 9
-70.6253877408 49.1638053543 -2.32 1060.96 637.28 37.4898 9
-54.3201986952 49.1710552544 43 1045.12 637.92 23.9634 9
-73.4536647857 49.8115827153 -4.48 932.88 621.72 39.8689 9
-94.9274640309 49.8190379591 20.48 581.32 709.6 44.4889 9
-73.542544958 49.9586471596 -6.16 930.12 612.84 23.0661 9
-76.5891699898 50.2859451023 -5.72 872.12 636 0 9
-75.5313516294 50.3151738524 -7.72 901.32 615.56 0 9
-74.1631399178 50.6349299626 -13.68 910.96 579.48 0 9
-108.310150445 50.6459422401 38.04 336.08 822.52 0 9
-83.3958281994 50.8941458048 -2.76 733.32 672.52 0 9
-92.7696894955 50.9016217114 4.8 674.64 669.52 0 9
-118.183954379 50.9807477948 66.44 1021.28 822.68 0 9
-74.9964851651 50.9925325257 -14.36 874.08 581.2 0 9
-70.0644454954 51.358311189 -25.96 931.96 543.2 0 9
-116.302374414 51.4237484299 -12.96 662.12 583.76 0 9
-77.4553860165 51.4527417456 -18.16 785.4 587.76 0 9
-78.0830469309 51.4564338436 -13.12 739.92 604.88 0 9
-75.2454981652 51.6390427441 -19.56 825.88 558.64 0 9
-76.659449893 51.6792380956 -19.04 789.4 572.68 0 9
-74.9219191995 51.7352685344 -20.84 826.8 551.76 0 9
-97.936322859 51.7849251612 0.32 469.96 684.4 0 9
-76.5135355787 51.8288381493 -19.48 781.52 568.4 0 9
-77.4447339303 51.8707927327 -20.6 756.28 570.12 0 9
-96.4690525075 51.904009518 4 522.76 657.32 0 9
-56.0486853281 51.9218404123 -5.68 1155.64 426.6 0 9
-95.9898189835 52.0062316887 1.04 532.24 651.72 0 9
-117.349740707 52.0781592318 2.32 683.36 631.92 0 9
-76.7521940868 52.1572669179 -23.72 765.6 550.8 0 9
-74.1383638736 52.2378761533 -25.8 807.44 526.52 0 9
-84.1584902951 52.2487119304 -16 659.36 611.8 0 9
-98.2433877017 52.2523953104 1.76 451.6 655.2 0 9
-75.2618169287 52.3023271273 -26.36 794.8 529.44 0 9
-98.7199588287 52.3184211704 4.36 457.92 655.32 0 9
-71.3775982229 52.4807815481 -33.84 845.04 493.08 0 9
-57.0757217076 52.4887987691 -7.56 1104.72 434.16 0 9
-93.2898728724 52.5097985853 -9.52 611.8 625.2 0 9
-78.0870362425 52.5343733653 -23.24 676.68 547.88 0 9
-83.4659503726 52.5471042622 -17.4 615.8 601.64 0 9
-57.1342882268 52.6940949746 -9.88 1099.2 437 0 9
-77.4984386534 52.7069155098 -27 709 533.24 0 9
-69.8562134354 52.7648822332 -42.84 915.28 469.84 0 9
-56.6499607476 52.7827337867 -5.64 1059 434.12 0 9
-78.131980998 52.8915362319 -26.52 659.24 530.64 0 9
-96.9133940298 53.1422107355 -7.48 456.84 607.16 0 9
-75.139364284 53.3732224811 -37.72 757.52 479.2 0 9
-83.9412522875 53.4794909331 -27 581.96 556 0 9
-66.1420235541 53.653120539 -42.88 824.36 487.44 0 9
-66.1262899819 53.9301161899 -44.12 808.76 479 0 9
-60.6156871597 53.9989908562 -23.84 985.56 495.08 0 9
-84.7088767222 54.0058512601 -32.52 571.44 530.52 0 9
-66.367256423 54.008306428 -43.08 798.68 476.76 0 9
-99.9989823081 54.0088188519 -4.88 472.28 622.6 0 9
-58.3054576632 54.1791808508 -10.12 936.04 462.28 0 9
-70.04251676 54.2466549258 -49.4 792.92 428.64 0 9
-83.7958279405 54.3434278391 -35.84 545.36 516.76 0 9
-63.0641569259 54.5836825452 -47.84 846.44 448.24 0 9
-62.3481416564 54.6727316822 -35.2 830.28 470.88 0 9
-100.74724178 54.7225879848 -10 480.92 620.04 0 9
-76.7542621051 54.7641817974 -48.16 674.88 428.96 0 9
-108.283757181 54.7961968678 1.64 448.48 667.6 0 9
-126.864346861 54.8491088251 -16 550.68 528.92 0 9
-88.0406712464 54.8798854903 -37.52 537.2 496.6 0 9
-78.8560057609 54.8839715784 -41.2353 559.294 448.118 0 9
-63.1091135056 54.9138390956 -53.68 833.32 425.96 0 9
-88.6337955615 54.998516251 -38 535.4 494.08 0 9
-69.7913127069 55.0704824685 -59.32 769.96 402.32 0 9
-61.4750020876 55.1321017094 -40.36 911.32 428.8 0 9
-129.087970452 55.1884848609 58.44 1288.56 682 0 9
-89.7215863172 55.2809326498 -41 529 487.76 0 9
-89.3484092644 55.2901373662 -42 530.48 484.12 0 9
-85.2851993697 55.3355131917 -40 496.64 490.04 0 9
-94.4405827404 55.3984899611 -32.48 503.28 560.04 0 9
-85.5839782964 55.4495207092 -41 496.96 487.68 0 9
-72.2814521394 55.5256683952 -59 690.44 388.48 0 9
-62.151853256 55.7338139214 -49.24 857.08 409.88 0 9
-71.8717559494 55.7600210523 -58.2 666.96 389.64 0 9
-75.414419088 55.8855287027 -55.88 614.44 390.12 0 9
-64.798239577 55.9154685624 -52.96 619.52 428.96 0 9
-99.677646388 55.9404461544 -27.96 487.44 592.32 0 9
-89.1699798175 55.9645099151 -49.36 503.6 463.04 0 9
-89.2780515092 56.1101891698 -50 499.4 457.36 0 9
-67.6294269372 56.1197287512 -52.84 646.32 423.2 0 9
-89.6657472227 56.1516780263 -50.52 501.76 457.76 0 9
-98.5518481469 56.2539947292 -34.68 522.92 569.2 0 9
-89.6803530081 56.5341666213 -52.12 476.8 451.4 0 9
-76.0358002538 56.5360385192 -55.68 549.48 380.72 0 9
-89.7309559283 56.5481938555 -52.8 474.76 451.12 0 9
-93.0856957995 56.5722951659 -48.84 472 493.32 0 9
-94.1297171607 56.789233564 -51.04 466.68 501.32 0 9
-70.3584224525 56.9178124633 -63.96 611.96 379.24 0 9
-101.030042841 57.0515712799 -41.36 475.68 530.32 0 9
-73.2012546457 57.38806326 -66.12 557.4 349.44 0 9
-128.529141341 57.4149746038 -17.64 502 552.52 0 9
-127.458259278 57.4155520936 -32.16 477.88 515.16 0 9
-65.7687662035 57.5220529943 -60.56 549.6 374.96 0 9
-76.7522158613 57.6665440881 -62.04 463.84 350.32 0 9
-98.7851990363 57.7059313182 -50.6 488.28 499.76 0 9
-111.171210999 57.7473956501 -9.68 411.16 640.52 0 9
-99.9581145882 57.8872452105 -53.84 461.88 488.56 0 9
-69.2341325969 57.8998508547 -59.8 528.44 391.8 0 9
-68.2143145681 57.9817786544 -55.28 513.8 410.16 0 9
-73.6866751615 58.003413659 -67.48 511.76 339.12 0 9
-96.4835406797 58.1008533228 -67.8 462.64 453.12 0 9
-69.6781538083 58.2027549816 -64.84 523.68 366.68 0 9
-97.1506071818 58.2080438921 -65.92 459.96 460.76 0 9
-95.4084923618 58.2773147922 -69.36 439.28 438.04 0 9
-129.02827196 58.2993852373 -34.92 491.4 507.48 0 9
-99.7850872557 58.4438374429 -60 434.68 470.08 0 9
-95.649985016 58.4846985957 -70 429.52 438.56 0 9
-105.894967099 58.4850914886 -33.96 416.96 562.24 0 9
-95.4208959065 58.5478230233 -71.24 425.48 430.4 0 9
-122.155223756 58.54926213 -12.84 440.8 649.24 0 9
-98.8117580791 58.6120538205 -64.4 440 458.4 0 9
-100.202656824 58.6445787391 -63.4 423.04 456.08 0 9
-96.9294154312 58.6569434037 -72.32 444.32 437.48 0 9
-112.762564996 58.7105330602 -15.64 381.16 618.84 0 9
-131.705947939 58.7348984863 -11.2 499.56 557.04 0 9
-155.645190753 58.8219929303 14.68 680.72 486.72 0 9
-107.306735439 58.8222253745 -36.52 396.72 540.56 0 9
-116.722733884 59.0247370211 -24.08 408.48 595.88 0 9
-131.362701809 59.0461783684 -23.68 485.84 531.04 0 9
-73.782226709 59.0754201939 -69.52 450.64 322.52 0 9
-115.998530183 59.0899868104 -39.96 442.8 524.08 0 9
-108.124350383 59.1102979009 -31.56 368 546.92 0 9
-121.470696036 59.1241504077 -29.68 428.56 595.32 0 9
-127.595628883 59.1265025791 -18.76 453.2 608.68 0 9
-114.611471534 59.2010463404 -37.92 422.44 522.92 0 9
-158.41571379 59.2584814432 4.36 595.36 467.48 0 9
-115.908904235 59.3133342631 -41.76 433.64 519.6 0 9
-96.5119370027 59.3164539914 -79.24 405.04 414.96 0 9
-95.1066772948 59.3721271281 -81 395.96 396.28 0 9
-132.685695294 59.4784324436 -32.28 452.76 477.72 0 9
-120.744871116 59.6784769898 -28 397.16 605.2 0 9
-120.406896718 59.7736063231 -30.16 395 598.36 0 9
-95.5015425049 59.859604957 -87.08 382.68 383.92 0 9
-119.047443663 59.8936206775 -36.68 393.4 570.24 0 9
-137.327455728 59.9423673674 -12.36 835.96 534.6 0 9
-109.898347922 60.0059738776 -40.56 353.48 519.48 0 9
-75.0059278261 60.0874715325 -77.8 412.72 293.04 0 9
-158.340645501 60.1564937422 -9.8 555.56 467.04 0 9
-114.338726285 60.1621800654 -31.8 350.04 533.68 0 9
-116.398142296 60.1900521368 -32.8 359.92 570.92 0 9
-94.9186989535 60.2582414265 -90.92 364.48 369.24 0 9
-121.766278421 60.3227891492 -36.64 410.92 581.48 0 9
-155.106236932 60.3317111337 -4.48 567.04 485 0 9
-115.244384978 60.3760681683 -34.12 348.8 519.04 0 9
-118.226601868 60.4093168381 -32.72 344.6 591.52 0 9
-161.127922187 60.4248506844 -12 494.12 445.48 0 9
-116.021624118 60.4672256739 -34 349.48 558.2 0 9
-118.802789058 60.5487365723 -32.52 342.12 594.6 0 9
-161.699154955 60.6231234493 -12 439 442.2 0 9
-113.584316683 60.6242487661 -35.12 327.92 526.96 0 9
-108.586551857 60.6547825357 -56.68 344.92 465.96 0 9
-114.894846927 60.7160707743 -35.08 330.48 509.52 0 9
-124.618806841 60.73583556 -66.16 479.28 458.92 0 9
-94.9288331587 60.8499887542 -97 342.48 357.4 0 9
-154.610101988 60.9084012475 -12.12 496.12 502 0 9
-141.571495374 60.9350383979 -46.16 1089.64 406.64 0 9
-156.284161902 60.9701931483 -18.88 568.52 478.44 0 9
-118.447861181 61.086465355 -34.24 310.84 591.48 0 9
-118.548623708 61.1037962282 -35.52 316.56 586.72 0 9
-98.3998597249 61.2589610073 -101.44 324.32 362.92 0 9
-98.673470862 61.3098181066 -103.6 326.6 355.8 0 9
-101.396495023 61.3328812056 -96 296.96 373 0 9
-165.15431862 61.3516888151 -12.08 634.8 375.52 0 9
-112.262721893 61.3910039088 -48.76 309.8 497.8 0 9
-123.287318408 61.4347144813 -40.76 411.16 556.8 0 9
-165.317358658 61.4603043161 -13.2 636.96 372.28 0 9
-136.799684472 61.4753744714 -61.32 247.08 467.76 0 9
-163.502703645 61.5008197478 -15 512.72 402.04 0 9
-154.419082812 61.5074489628 -23.4 475 487.48 0 9
-137.622909285 61.6246252627 -53.2 237.48 476 0 9
-126.961371181 61.6726409352 -84.92 542.32 392.2 0 9
-118.260240798 61.7724686128 -40.8 294.6 565.8 0 9
-99.6035456679 61.8097939439 -107.88 293 345.48 0 9
-141.187390504 61.8645525142 -61.92 552.4 470.8 0 9
-125.249375058 61.8998827354 -70.36 464.28 458.84 0 9
-125.463191384 61.928992147 -68.36 470.2 462.4 0 9
-128.468865926 61.9396058846 -65.44 593.68 431.96 0 9
-99.8391520458 61.9764966243 -108.48 284.64 343.88 0 9
-144.948415469 61.978511131 -38.8 337.4 538.44 0 9
-124.16799123 62.0386465066 -64.12 428.04 484.64 0 9
-101.054547207 62.0737770762 -106.04 275.88 348.88 0 9
-107.369665487 62.0824657302 -78.76 301.36 410.32 0 9
-138.423197502 62.153838698 -57.36 237.44 495.6 0 9
-101.590965465 62.1540078618 -103.4 273.12 352.96 0 9
-136.579688638 62.1589571868 -58.08 239.4 504.24 0 9
-137.653326563 62.1655420473 -59.52 227.52 475.2 0 9
-132.53423691 62.1690918588 -51.8 294.76 541.56 0 9
-155.207960571 62.1695624719 -30.44 476.16 493.44 0 9
-132.194027644 62.1770338152 -59.68 305 521.08 0 9
-119.321624091 62.188439517 -61.8 352 489.64 0 9
-159.053340414 62.2021804107 -27.88 451.32 471.68 0 9
-67.1408238728 62.2065271556 -86.44 401.04 247.64 0 9
-162.206822169 62.2500166559 -22.04 410.76 417.44 0 9
-117.826407366 62.2508153016 -46 282.44 539.76 0 9
-141.919002366 62.2542233912 -67.4 424.68 470.6 0 9
-123.962673885 62.2580486022 -51.56 402.28 527.68 0 9
-95.2890210535 62.2781461848 -112 299.36 330.76 0 9
-98.4884920315 62.2982312686 -109.04 279 345.2 0 9
-98.7664845842 62.3307925417 -110 278.64 342.56 0 9
-98.779829567 62.3347780835 -111.16 279.24 338.32 0 9
-101.119446306 62.3471675681 -107.48 264.44 344.56 0 9
-151.182204101 62.3844368278 -11.08 595.56 531.12 0 9
-108.778329907 62.431787505 -74.6 281 408.68 0 9
-139.634514547 62.5037653502 -65.92 292.04 515.96 0 9
-158.25831738 62.5098338628 -29.36 446.04 473.76 0 9
-128.827606508 62.5939845323 -67.64 533.24 450.04 0 9
-147.526924068 62.6155505456 -43.96 362.24 482.04 0 9
-93.8078288437 62.6182761262 -116.2 293.08 308.28 0 9
-121.549339553 62.6447881371 -43.2 335.8 551.68 0 9
-124.72563668 62.647536885 -77.28 429 448.76 0 9
-139.556146368 62.7710687079 -84.6 270.48 458.56 0 9
-118.459739153 62.7905369131 -50.44 287.32 516.68 0 9
-156.789018233 62.8242797964 -49.32 478.12 447.28 0 9
-133.598048531 62.8253093591 -44.04 359.2 495.4 0 9
-142.914013144 62.8378455022 -54.56 309.76 543.6 0 9
-117.469714003 62.8430168954 -55.32 283.28 499.4 0 9
-147.267216796 62.8467924994 -45.96 326.44 495.56 0 9
-109.384334232 62.855726392 -73.52 259.36 410.32 0 9
-146.752542784 62.8584044125 -52.52 286.12 500.56 0 9
-145.976064517 62.8838937935 -53.92 253 510 0 9
-147.399940522 62.9387453657 -47.84 328.32 485.28 0 9
-163.520781984 62.9671127206 -24 462 387.32 0 9
-142.226109997 62.9858104288 -51.04 267.52 564.96 0 9
-136.810499582 63.0601910473 -49.76 270.16 538.12 0 9
-137.806721492 63.0637626743 -48.72 274.96 533.68 0 9
-120.226075917 63.0936001307 -54 309.88 506.12 0 9
-119.127318384 63.114346009 -51.32 289.88 508.16 0 9
-137.433450888 63.1470529407 -53.6 274.48 518.24 0 9
-111.724959686 63.1492169678 -88.28 304.6 382.16 0 9
-157.526297673 63.156449107 -34.2 428.24 472.36 0 9
-121.735549987 63.1681236472 -54 326.4 514.16 0 9
-152.992531526 63.209124796 -33.84 368.44 485.08 0 9
-109.563870023 63.2201865697 -87.92 274.24 375.84 0 9
-112.838271963 63.3486338321 -81.76 288.12 395.64 0 9
-142.490329333 63.3513011997 -64.72 228.08 554.12 0 9
-157.008389404 63.3793764154 -39.44 425.64 471.04 0 9
-157.214520719 63.4107650577 -34.88 416.16 476.92 0 9
-114.002614815 63.4145492862 -71.88 271 422.2 0 9
-113.976153386 63.4210367191 -72.76 271.72 419.6 0 9
-158.551242595 63.4232149588 -33.92 393.2 456.04 0 9
-130.656076764 63.441214957 -85.12 390.32 435.52 0 9
-113.743903115 63.4903469719 -75 273.52 412.68 0 9
-156.184320708 63.53497244 -47.44 432.08 468.28 0 9
-151.370411767 63.598373065 -30.68 450.08 503.12 0 9
-121.084842483 63.6249018864 -57.32 307.48 492.56 0 9
-114.821403409 63.6505678539 -71.92 270.84 428.6 0 9
-133.889414831 63.7367156417 -46.32 343.84 529.76 0 9
-151.107773798 63.7381488886 -28.4 463.24 516.28 0 9
-132.41746124 63.7623297498 -72.44 339.24 458.72 0 9
-112.229132089 63.8203297774 -91.84 280 373.28 0 9
-121.648230751 63.8397637494 -57.76 305.64 489.76 0 9
-139.442074959 63.8899223197 -70.44 289.96 510.24 0 9
-155.416135608 63.9043573182 -50.32 406.08 474 0 9
-155.995058875 63.9060840252 -44.24 405.48 479.88 0 9
-152.339118764 63.9517724568 -37.92 335 481.4 0 9
-146.077903532 63.9520167042 -33.16 293.64 523.88 0 9
-114.649988711 63.9586397876 -77.2 268.2 410.28 0 9
-125.119728096 63.9678692072 -62.56 367.84 495.72 0 9
-144.038415096 63.9794021109 -65 241.64 529 0 9
-158.64480868 63.9832449095 -38 368.04 437.12 0 9
-104.091753058 63.9930196761 -108.56 229.24 331.52 0 9
-122.037651789 63.9995649793 -60.76 306.6 482.6 0 9
-144.044418041 64.0117685343 -62.2 244.08 537.4 0 9
-125.095427015 64.0256689977 -67.4 370.16 482.36 0 9
-143.772488955 64.1034535198 -68.72 230.72 526.56 0 9
-141.357857369 64.1970875045 -76.32 235.04 512.52 0 9
-121.255375013 64.2005965399 -60.92 293.6 473.12 0 9
-137.060203222 64.2255612962 -65 325.88 480.4 0 9
-119.030414047 64.2911901959 -64 277.36 446.68 0 9
-156.321829062 64.2916515989 -46.44 385 466.64 0 9
-157.865681412 64.3465782476 -42.4 359.24 441.48 0 9
-124.476568959 64.3833834109 -67.16 338.84 476.72 0 9
-152.699006685 64.4181377505 -46.72 343.68 488.72 0 9
-150.482289508 64.4205635119 -34.08 413.24 550.64 0 9
-138.152983075 64.42604813 -75.2 377.24 450.2 0 9
-113.135583939 64.5030315525 -96.68 268.44 356.52 0 9
-106.36986811 64.5327764766 -112.44 232.08 319 0 9
-115.110282463 64.5350093968 -80.16 261 401.12 0 9
-134.833574511 64.5454954848 -74.76 321.36 447.56 0 9
-119.364527539 64.5771945161 -67.8 280 428.56 0 9
-157.86309017 64.6707342895 -46.24 345.44 429.68 0 9
-141.200223626 64.7102909845 -68.32 256.36 524.24 0 9
-132.511301375 64.741692014 -79.64 331.48 446.32 0 9
-77.434969343 64.7719311382 -105 319.8 229.72 0 9
-143.948530347 64.773848001 -77.2 214.04 503.96 0 9
-110.022332872 64.7926838793 -117 258 320.44 0 9
-118.563408068 64.7986410237 -63.08 256.08 432.6 0 9
-112.817433535 64.8120296992 -103.08 266 337.28 0 9
-163.610147148 64.835501956 -38.68 392.48 351.52 0 9
-140.12587053 64.8927680224 -82.8 274.8 487.4 0 9
-124.888371873 64.9254048492 -63 322.24 484.2 0 9
-150.86000989 64.9462666241 -41 374.8 561.24 0 9
-113.333619035 65.006066113 -102.32 260.64 337.08 0 9
-151.496628102 65.0432065343 -41.84 350.32 544.16 0 9
-104.214715693 65.0464635662 -121.4 205.12 293.2 0 9
-158.563986771 65.1261413441 -65.36 335.24 369.52 0 9
-144.158769194 65.164902025 -75.96 209.68 504.4 0 9
-146.501593882 65.169151902 -60.64 274.84 491 0 9
-153.896458087 65.2030173431 -84.52 422.52 423.32 0 9
-116.212356122 65.2191644864 -81.68 261.12 384 0 9
-134.210045465 65.3087965453 -68.6 332.52 468.48 0 9
-129.342063128 65.3282188224 -72 333.6 498.04 0 9
-130.713878978 65.3708149951 -88.16 325.04 440.16 0 9
-130.462353314 65.3893822031 -86.84 325 445.36 0 9
-146.669996893 65.4295043676 -66.28 266.32 481.72 0 9
-126.482842925 65.4403131015 -81.64 325.8 460.6 0 9
-152.09113997 65.4417865593 -58.28 338.16 503.24 0 9
-159.4492599 65.4509135769 -62.68 319.32 354.16 0 9
-130.099373425 65.4633395337 -82.76 323.52 460.52 0 9
-126.114440659 65.4677727447 -71.64 314.32 481 0 9
-123.684488981 65.4861684542 -73.76 286.76 432.92 0 9
-111.646534047 65.4965683702 -119.4 246.96 305.4 0 9
-114.613838905 65.5120924661 -102 269.12 330.72 0 9
-149.444748813 65.5325487667 -54.64 306.84 526.64 0 9
-145.994133122 65.5860297699 -60.56 241.8 511.08 0 9
-132.429478754 65.6484591245 -82.8 316.92 442.52 0 9
-134.267378075 65.6592805822 -67.88 333.48 469.72 0 9
-148.171335785 65.6839615804 -54.36 284.36 517.96 0 9
-144.74747578 65.6854898211 -70.16 205.16 511.64 0 9
-146.979328045 65.7055840214 -62.68 268.92 492.96 0 9
-130.450313838 65.7330559961 -78.28 308.52 469.52 0 9
-123.797130284 65.7351367402 -75.24 279.08 425.2 0 9
-130.42626993 65.740266668 -78.28 308.52 469.52 0 9
-133.28380735 65.7996519626 -68.52 324.08 476.88 0 9
-123.914664423 65.8765675952 -77.4 274.12 418.08 0 9
-143.274673041 65.8933359372 -63.92 204.4 527.28 0 9
-146.246425928 65.9420648516 -52.8 243 530.52 0 9
-137.511102921 65.9569358405 -75.28 324.52 446.56 0 9
-129.589759875 65.9678079376 -72.2 295 493.44 0 9
-136.954908312 65.9813946099 -64.04 323.24 440.84 0 9
-130.987677654 65.9814972303 -72.96 295.72 477.4 0 9
-132.44375466 65.9926658855 -72.88 308.52 469.28 0 9
-126.125424588 66.0116077896 -81 291.52 445.72 0 9
-140.610239821 66.0207363117 -84.12 254.16 478.28 0 9
-130.228688875 66.0357753018 -71.44 293.32 487.52 0 9
-147.892412927 66.0510948669 -48.68 279.32 539.28 0 9
-149.129231827 66.0987469234 -49 295.92 545.72 0 9
-158.25087404 66.1268968062 -69.2 296.2 359.24 0 9
-138.39754113 66.1579894423 -90.24 303.64 448.08 0 9
-151.654218789 66.1631326711 -55.12 337.44 515.32 0 9
-150.382431079 66.2744106017 -70.44 323.64 482.56 0 9
-137.022861603 66.3078632958 -67.8 316 419.12 0 9
-138.818419415 66.3116981822 -90.36 291.4 454.36 0 9
-115.690994516 66.3472490031 -103.12 269.72 314.16 0 9
-136.756380611 66.3747016591 -64.4 314.48 412 0 9
-156.035676548 66.4251544611 -71 321.24 407.8 0 9
-127.776415383 66.4283974907 -77.56 270.76 472.92 0 9
-152.202316651 66.5108419571 -65.04 334.52 508.16 0 9
-136.798097484 66.5380303784 -67.64 309.08 401.84 0 9
-151.229990702 66.5757598499 -56.44 335.96 497.96 0 9
-96.3303858359 66.5810538654 -148.32 180.64 257.96 0 9
-138.606708426 66.5828077841 -93.48 286.72 432.2 0 9
-133.670543242 66.5916300225 -70.16 316.28 468.72 0 9
-141.773671485 66.6026009789 -79.12 214.44 469.56 0 9
-146.43128561 66.6260539838 -56.68 223.88 519.68 0 9
-139.114385593 66.6529100528 -98.12 273.36 431.08 0 9
-122.96056558 66.6591791456 -94.2 250.72 350.08 0 9
-152.068079706 66.7147073476 -69.72 332.96 485.68 0 9
-154.107149433 66.7343197826 -81.52 373.4 443.44 0 9
-151.062570154 66.7465438817 -64.16 328.8 477.52 0 9
-141.685205493 66.7473410779 -88.8 209.44 445.04 0 9
-154.62197799 66.758697642 -84.48 358.36 420.8 0 9
-126.034185101 66.7873658177 -91 258.12 397.16 0 9
-141.427618754 66.8406293122 -90.84 211.8 439.12 0 9
-147.608265019 66.8549155519 -60.8 256.64 513.84 0 9
-158.500814967 66.8979489675 -69.72 260.04 343.96 0 9
-150.672408811 66.9131898563 -68.68 313.08 474.08 0 9
-141.026712077 66.9541759894 -100.28 217.04 420.16 0 9
-158.005225629 67.0305316862 -71.96 259.96 348.88 0 9
-129.512791631 67.0728011618 -93.4 245.68 413.96 0 9
-125.181699802 67.1141591198 -99.12 246.16 353.44 0 9
-122.801636871 67.1170059583 -98 238.56 327.6 0 9
-136.60922302 67.1391026348 -80.4 289.56 378.76 0 9
-157.106769106 67.1503958296 -77 269.16 358.92 0 9
-147.751400336 67.1656291222 -69.8 255.84 493.72 0 9
-125.127794144 67.1715472449 -108.2 248.68 330.48 0 9
-129.404144082 67.2798519778 -97.92 235.96 396.08 0 9
-149.538657509 67.2856603928 -78.04 283 470.44 0 9
-151.246516458 67.3068342294 -80 306.28 436.72 0 9
-138.225970077 67.3519250192 -98.44 265.68 381.32 0 9
-146.970731881 67.4060533914 -78.76 218.76 462.84 0 9
-130.770654207 67.4121490488 -86.28 230.36 412.6 0 9
-151.664683788 67.4239649709 -96.16 302.04 406.76 0 9
-128.994112819 67.5260066604 -97.84 221.24 388.28 0 9
-147.445904181 67.5601959706 -91.48 230.36 436.96 0 9
-129.69588142 67.5717075555 -93.72 218.16 392.64 0 9
-151.741425949 67.614855013 -105.52 291.6 387.36 0 9
-143.948485202 67.6197936987 -98.88 160.64 388.72 0 9
-128.32033386 67.6986376296 -96.08 211.68 382.56 0 9
-136.864640225 67.7080687213 -94.6 266.96 345.08 0 9
-143.708955554 67.7183318413 -96.92 162.32 383.48 0 9
-143.424648193 67.7355000407 -105.36 162.28 365.36 0 9
-147.844950012 67.7662640254 -97.64 241.76 424.2 0 9
-145.969968306 67.8528092561 -98.48 174.4 399.4 0 9
-132.673413798 67.9404283309 -95.72 240.92 381.96 0 9
-142.073294142 67.9582522456 -103.16 176.04 361.04 0 9
-143.402171104 67.9761484746 -106.76 160.28 349.32 0 9
-140.76499654 67.9797860335 -102.8 197.68 375.56 0 9
-127.320944633 68.0326570218 -104.44 203.36 342.4 0 9
-141.761221086 68.1096400417 -111.56 175.88 338.88 0 9
-131.435455758 68.1980259987 -100.44 203.44 354.52 0 9
-133.651415168 68.2139481636 -93.2 248.6 389.88 0 9
-135.896393719 68.2246502031 -101.36 237.28 326.92 0 9
-141.699720663 68.2697887519 -120.44 170.64 313.96 0 9
-129.716979239 68.3375676704 -98.52 179.64 351.4 0 9
-148.931187653 68.343533857 -117 237.92 370.52 0 9
-131.039023604 68.3437476684 -103.24 191.4 342.24 0 9
-130.030135714 68.3638376257 -103.56 181.96 341.44 0 9
-127.395470441 68.5071864311 -104.88 180.4 322.52 0 9
-129.093032332 68.5176239152 -105.48 172.88 329.48 0 9
-128.527778122 68.6593929068 -105.2 167.56 323.32 0 9
-131.885452594 68.8861705829 -104.52 172.16 318.72 0 9
-135.789923527 68.9224315605 -99.65 200.2 315 0 9
-128.618757115 68.9544908535 -110.28 155.12 301.84 0 9
-130.437055527 68.9817390202 -103.92 156.44 317.24 0 9
-131.192602567 69.0445270274 -103.16 158.28 316.08 0 9
-128.959434231 69.1332587334 -110.6 143.2 294.36 0 9
-125.031983838 69.1395554114 -119.52 180.2 242.36 0 9
-131.097490648 69.2823357065 -106.84 151.8 302.16 0 9
-130.408623455 69.2902209803 -106.84 145.32 301.64 0 9
-128.888370999 69.4466657576 -109.28 130.96 284.52 0 9
-129.128316637 69.4883889452 -107 128.32 286.68 0 9
-129.41524291 69.5723869394 -108 127 284.8 0 9
-130.323046146 69.59180251 -108.6 131.72 287.6 0 9
-128.070631247 69.5969252858 -110.04 134 277.76 0 9
-161.344505836 69.6897313709 -96.84 162.16 231 0 9
-127.965918589 69.7746332751 -112.24 130.76 267.88 0 9
-153.959868437 70.4514476188 -123.24 141.52 274.04 0 9
-44.8070238039 -3.03037995601 273 1729.68 1689.44 17.1021 8
-59.9917750865 -15.1990706979 244.8 1381.76 1855.56 35.155 7
-68.7529991335 -12.9749033375 255 2181.48 1719.88 29.835 7
-54.4066349174 -9.59689341056 250.52 2406.84 1958.72 60.78 7
-63.5731317867 -8.57208052062 262 2200.96 1709.04 63.9902 7
-74.9671340618 -6.80706577176 269.32 1928.28 1864.12 62.5607 7
-64.4464770915 -6.33948147013 264.68 2551 1692.6 77.7525 7
-75.2900993712 -6.31333678456 269 2132.24 1854.56 81.3425 7
-73.9932953111 -5.79039326872 269.36 2292.88 1780.32 72.2175 7
-63.3855286837 -5.59342831935 264.36 2393.36 1656.88 70.3606 7
-63.5206158406 -5.58693933443 264.68 2347.56 1657 70.18 7
-76.0043977311 -4.98993014404 266.52 2055.16 1699.6 80.35 7
-54.9932917451 -4.89862458621 259.4 2027.48 1732.4 72.8475 7
-74.644360811 -4.85916608242 267.08 2323.16 1752.16 71.645 7
-74.8611040308 -4.63345838795 266 2286.32 1739.64 74.1763 7
-74.6479993548 -4.4866586208 265.12 2400.24 1736.44 78.0859 7
-75.3364501886 -4.44506281384 263.6 2133.52 1718.2 68.1725 7
-74.545029916 -4.29128871858 264 2480.44 1728.36 77.7175 7
-62.3238539607 -4.16610943412 265.76 2534 1617.24 76.4506 7
-74.4309174665 -4.05512610518 263 2604.32 1721.76 78.735 7
-67.8169111288 -3.9562680899 257.8 2680.44 1632.8 77.4164 7
-71.6012280648 -3.61391169494 260.2 2814.48 1663.84 78.2975 7
-72.4324189375 -3.50627485283 261.84 2920.44 1676.96 54.3209 7
-60.883776511 -3.48467694418 272 2234.44 1621.2 46.632 7
-61.0972879878 -3.31277015853 271.84 2242.04 1624.16 40.3085 7
-68.6523114727 -3.28305971229 256 3063.44 1624.8 77.6875 7
-64.3608098983 -3.03592410733 268 2643.08 1653.84 64.6519 7
-64.6645633235 -2.99606921251 268 2816.64 1655.88 67.6566 7
-67.462670475 -2.98555105026 257 2976.92 1623.28 78.275 7
-67.4665746691 -2.94102617055 257 2993.12 1623.52 77.6175 7
-64.9898771989 -2.78267347196 266.04 3252.08 1657.92 72.0226 7
-57.9009029879 -2.68179884014 273 2135.44 1628 54.7614 7
-49.8751524872 -2.04955501531 269.04 2551.72 1766.6 54.9517 7
-49.9668668429 -1.94346948853 268.72 2556 1765.44 70.685 7
-47.9711024589 -1.64543712277 266.08 2347.36 1696.96 53.995 7
-48.1410342874 -1.53029802051 267.36 2420.72 1689.84 57.7096 7
-51.514226553 -1.47626963726 268.96 2371.92 1704.2 54.8375 7
-50.0008948062 -1.37050935976 268.6 2690.88 1708.88 65.0875 7
-51.46145442 -1.35694253533 269.12 2460.08 1697.48 61.5499 7
-62.4569650241 -1.31018461568 268.92 2325.88 1703 73.8791 7
-62.8205100242 -0.95663549361 268.28 2341.88 1724.72 68.0767 7
-50.4536155074 -0.7692981111 269.28 2996.04 1629.76 62.5942 7
-62.8925163813 -0.68077982482 268.24 2250.8 1725.68 76.6225 7
-50.0808205502 -0.32707269972 270.16 3146.16 1548.04 49.42 7
-63.5069575967 -0.26690411782 268.76 2354.04 1729.08 51.895 7
-63.232525925 0.21659508993 269.52 2281.84 1741.48 57.665 7
-61.8689988785 0.58317705162 271.04 2090.52 1743.08 72.6944 7
-73.4265447355 2.81411298373 267.64 2653.2 1720.96 67.32 7
-71.0040133603 3.28990596588 266.4 2578.8 1659.52 77.19 7
-71.539480168 3.38140337985 266.48 2482.28 1658.96 70.465 7
-52.1004780637 3.77665169451 254.28 3181.12 1625.92 52.7325 7
-59.1023793313 4.90271237003 265.92 2453.12 1597.96 70.3975 7
-56.4322462969 5.43731128091 272.12 2140.2 1599.92 52.8475 7
-57.8884504023 6.35735607449 267.08 1504.92 1451.76 47.7675 7
-68.1586993889 7.2221481934 277 1713.64 1704.84 16.8925 7
-66.8898682198 7.50133338565 276 1643.28 1718.32 33.6231 7
-66.6247481302 7.57556445047 276.76 1585.84 1726.28 25.1785 7
-59.9755549137 8.25209430078 262 2685.08 1480.08 71.155 7
-61.4482757227 9.08692340876 262.28 1866.6 1540.92 62.6718 7
-61.2263115896 9.47839855178 260.92 1948.44 1512.72 57.7444 7
-62.804467545 9.86630743436 268 1694.72 1709.8 74.7625 7
-71.2647147247 10.663629787 276.72 766.68 1573.12 26.915 7
-72.7246125706 -46.4375928849 68.08 1247.48 665.88 46.425 6
-71.7914563805 -43.1989685784 81.44 1461.92 887.68 53.5275 6
-74.0174284902 -43.1715691874 91.52 2072.6 613.92 69.8532 6
-87.6703235166 13.5425849442 271.24 1730.52 1904.44 20.9875 6
-90.8959774817 16.2470194431 256.44 2652.96 1716 68.8333 6
-93.1647226141 16.8005185941 228.4 1069.64 1747.56 17.3575 6
-99.3362456361 17.1443224168 274.76 1493.44 2034.64 25.7125 6
-100.142310025 17.7397793136 226.28 1184.76 1711.36 17.01 6
-100.775783216 18.0536202954 258.4 1308.08 1907.04 14.7875 6
-100.647564823 18.2006805146 262.04 1187.2 1938.12 10.3775 6
-89.5683004993 18.2130868947 246.2 1206.84 1662.08 65.725 6
-96.8750655087 19.5788812052 183.84 1575.48 1314.8 21.3825 6
-86.9850279223 20.3063356855 260.76 1364.92 1565.12 57.6838 6
-99.1646335122 21.64946784 217.68 2194.12 1662.92 55.9825 6
-78.7667561691 22.090091386 253.44 1351.04 1596.8 60.055 6
-83.8771285418 34.6709936474 129.28 1664.32 1218.6 66.145 6
-84.2268901558 34.9614195132 128.72 1562.52 1247.48 54.9975 6
-83.985908473 35.6514654365 139.68 1369.52 1249.84 50.91 6
-82.1796624586 35.7165318671 105.64 1462.04 1092.8 71.3525 6
-82.1719737113 35.9814300032 111.92 1329.44 1146.96 56.9525 6
-82.3872697236 35.9876239147 110.84 1273.04 1134.88 62.5575 6
-82.0872795572 36.0461840641 95.88 1438.76 1032.8 63.35 6
-82.6018520412 36.1270689818 128.8 1119.52 1226.96 32.215 6
-77.0237075192 36.1545771173 151.04 1209.6 1257.12 41.6225 6
-78.130640769 36.2200790427 146.76 1133.48 1288.32 51.3925 6
-81.2284409119 36.3346032605 114.72 1278.72 1154.24 67.13 6
-81.7101984956 36.5313619539 96 1342.88 1023.96 66.645 6
-79.7771593457 36.6732743003 135.04 1141.64 1236.64 44.88 6
-77.5304842899 36.779884266 142.76 1123.36 1263.16 36.7025 6
-77.1399471066 36.8328195647 144.96 1152.92 1247.44 43.31 6
-80.0053213653 36.8529668242 128.88 1172.36 1201.24 53.9475 6
-82.4056984986 36.9660414966 109.04 1204.24 1086.8 47.505 6
-78.7461518187 37.0210868338 135.56 1094.48 1234 47.6725 6
-80.0540142919 37.0869724696 123.08 1084.96 1169.52 61.6625 6
-77.2961940949 37.1171994479 142.24 1132.28 1243.32 41.725 6
-81.7739640837 37.1194992924 111.4 1126.32 1141.96 52.96 6
-77.3901107674 37.1208241307 141.88 1126.88 1247.64 36.5375 6
-79.6118771566 37.274526186 133.96 1064.96 1208.84 36.105 6
-80.2673080251 37.4705089817 113.2 977.52 1159.68 62.3675 6
-77.1453537951 37.9450727574 138.04 1081.2 1187.72 41.325 6
-79.360730712 38.0782351293 112.16 1037.4 1146.84 51.755 6
-78.1896149511 38.1562336248 130.48 1099.44 1180.28 35.83 6
-77.7871278836 38.1683173982 130.36 1083.88 1182.52 50.6125 6
-79.5429464587 39.0677131884 78.44 1338.96 971.6 69.0475 6
-86.7635439372 39.4286759817 111.88 1093.84 1093.24 27.5475 6
-122.215437223 39.4884707804 159.28 464.56 1416.96 7.24173 6
-86.34114637 39.490459626 113.04 1043.32 1091.2 13.7575 6
-86.9392031946 40.0019708886 104.28 1038.48 1085.08 13.6275 6
-77.9529919097 40.7399505358 92.76 988.52 997.12 27.12 6
-87.3092470436 40.8545210188 98.88 958.68 1043.88 3.135 6
-90.5199517487 41.7886264552 95.32 876.56 984.72 19.94 6
-90.1824883856 42.1888572176 84.48 892.04 983 37.4875 6
-86.1224784456 42.3631496492 88.72 944.36 934.04 24.4425 6
-91.6610630596 42.8233936007 74.6 860.52 978.72 24.0975 6
-90.8015052355 42.8576896229 79.56 837.48 948.84 15.4375 6
-89.0039971401 42.9390305166 79.84 826.88 972.08 15.3475 6
-89.6320374637 43.0560902118 74.72 825.6 944.4 14.265 6
-88.5758963696 43.3886577234 74 795.8 926.96 7.6325 6
-94.2161463389 44.2230605909 69.4 737.4 937.04 14.39 6
-70.2995422639 44.3179134123 63.92 1140.6 883.08 63.0775 6
-68.9182154271 44.8118628742 63.36 1076.8 864.4 48.86 6
-64.8046354908 44.8183095361 59.36 1324.96 780.2 57.0154 6
-64.3107635002 44.8408629785 58.6 1342.32 774.84 51.2695 6
-71.2122029077 44.8496783104 24.56 1215.2 731.88 55.4925 6
-78.9555968384 44.9850898666 49.2 963.64 818.28 58.7596 6
-62.8219297137 45.0308783268 55.72 1371 743.32 52.4585 6
-69.8057482399 45.0879252171 39.92 1103.44 807.8 57.9225 6
-77.8039781287 45.2052425403 42.16 888.36 786.88 58.9113 6
-71.00935937 45.2291983491 28.4 1071.04 736.8 64.9525 6
-63.6623425702 45.4174834201 57 1239.8 781.68 59.05 6
-80.0618174199 45.4280397445 53.88 1046.08 799.12 57.9365 6
-65.6268704234 45.4591502656 55.2 1242.64 762.72 52.115 6
-68.3019379553 45.4667581734 52 1050.04 860.68 61.8475 6
-78.0190251477 45.4726741161 36.48 885.08 784.36 60.025 6
-65.3176681542 45.4988466083 51.4583 1243.13 779.333 65.3113 6
-63.7350329379 45.507280947 51.92 1262.8 758.92 63.895 6
-61.4454211307 45.5672803855 55.16 1457.04 702.2 45.1731 6
-69.1456135546 45.6054218488 36.04 1083.52 792.24 67.3201 6
-64.9568677714 45.704349145 46.64 1248.04 772.4 67.615 6
-92.6763543306 45.7679379079 52.32 779.64 891.2 26.035 6
-66.562605293 45.833662661 55.2 1103.16 806.24 52.58 6
-65.7827871696 45.8421693482 50.88 1164.88 787.04 54.2975 6
-86.9481318853 45.9760126437 53.16 786.4 778.04 46.6125 6
-69.0550898011 45.9994073354 29.44 1064.04 767.44 69.625 6
-77.2582312067 46.0648606167 38.08 894.68 794.8 64.4282 6
-74.010062762 46.0809816237 35.32 1075.36 764.6 61.1017 6
-79.2117173258 46.1053634774 42.4 941.48 783.56 28.75 6
-60.3928487833 46.1174142306 56.08 1442.16 686.72 57.025 6
-81.9145390809 46.1181528939 42.44 849.44 751.28 49.4075 6
-77.9132550773 46.1550067292 38 863.84 819.68 59.6515 6
-83.9737350117 46.1765367095 42.36 844.56 763.28 58.98 6
-68.6910239532 46.1805760581 38.68 980.36 821.68 58.3641 6
-66.0683813189 46.2568787189 43.04 1130.48 782.56 47.305 6
-64.8421166147 46.32360049 52.08 1160.88 800.52 57.3225 6
-87.2721413568 46.3737995343 43.4 827.52 794.28 54.045 6
-67.9362905051 46.3788598546 39.92 989.72 824.52 63.765 6
-60.7444634311 46.3979714534 40.48 1467.68 642.96 44.445 6
-66.6126912109 46.4281646858 41.88 1085.04 784.96 61.8825 6
-71.6550166916 46.5855937234 45 1089.28 770.36 47.195 6
-91.7265829605 46.5889883208 40.16 746.04 810.8 30.835 6
-69.472597764 46.6219821032 30.92 976.6 752.92 62.6175 6
-83.7916710124 46.6239807676 31.92 969.04 754.12 59.9415 6
-76.8554578425 46.6447310086 27.32 940.24 749.48 61.6445 6
-64.745547641 46.6608194405 52.16 1137.76 777.08 52.2449 6
-67.6926223948 46.7038222818 36.52 1005.6 776.84 63.91 6
-67.912118962 46.7325395104 38.4 959.96 781.84 31.8675 6
-81.7720862534 46.7404214743 24.92 875.52 747.04 67.095 6
-77.7758454001 46.7414076945 25 933.36 762.12 67.9656 6
-88.5120275493 46.8001960312 47.76 796.16 837.32 58.9125 6
-65.413086096 46.9091508809 46.96 1101.8 793.96 39.9242 6
-81.6826893828 46.9680246695 20.2 867.76 751.2 66.1735 6
-76.2858860349 46.9906307358 21.76 978.96 723.96 64.0153 6
-92.2732477025 46.9917538571 33.88 731.56 781.52 48.9558 6
-82.3773303112 47.0097866266 22.36 872.92 744.16 66.2255 6
-70.3135969468 47.0200124257 34.96 1026.44 716.36 58.9875 6
-73.3948198077 47.0663062186 21.24 1084.8 736.52 62.7553 6
-68.9788089836 47.0687259336 25.64 995.32 752.08 65.11 6
-72.5935407897 47.0701219089 32.96 1064.72 756.08 54.9651 6
-73.4604343795 47.1008594539 20.04 1084.76 734.52 63.2759 6
-69.26584523 47.1023208252 26.72 991.84 739.32 66.8775 6
-80.0226863977 47.1117015388 28.04 860.4 736.64 65.6899 6
-79.6404980339 47.1568443751 28.08 878.84 730.24 58.9075 6
-69.7831521006 47.1667180596 24.16 1024.36 691.28 54.4987 6
-66.2232667631 47.1902882582 27.4 1131.72 717.44 51.53 6
-83.6044913381 47.2143834691 17.8 952.32 727.76 65.0133 6
-71.6618709188 47.2771653789 12.56 1257.08 650.88 63.163 6
-77.0195197317 47.3006305538 19.4 959.12 719.24 59.9424 6
-77.9529608148 47.3125402762 19.04 946.72 735.48 59.6997 6
-77.0103637682 47.3149531895 19.4 959.12 719.24 59.9424 6
-83.1528179948 47.3863883081 19.04 862.08 742.16 51.6977 6
-92.7640157026 47.412304089 31.52 677.12 810.12 45.6389 6
-83.5966386963 47.4186506455 17.68 908.92 731.84 67.6759 6
-77.3609730492 47.4187258519 16.88 957.12 717.08 58.4252 6
-74.7527855296 47.4406520306 12.8 1090.92 702.84 62.5512 6
-95.5776992395 47.4459562139 34 624.8 840.64 29.64 6
-78.7298111829 47.4902014037 18.76 955.64 742.76 60.404 6
-67.1342205024 47.6045037919 20.4 1049.36 722.68 52.9 6
-83.9303556061 47.6510977308 16.44 916.56 726.12 55.2101 6
-68.4434445841 47.7235881403 20.8 1042.08 704.32 66.2323 6
-83.2830700617 47.724341407 14.84 814.96 734.28 56.0425 6
-72.856726115 47.7285829356 26.04 992.36 755.32 61.0889 6
-93.3442194287 47.7741342878 27.56 679.92 823.64 49.9 6
-74.4411192951 47.7758669198 7.28 1068.92 679.84 62.0293 6
-80.3146320223 47.7767263249 16.64 812.36 732.56 57.5375 6
-59.1043312403 47.7947171245 33.52 1449.76 489.12 45.3704 6
-73.2334461471 47.7983197323 17.72 1009.68 729.88 58.7625 6
-68.2384916475 47.8267305188 15.04 1072.72 681.6 49.5375 6
-79.3499761539 47.8611015318 19.24 880.84 725.2 62.8975 6
-65.8249660591 47.8611989999 41.2 1009.08 716.6 55.5425 6
-74.9175572895 47.8711832168 10.16 1063.68 688.48 65.3061 6
-71.7866187231 47.8852134242 15 1151 670.88 55.4425 6
-70.0721621374 47.9084426899 20.56 1046.48 668.76 56.76 6
-90.802722972 47.9283961232 27.8 735 749.6 57.9624 6
-68.991744028 47.9375749207 23.84 995.8 687.72 40.3025 6
-85.7257851446 47.9463735575 25.52 856.8 704.16 68.7422 6
-72.1253605205 47.9497192464 20.44 1044.08 698.32 56.2936 6
-67.6656222966 47.955757105 19.48 1023.56 707.76 64.58 6
-76.6479311217 47.9792010066 11.4 982.48 690.72 58.8276 6
-81.6393644178 48.0210084327 12.4 807 755.04 60.769 6
-92.122388058 48.1104186755 26.56 703.8 796.36 51.28 6
-66.6298706499 48.1341016906 23.32 1055.96 683 65.935 6
-68.4617936819 48.1842372224 23.64 965.96 683.28 60.0275 6
-65.9306708514 48.2042878763 39.2857 985.286 684.857 40.8 6
-85.7724865792 48.2277328526 9.68 895.24 665.84 55.7575 6
-82.2853324701 48.2875067254 10.56 750.08 736.6 64.3828 6
-72.9450310392 48.3615837363 13.4 972.04 701.76 66.5375 6
-65.7628384852 48.3867795837 29.44 1054.56 638.4 67.675 6
-67.9217142145 48.3939466269 17.96 991.8 668.64 57.945 6
-73.3995035619 48.4340883553 5.16 1001.92 672.28 50.876 6
-81.2145860304 48.5072198668 9.76 837.48 744.72 47.5225 6
-93.216867417 48.5510165062 27.96 659.52 784.36 42.9486 6
-64.548022069 48.627612315 20.88 1161.36 593.8 62.6075 6
-58.4487478893 48.6371196482 30.48 1330.52 547 22.8975 6
-67.4946644747 48.6763504273 15.96 1012.48 662.28 52.9922 6
-67.4977075411 48.7033462589 15.96 1012.48 662.28 52.9922 6
-71.3201291365 48.7163400836 15.12 948.68 688.64 58.615 6
-77.4547535833 48.8054088092 6 912.12 684.96 51.325 6
-66.1525734363 48.8834249804 4.12 1147.76 550.32 35.0825 6
-71.3645106905 48.9081663323 4.16 1018.32 653.32 64.9525 6
-64.785583745 48.932870344 12.76 1154.04 565.12 60.445 6
-81.6185146951 48.9636125859 8.76 835.8 726.48 56.8388 6
-54.5581575583 49.0589155977 44.88 1078.8 667.24 52.7263 6
-77.447827754 49.0748173506 5.24 902.64 685.8 63.2975 6
-69.2218940046 49.1037591213 5.08 991.92 651.56 63.3848 6
-79.4579980687 49.2281677658 1.72 855.64 682.32 52.8275 6
-53.7552499691 49.3413694785 43 986.72 606.72 41.75 6
-54.3337878599 49.3582607615 43.68 1017.12 638.76 49.0675 6
-88.0613618476 49.3678194263 2.28 827.96 685.64 54.4532 6
-88.0807391648 49.375508865 3.2 818.52 691.2 56.8922 6
-82.0039011522 49.3912634587 9.12 826 707.92 54.2689 6
-67.9115082372 49.4224465517 2.4 1011.04 617.96 67.23 6
-57.7467616481 49.4262094367 36.9583 1100.42 616.667 55.8995 6
-121.99534495 49.4767652134 65.6 1406.28 719.04 61.9675 6
-82.3616349238 49.722882247 7.92 828.76 692.8 60.4248 6
-83.2473657116 49.7497180138 2.04 821.32 717.2 63.8784 6
-123.099092218 49.8125302479 62.96 1317.4 700.96 61.7725 6
-83.3052738926 49.854624961 1.92 809 713.84 64.0453 6
-83.8105391792 49.8795281485 -0.04 788.64 710 54.3507 6
-86.0960731672 49.9188919649 -3.4 809.6 694.44 50.0355 6
-70.6657752338 49.9345909012 -4.28 982.24 628.48 48.6775 6
-71.1044421233 49.9717768684 -5.16 1028.2 623.96 59.4846 6
-100.052854338 50.2606270988 9.04 490.28 741.08 0 6
-64.688568722 50.2808625917 12 1001.63 570.625 0 6
-123.022287552 50.2936726452 3.72 818.32 570.04 0 6
-116.990327445 50.3667020071 44.96 824.76 760.6 0 6
-66.3622892887 50.6950081038 -15.6 1110.44 539 0 6
-103.508966419 50.8891627255 11.4 432.36 729.4 0 6
-56.5997344884 51.0187309363 12.96 1143.2 507.36 0 6
-101.065680876 51.1694340375 9.72 479.28 712.48 0 6
-101.017936272 51.2936119854 6.56 488.08 699 0 6
-101.435078186 51.3345916373 7.56 463.96 713.12 0 6
-100.714325469 51.3478972838 4.92 503.8 691.76 0 6
-114.479331457 51.3859144211 19.16 495.16 722.44 0 6
-97.3668474017 51.4319906124 2.04 528 720.92 0 6
-101.833382261 51.4598960203 10.44 425.48 739.8 0 6
-122.445533949 51.6525407497 27.64 369.44 711.32 0 6
-119.978223057 51.6909855923 41.08 607.12 761.4 0 6
-104.954188055 51.7363960649 18.16 377.84 728.44 0 6
-114.928091236 51.8771632007 12.68 529.56 717.2 0 6
-126.751901242 52.0363533112 19.56 1387.52 524.68 0 6
-103.021336018 52.4352654758 -0.2 467.36 681.52 0 6
-126.565786954 52.5032554754 43.72 1221.4 628.6 0 6
-126.962731256 52.5801100415 11.88 1319.96 510.48 0 6
-122.149901782 52.7484900787 43.48 570.48 776.44 0 6
-104.428355462 52.9997111488 4.32 438.84 705.36 0 6
-120.014564326 53.1535261746 29.6 700.2 714.72 0 6
-122.313064786 53.3219072853 26.12 710 715.56 0 6
-116.320536566 53.4000053171 15.76 569.32 729.16 0 6
-102.741239701 53.4106421476 2.36 454.88 686.12 0 6
-106.153334432 53.6227153416 3.4 437.24 698.2 0 6
-111.898387691 53.7827142615 17.68 435.24 715.04 0 6
-107.517886278 53.8093957203 1.88 438 687.08 0 6
-122.559600647 53.8162829518 35.8 664.84 747.52 0 6
-109.106371111 53.8221656743 3.64 445.56 687.76 0 6
-102.826327998 53.9937552033 0.08 450.28 669.12 0 6
-114.767782734 54.2818425664 13.52 494.16 714.92 0 6
-107.679450789 54.2849717011 4.16 441 692.76 0 6
-115.791046164 54.2957509898 12.2 577.64 703.44 0 6
-115.527269903 54.3078981258 12.08 560.04 706.76 0 6
-125.505128056 54.4750241586 23.64 493.4 636.36 0 6
-128.74800764 54.6561724364 57.96 1351.08 648.52 0 6
-117.4957347 54.6767152939 17.36 575.28 699.76 0 6
-111.018882204 54.7226667074 5.64 456.12 680.2 0 6
-108.449344121 54.7649378599 -2.88 461.24 648.68 0 6
-115.020583255 54.9038079127 -1.56 541.76 641.8 0 6
-108.367848511 54.9162009268 -0.16 451.44 657.04 0 6
-123.229750788 55.1157243859 15.4 652.24 651.56 0 6
-120.822987922 55.5389791857 9 550.84 627 0 6
-115.929218346 55.5582084018 6.76 496.8 685.96 0 6
-122.041037446 55.9310216031 19.24 536.08 645.68 0 6
-121.696417139 56.0269377238 17.64 494.08 645.56 0 6
-122.798113006 56.1081364415 14.04 600.64 625.68 0 6
-115.556017396 56.1568817326 -1.68 481.52 661 0 6
-117.506127668 56.1860602749 9 404.32 698.76 0 6
-114.664602312 56.2326363241 -3.76 478.24 648.4 0 6
-116.866153961 56.2479715757 0.08 433.04 702.36 0 6
-115.51251717 56.256763468 0.8 466.76 674.6 0 6
-116.750646442 56.3840314179 -0.04 431 700.44 0 6
-111.606328159 56.5715411877 -0.76 451.6 679.88 0 6
-114.50844823 56.7215009779 -14.32 483.44 610.6 0 6
-114.430216303 56.861009306 -9.16 462.48 632.68 0 6
-118.341942529 56.9162077203 1.84 432.64 643.8 0 6
-119.40680193 57.0803930846 -17.28 468.16 568.28 0 6
-116.517641919 57.580728377 -4.08 415.92 670.56 0 6
-117.491393807 57.6067759439 -5.92 429.36 662.16 0 6
-115.230379594 57.7809181284 -3.28 407.2 657.32 0 6
-116.754398836 57.8120441357 -4.36 411.12 672.2 0 6
-118.157131047 57.8856270633 -5 423.72 659.4 0 6
-154.798941018 58.0155918436 17.3636 938.818 456.545 0 6
-118.927761765 58.1035002164 -17.64 434.84 606.12 0 6
-115.831368027 58.1645672906 -2 392.16 660.72 0 6
-114.702771184 58.2582283561 -7.16 393 637.36 0 6
-120.404646753 58.3754669306 -11.48 411.48 637.68 0 6
-111.511483128 58.3982409008 -13.88 390.84 623.04 0 6
-116.984122866 58.4430986539 -9.28 402 654.68 0 6
-115.265272034 58.4944664863 -7.56 384.52 635.36 0 6
-115.379446087 58.6084055433 -12.92 395.24 615.36 0 6
-114.511191542 58.6113155234 -11.92 384.88 620.6 0 6
-115.890897971 58.705174837 -14.8 399.16 610.68 0 6
-116.503118077 58.8741451198 -22.88 413.08 594.2 0 6
-154.218539225 59.0206673598 22.64 945.92 507.04 0 6
-122.830840458 59.1861471074 -14.28 440.32 649.16 0 6
-122.035507613 59.3155209643 -29.88 434.32 601.96 0 6
-123.491391302 59.4241005161 -15.96 453.64 622.24 0 6
-123.684946 59.5357560192 -16.52 456.32 614.64 0 6
-125.59775649 59.6104050127 -29.64 481.44 548.96 0 6
-124.244226669 59.7059187258 -11.48 455.24 623.6 0 6
-152.75776879 60.0548583588 23.36 791.8 515.16 0 6
-148.958167803 61.7362972918 5.6 476.08 517.48 0 6
-151.51650262 61.8337375835 -3.52 607 540 0 6
-150.992577331 64.1079650375 -37.56 432.12 513.24 0 6
-153.809608931 64.2792569783 -51.84 379.96 478.68 0 6
-151.590641707 64.5014958659 -43.4 361.8 511.84 0 6
-148.93354888 64.5891474224 -39.72 298.88 541.44 0 6
-158.029389363 65.3131341362 -58.8 326.08 392.96 0 6
-142.91409041 66.3033263332 -70.12 198.32 499 0 6
-156.03376097 66.6844109258 -79.48 315.76 389 0 6
-94.0715052002 16.676270878 201.8 1247.96 1520.52 69.3275 4
-97.8603748194 16.8122611571 225.6 1700.36 1919.96 53.62 4
-95.2414354149 16.8478319657 226.92 1389.64 1615.72 61.685 4
-95.661035334 17.1228398944 216.32 2523.8 1623.04 71.35 4
-94.0300685144 17.1516116814 231.52 2139.56 1594.28 67.755 4
-98.0389796932 17.3477412516 191.92 1009.64 1832.76 18.52 4
-97.6719975627 17.7459715726 171 755.88 1706.8 15.8875 4
-99.3525708389 17.7688746254 214.68 962.72 1743.8 20.76 4
-96.7392578107 17.7923308254 181.16 1548.48 1523.56 75.3475 4
-92.6962789436 18.1515637555 265 1931.48 1714.44 29.9922 4
-101.397189381 18.1864128671 167.2 1394.6 1441.32 70.025 4
-92.5150563813 18.4707978985 260.08 1619.16 1625.24 31.6925 4
-98.8117957292 18.5378008393 244.68 841.76 2078.52 7.1125 4
-99.7145818276 18.7057089479 185.56 1204.92 1557.04 26.8275 4
-102.943973905 18.7776044903 152.12 1338.04 1361.2 52.0975 4
-98.2920907608 18.7787100509 192.84 836 1781.44 14.53 4
-98.2485408198 18.7863815383 210.44 786 1878.8 9.62 4
-97.8142102963 19.0731370855 164.68 725.08 1663.72 6.89 4
-99.2592449564 19.2222704851 100.4 1201.64 1216.52 45.2125 4
-103.618740381 19.2879631778 244.92 1138.64 1836.32 8.8075 4
-98.94411033 19.3222390917 155.72 616.84 1628.2 3.4425 4
-97.3599018188 19.4961481457 140.44 370 1419 6.095 4
-100.789097372 19.5540877948 162.32 1089.24 1519.6 31.22 4
-100.717748757 19.8324105394 139.24 1196.04 1401.56 30.9025 4
-97.9231908153 19.8724967199 139.04 801.32 1427.24 40.6225 4
-99.7505929347 20.1349929202 150.08 684.96 1539.76 5.625 4
-99.6660861272 20.6030841957 191.28 463.84 1808.32 9.5825 4
-99.1546663403 20.7461491766 158.72 711.16 1516.28 31.31 4
-99.0111289958 20.803142908 205.8 814.28 1748.2 29.38 4
-99.163278596 21.3741411403 153.92 1473.8 1418.12 30.4275 4
-99.0478778681 21.3963643185 172.44 1698 1503.56 55.5975 4
-103.14111046 21.4175912559 194.28 736.84 1819.32 11.505 4
-99.9503705224 21.5202903127 202.28 677.32 1758.68 26.75 4
-100.490278885 22.058922183 209.68 546.36 1866.76 14.8475 4
-99.7150873632 22.6532455247 211.56 688.76 1721.88 12.5925 4
-103.401940812 22.6844498515 157.88 401.48 1573.56 4.9 4
-98.7486167131 22.9755309866 254.6 787.4 1713.68 15.2933 4
-103.484527897 23.1432824581 148.64 509.52 1536.4 9.07 4
-104.505201182 23.3853995416 159.04 635.64 1446.44 17.135 4
-99.7354209867 23.5293410965 161.6 587.48 1530.4 33.4875 4
-99.425787497 23.6114209366 204.04 532.08 1662.56 23.9325 4
-99.7253469665 23.6531944178 120.36 794.4 1299.96 42.39 4
-99.8667686769 23.7115808778 128.04 708.36 1357.44 36.9975 4
-99.6340736557 24.2453437916 187.68 689.16 1630.84 53.2875 4
-99.3616218894 24.4758245827 228.96 695.64 1746.48 28.8125 4
-105.056728316 24.633026989 131.68 677.04 1422.16 11.9825 4
-105.192009461 24.6563177388 142.56 702.96 1470.76 19.995 4
-99.8467021928 25.2550432039 224.52 852.68 1723.12 27.035 4
-105.57633545 25.2840993679 160.64 616.32 1627.16 7.75 4
-100.962639594 25.3400466778 173.32 399.24 1589.56 33.1575 4
-101.161174896 25.7244322715 198.8 270.36 1600.28 3.8475 4
-106.779494983 25.8325564284 141.76 1016.16 1424 33.185 4
-107.078931417 25.840889183 199.88 940.84 1692.52 15.9375 4
-97.8869327574 26.0733242837 231 628.44 1541.4 8.0929 4
-105.691119889 26.445765518 164.76 516.2 1653.12 6.775 4
-106.748946506 26.465951324 143.16 840.4 1519.88 22.975 4
-106.346610475 26.5089797589 117.2 720.76 1420.36 30.7925 4
-106.4147242 26.5470728827 124.64 750.64 1460.16 26.015 4
-106.985519314 27.0205769734 140.6 651.6 1537.12 12.7575 4
-106.48830444 27.0469750994 165.6 531.88 1630.76 7.2475 4
-108.19803396 27.1792461212 168.84 1016.88 1617.12 39.3775 4
-107.556453069 27.1861628395 145 860.92 1578.48 30.78 4
-80.8533302418 27.3753092049 224.92 1204.8 1543.2 11.74 4
-106.656754376 27.4249909684 159.96 495.08 1600.92 9.425 4
-106.743266612 27.425625508 168.76 481.6 1644.84 8.1125 4
-107.494216022 27.8096852323 117.52 701.84 1418.6 17.56 4
-108.123248037 27.8182741272 176.68 835.6 1669.28 13.5525 4
-101.812065419 28.0542200163 212.48 521.84 1666.36 27.1975 4
-81.7333632311 28.0854069631 221.88 1225.76 1567.32 15.795 4
-107.453385052 28.1774107182 122.28 648.28 1449.52 18.015 4
-82.1367826483 28.2741717578 220.48 1353.12 1544 22.3175 4
-108.826185937 28.3409088028 174.72 898.48 1594.68 12.4375 4
-107.657842648 28.3637808952 127.6 632.48 1478.08 17.91 4
-107.688147765 28.5260526762 129.16 580.04 1484.36 20.57 4
-108.840846744 28.5464831592 165.96 854.88 1551.16 13.0325 4
-80.9630674854 28.6297370099 218.44 1327.24 1431.64 34.8819 4
-107.114899829 28.6315070147 130.68 454.16 1487.8 15.0175 4
-107.360162618 28.7366713584 114.64 542.68 1411.92 28.1625 4
-108.461766735 28.7468411775 167.2 697.88 1602.2 14.14 4
-81.6359569977 29.0346991446 211.56 1272.32 1507.44 50.6766 4
-83.3688847186 29.6140518847 201.72 1253.96 1516.96 54.7925 4
-96.6492035826 29.6300010164 199.84 1028.6 1505.6 33.59 4
-90.4304493965 29.7443157063 202.36 1617.6 1390.36 25.497 4
-107.772522633 29.9127564713 124.72 429.28 1435.76 5.8325 4
-84.8269070711 29.9664018434 199.04 1516.96 1440.8 55.385 4
-99.9152440899 29.9697500651 177.16 677.4 1501.52 13.49 4
-100.115885674 30.0233145242 181.48 637.8 1516.92 12.36 4
-108.336832845 30.0317124601 124.16 406.12 1416.04 31.84 4
-82.3682655435 30.0435589317 199.72 1349.56 1521.88 48.05 4
-85.2013111855 30.0835167386 198 1620.2 1462.8 51.0775 4
-99.1108905058 30.0852976442 181.2 749.4 1484.44 12.9375 4
-108.287199563 30.1010725607 128.68 386.32 1438.44 13.8475 4
-82.3348624068 30.1195981645 199.2 1353.76 1522.88 48.96 4
-93.974639169 30.3479987677 193 1424.72 1464.72 49.645 4
-88.6238719394 30.3768737864 195 1610.22 1318.74 27.9745 4
-89.4689616979 30.3816766665 193.56 1571.16 1387.6 39.705 4
-84.4410292523 30.4204066244 195.24 1503.84 1483.12 41.6825 4
-90.3136316871 30.4328172095 193.44 1592.6 1457.44 49.705 4
-108.825277127 30.5384352715 179.68 408.76 1718.04 13.035 4
-95.1331959809 30.5395605948 189.2 1241.44 1474.76 45.535 4
-87.5229181999 30.5525573216 195.2 1564.24 1365.6 46.1275 4
-93.3731914288 30.5651271445 190.36 1465.28 1445.92 58.9325 4
-83.332300178 30.6301450731 195.4 1310.32 1488.8 48.9075 4
-96.5511469237 30.6380898591 202.2 968.64 1481.12 3.5525 4
-89.8307371642 30.6632902943 191 1579.2 1450.52 66.3525 4
-84.1882327809 30.7969088731 193.2 1396.28 1497.92 36.61 4
-90.5649629441 30.9065449372 186.96 1649.12 1484.48 36.26 4
-86.2566796689 30.9344507639 186.04 1563.04 1443.12 31.2 4
-97.4859291624 30.9349869654 190.44 856.56 1458.52 5.925 4
-93.7886338177 30.9466442824 185 1381.44 1472.56 39.7675 4
-82.0535236326 30.9516516422 196.04 1312.24 1501.68 44.3 4
-93.6571794053 30.9660488845 185.88 1386.48 1476.64 53.305 4
-88.4039884558 30.9773289666 187.4 1614.04 1459.24 40.92 4
-115.462378227 30.9951402683 84.48 709.48 1014.4 9.2425 4
-88.5233998018 31.0393671125 184.08 1629.8 1463.08 25.955 4
-82.9715033744 31.0714205649 191.12 1260.76 1462.84 51.595 4
-111.411347772 31.0834627683 191.2 374.44 1750.24 9.0825 4
-85.9364753609 31.0840200662 187.92 1454.72 1454.96 22.8675 4
-89.5066863584 31.1417980543 186.44 1583.56 1448.8 38.1675 4
-111.500468577 31.189657563 181 406.6 1661.8 5.585 4
-110.833285107 31.1903889314 145.4 609.44 1428.16 14.0375 4
-94.1007286007 31.3438909893 182.68 1272.76 1472.96 38.79 4
-86.6515052197 31.3984828921 179.52 1527.64 1485.12 49.5725 4
-84.1776914554 31.4870675424 190.08 1268.04 1464.84 26.535 4
-110.372207392 31.4976926744 137.12 554.04 1367.72 31.635 4
-92.3183789538 31.501086731 185.04 1436 1432.84 49.8107 4
-93.3559625948 31.5651629123 180.56 1362.68 1454.96 53.375 4
-82.4926888292 31.5909104146 188.36 1222.96 1477.44 27.0775 4
-110.988957726 31.6154578228 168.92 435.72 1596.8 3.5975 4
-90.9864668853 31.638699549 179.24 1510.32 1422.72 53.7125 4
-89.7001681973 31.6562402101 180.52 1523.28 1440.56 36.495 4
-91.1154824395 31.7846568267 182.2 1467.36 1436.44 50.865 4
-90.0805092248 31.8050654762 179.04 1489.68 1452.36 40.3575 4
-93.7955169393 31.833435417 178.28 1271.68 1460.84 41.8725 4
-85.2063785184 31.8370706662 182.68 1311.88 1439.28 42.8725 4
-97.4206838588 31.8595916198 184.68 844.72 1470.16 14.1075 4
-83.3520792347 31.8785577487 185.6 1174.16 1437.16 38.23 4
-85.4735076482 31.9862498557 179.24 1320.76 1409.84 51.3509 4
-89.781880162 31.9866771385 175.84 1491.36 1435.44 38.665 4
-84.5206295308 31.9897998447 181.24 1254.92 1438.92 10.405 4
-86.5315475695 32.0000014861 178.4 1400.8 1422.12 48.235 4
-90.5834672706 32.0323266666 178.04 1432.04 1406.4 49.5 4
-92.9645593779 32.048302547 178.2 1380.84 1442.12 55.605 4
-92.3929807458 32.092569328 180.2 1442.48 1443.6 48.61 4
-111.861842366 32.0939398698 190.16 350.84 1665.76 4.37 4
-81.167477636 32.1040107466 189.96 1250.24 1359.28 27.9975 4
-86.7087527161 32.1778664906 180.88 1340.24 1415.16 18.4 4
-85.2443119109 32.2222451356 178.84 1272.04 1421.52 43.2175 4
-95.9617333778 32.2232847675 186.48 1014.64 1457.68 29.5107 4
-116.432977476 32.2828911284 160.12 351.76 1491.52 8.5325 4
-88.1423425795 32.3477743027 174.72 1451.64 1438.92 57.0475 4
-89.8651426677 32.3556599008 176.88 1412.88 1448.56 52.6075 4
-88.2881252572 32.4035295927 173.68 1461.48 1432.16 53.575 4
-87.6912231929 32.4427862926 176.12 1389.84 1420.4 18.87 4
-83.0518125141 32.5176952431 179.4 1165.08 1472.12 39.875 4
-93.603805306 32.5421696714 180.12 1219.4 1387.04 33.025 4
-94.0758471081 32.5525911902 180.8 1226.64 1406.88 45.485 4
-94.2838739806 32.5741882691 179.08 1227.36 1407.32 39.6875 4
-109.765313717 32.6344947849 137.32 412.08 1467.76 8.1925 4
-88.3971727015 32.6743870609 172.44 1418.08 1417.84 49.2725 4
-84.0100562555 32.6975120944 177.2 1192.04 1435.76 35.7625 4
-86.3996008654 32.7798523492 171.64 1399 1398.76 58.6501 4
-89.7235192078 32.8222134687 169.2 1435.72 1417.64 49.6768 4
-83.1375784512 32.869935274 177.76 1168.4 1457.44 48.8225 4
-110.202808037 32.8835006878 122.64 546.6 1326.2 13.8775 4
-87.1447669685 32.8894176546 173.76 1423.28 1381.96 46.675 4
-107.756239797 32.9983141382 76.88 527.84 1183.6 38.01 4
-116.930384358 33.0415594633 166.6 431.28 1417.4 8.575 4
-88.1570003016 33.1428209892 168.36 1413.88 1390.4 43.595 4
-86.1775751919 33.1509139865 160.08 1475.4 1376.36 52.77 4
-93.4580020331 33.1938404142 171.96 1273.52 1401.76 55.81 4
-91.2411146644 33.275300348 173.84 1355.08 1358.24 4.3865 4
-109.643746293 33.2817737939 112.64 511.48 1364.2 21.4125 4
-93.222200483 33.3513579493 170.28 1313.08 1397.12 38.7425 4
-88.7113229314 33.3650824975 167.48 1409.28 1357.92 37.9596 4
-82.2796670374 33.3865836565 166.84 1196.96 1396.12 38.9975 4
-82.6839218422 33.4117560874 167.08 1205.8 1375.6 21.995 4
-93.5850533545 33.4298441154 170.84 1288.24 1386.28 42.8175 4
-93.6838401821 33.5000285067 171 1279.32 1379.04 33.525 4
-110.814551247 33.5071769862 166.88 474.72 1482.68 5.925 4
-109.178250238 33.5457414812 106 482.88 1409.36 29.6225 4
-111.006761859 33.5496328293 179.76 477.76 1540.8 8.0075 4
-85.0191458414 33.5656868475 153.76 1403.72 1335.32 37.3985 4
-92.9750790464 33.5753623321 167.88 1310.6 1392.72 48.6075 4
-82.1758213468 33.5958957172 168.12 1175.56 1417.6 42.3796 4
-83.5883473366 33.6414720174 165.08 1234.08 1354.76 47.9558 4
-93.0281703573 33.7692836756 166.56 1323.76 1391.4 55.02 4
-93.8851355252 33.8678228869 168.52 1313.2 1372.4 15.6775 4
-85.8259542024 33.8821926006 156 1413.16 1343.64 37.9075 4
-91.0863580514 33.9900011339 167.76 1314.68 1320.52 39.1472 4
-85.5029699108 34.0164116757 154.56 1416.48 1348.84 31.9125 4
-112.167308848 34.0343764823 196.84 360.04 1686.36 1.87 4
-91.9904725209 34.037574243 168.64 1298.88 1340.72 44.14 4
-84.6705179896 34.1008066025 153.12 1340.84 1301.4 36.0961 4
-85.434442051 34.1208558266 155.36 1396.8 1353.56 32.7275 4
-118.884283832 34.1274788865 155.32 500.44 1255.44 15.0941 4
-81.4362813784 34.2292629865 163.28 1196.4 1378.08 41.8125 4
-91.9192571159 34.2495625536 170 1262.12 1328.32 14.6542 4
-80.6938363117 34.2993942174 163.88 1113.76 1337.16 46.8612 4
-117.7430202 34.3277869342 120.32 702.36 1260.44 24.8175 4
-84.5693270118 34.3335528892 145.88 1457.48 1261.76 51.5915 4
-95.1949482697 34.4083780203 165.12 1251.72 1371.64 47.59 4
-101.084646235 34.4358927244 147.56 528.6 1404.68 9.5425 4
-95.8257353713 34.4373140931 161.04 1168.44 1323.2 50.2625 4
-119.184191957 34.5602738563 132.4 541.52 1182.6 20.23 4
-84.4839364199 34.6560708572 138.08 1562.36 1246.04 51.885 4
-108.298104196 34.7845205137 77.2 366.52 1233.36 9.2775 4
-77.9268908309 34.8944208634 164.72 1314.48 1322.04 25.865 4
-120.017805307 34.9234920048 131.08 629.92 1252.44 4.8675 4
-94.3417687892 34.932442003 152.24 1086.24 1327.72 53.5327 4
-82.3619477814 35.0112802768 153.08 1409.8 1293.8 29.5514 4
-80.4809181856 35.0767754564 154.8 1165 1304.44 20.9475 4
-79.6460217094 35.0841647255 157.56 1193.68 1315.6 40.4575 4
-113.381593095 35.1541683173 119.12 351.04 1346.96 4.865 4
-80.5168404228 35.1605513973 154.56 1153.8 1304.68 22.9925 4
-112.256862585 35.1837156029 93.52 523.6 1187.32 23.045 4
-112.348814029 35.2397563908 105.44 441.24 1277.44 12.37 4
-120.376688574 35.2406020076 138.04 560.96 1360.52 23.3125 4
-79.935194406 35.2613434014 156.12 1181.88 1311.56 51.8925 4
-108.240862635 35.3072420861 76 379.68 1179.12 12.5275 4
-111.628055714 35.349887929 28.04 746.88 868.48 42.3 4
-97.3359475127 35.36292798 158.6 863.72 1296.12 17.5458 4
-79.3563983577 35.3685295702 153.84 1185.6 1286.84 33.6675 4
-92.8515388787 35.3731432725 155.92 1212.04 1377.28 44.4275 4
-94.934106732 35.4277511524 161.64 1136.2 1356.6 22.6215 4
-95.9416872293 35.4996405443 158.48 1033.96 1329.16 31.675 4
-108.310914233 35.5338082245 73.4 386.2 1156.48 10.475 4
-105.554079311 35.694291417 43.64 649.84 963.16 31.9975 4
-113.179567223 35.7916615684 107.44 372.96 1278.72 23.69 4
-106.514737049 35.8449334195 44 631.2 988.4 25.38 4
-113.854407522 35.8770777451 129.8 296.44 1315.64 1.4625 4
-106.73343913 35.9002831065 53.44 548.48 1064.44 32.198 4
-118.688345511 35.9478920377 127.72 574.64 1267.04 42.075 4
-121.387651471 35.9581582898 117 606.6 1215.32 37.2175 4
-108.796797805 35.9599434039 52.84 493.76 1000.52 24.5314 4
-105.461312123 36.0014532081 27.28 698.64 897.68 42.1275 4
-106.345740799 36.0936383554 66.68 466.08 1088.2 6.7975 4
-104.830524275 36.1274247681 87.96 417.28 1241.44 1.79 4
-115.830236704 36.3275703671 107.6 274.68 1199.56 4.3075 4
-107.085382715 36.413048035 66.96 392.16 1154.76 6.7625 4
-120.945511894 36.4545625092 133.68 489.48 1463.56 15.36 4
-105.289355928 36.4802076279 47.68 445 1069.24 34.4675 4
-112.090995734 36.4986713497 51.4 532.24 977.48 29.3675 4
-121.274754408 36.5932683984 131.8 561.32 1380.24 26.865 4
-113.873859972 36.7653853022 95.72 414.48 1168.04 9.7975 4
-113.89911901 36.7824314658 121.04 339.48 1284.76 9.7975 4
-118.669883881 36.9656692602 25.72 616.12 756.28 20.2875 4
-107.953125295 37.0433000977 80.92 407.6 1194.08 14.53 4
-106.980009985 37.0526861024 51.52 507.88 1113.6 14.88 4
-108.304248743 37.1533928622 86.28 399 1171.92 3.8175 4
-107.055167233 37.1807717659 54.48 494.04 1137.12 18.38 4
-116.206334448 37.2009775785 100.68 240.88 1193.8 7.5525 4
-121.395330676 37.2062813916 147.04 492.64 1384 19.06 4
-83.2515320689 37.289420651 127.04 1205.24 1228.88 50.1425 4
-104.741765978 37.3108657556 79.12 424.36 1145.72 22.275 4
-108.729549917 37.3295470915 92.2 350.4 1214.24 9.335 4
-118.966295587 37.5135314305 30.44 564.96 798.56 20.2125 4
-113.912141687 37.5471253443 88.12 356.4 1190.84 13.8825 4
-112.986781858 37.6295521687 66.04 420.24 1102.08 19.4925 4
-122.067811449 37.7358898924 144.44 545.24 1160.88 33.065 4
-108.779037737 37.8076909557 64.48 459.6 1080.72 21.075 4
-105.401691328 37.9018607184 40 401.6 980.72 10.325 4
-106.892940557 37.987380295 -26.48 953.08 626.2 12.99 4
-120.305695014 38.0868565167 135.92 1026 1330.56 44.1175 4
-107.318553225 38.0951812939 11.36 541.84 899.96 20.2175 4
-120.65134576 38.2275765364 147.12 829.08 1400.32 45.3725 4
-111.563371773 38.2505514802 59.56 268.6 1069.24 7.235 4
-120.133953444 38.3813677958 75.16 1158.2 1016.52 39.135 4
-108.548312276 38.3964451643 77.44 386 1131.6 10.2375 4
-107.113222068 38.5040367989 22.08 399.76 985.8 4.8275 4
-120.219244508 38.5410636383 79.72 1196.92 1031.48 38.3923 4
-105.162465411 38.5670633458 41.36 460.64 980.68 22.495 4
-120.499844158 38.5678428309 119.16 1349.24 1176.52 56.165 4
-122.923929631 38.5779563069 134.16 1217.56 1257 63.3575 4
-105.229887666 38.6267523978 66.36 398.36 1107.04 9.875 4
-112.482380494 38.6294189527 50.56 430.92 1054 16.515 4
-119.386271581 38.6959591996 76.72 307 1150.6 2.745 4
-106.327453286 38.7582767719 -8.48 577.84 734.4 30.4425 4
-114.619814446 38.7860036346 77.04 284.48 1199.16 1.13 4
-119.845258439 38.8144038675 33.12 946.28 829.44 27.0625 4
-121.085905148 38.8323788709 160.12 693.88 1357.52 26.4587 4
-117.297896474 38.8927697932 34.2 327.4 928.68 12.53 4
-108.127295807 38.9215208898 20.44 674.52 856.72 23.4325 4
-106.951707166 38.9632271227 -23.68 726.04 645.88 11.21 4
-108.747368883 38.9835778945 76.4 397.32 1081.8 3.565 4
-115.357143531 39.0453882741 50.96 355.32 1032.04 12.76 4
-106.836292665 39.070000057 -24.52 725 638.16 14.1675 4
-106.614349304 39.1154416568 -19.28 667.16 653.36 19.7325 4
-120.331312943 39.1344350379 48.4 1162.92 900.72 40.1375 4
-120.341064173 39.1409179369 54.92 1209.24 944.32 40.1375 4
-123.116430929 39.2109526659 131.52 1108.48 1347.76 29.83 4
-106.708203227 39.2344544955 -9.12 586.92 718.4 42.025 4
-106.340248916 39.259994412 8.88 462.88 825.2 23.3344 4
-122.988543244 39.353904226 110.36 1169.16 1226.04 60.17 4
-119.728176346 39.3739947485 91.6 252.08 1232.08 4.06 4
-108.883902781 39.4643280453 76.92 349.04 1117.56 6.57 4
-110.307225513 39.5632809963 35.44 451 853.92 30.145 4
-107.340549973 39.5827805825 63.24 429.6 1126.36 15.3025 4
-108.226011414 39.6946041558 44.2 483.12 995.84 9.685 4
-107.899610462 39.7015412823 44.92 474.28 1013.2 15.94 4
-113.899162216 39.7100124265 70.88 297.8 1153.92 5.2425 4
-107.422341413 39.7114500902 -6.24 639.88 720.96 20.015 4
-108.303179479 39.7462400866 50.96 446.16 1036.92 14.555 4
-114.096012159 39.7529264831 55.24 370.76 1053.04 13.31 4
-123.468302126 39.7778775864 107.48 1446.28 1203.52 52.265 4
-106.008856659 39.7781985104 3.84 573.04 786.4 35.5475 4
-106.910238791 39.8057034797 18.8 471.04 888.04 19.07 4
-111.460064678 39.8417010559 52.8 471.92 1015.2 13.575 4
-105.438134253 39.8435394905 24.72 553.72 873.8 34.5125 4
-105.438875636 39.8953666452 22.96 564.68 863.36 44.1175 4
-110.99957505 39.9645881304 22.84 528.96 835.08 17.5026 4
-111.037437064 40.0442863444 17.2 596.64 796.36 20.3075 4
-106.601872521 40.2493256674 10.28 519.56 834.52 25.625 4
-122.391786482 40.2538716448 164.6 773.28 1393.08 19.5925 4
-120.126077715 40.3173917577 84.64 317.12 1187.08 1.4025 4
-110.914563176 40.3843401076 37.2 466.88 918.76 13.8325 4
-121.920113238 40.4903047289 127.4 1077.84 1260.8 31.1525 4
-123.695739811 40.5157992775 98.08 1571.28 1108.56 47.78 4
-105.890282698 40.5554775696 -11.2 689.76 690.76 29.9625 4
-74.3399311289 40.5689219735 112.52 1205.48 1059.32 22.635 4
-121.505615419 40.5858719615 69.92 1021.56 1045 44.25 4
-107.065811862 40.6123696639 39.24 502.32 1011.04 11.4875 4
-122.564775442 40.6445408792 151.36 1402.16 1348.48 43.9365 4
-107.88219308 40.7751077564 45.12 362.32 1040.96 1.07 4
-115.224259913 40.802928483 49.16 430.36 992.68 13.54 4
-119.844591845 40.8788994033 65.36 324.72 1068.2 5.905 4
-119.937812369 40.8886363071 58.88 356.32 1031.8 6.445 4
-122.959213181 41.007219343 44.4 1222.04 863.64 29.0907 4
-111.512620863 41.1957988838 36.68 570.52 928.52 10.73 4
-72.9803034676 41.2764486354 103.88 1139.8 950.68 21.4703 4
-122.815380406 41.7182002678 72.8 675.8 1055.92 50.62 4
-81.2087235032 41.7829282538 95.52 961 936.76 23.7326 4
-122.9260537 41.9512529688 47.72 982.16 880.16 41.8 4
-110.697460046 42.1334907826 12.16 360.32 861.24 13.7375 4
-105.615775124 42.1514149376 43.08 386.92 919.44 14.6175 4
-113.736576283 42.2025946245 32.04 455.96 891.16 25.6825 4
-113.663368043 42.3819508286 61.44 340.12 1008.76 2.945 4
-111.280542717 42.453091647 13.8 486.44 832.96 23 4
-111.202020096 42.5049267735 20.16 463.96 876.32 40.1075 4
-124.346982298 42.772808016 102.28 1877.56 878.68 72.7 4
-123.379059897 42.7794113197 102.36 1001.68 1094 59.8 4
-122.526369034 42.9805703315 70.72 1222.92 996.84 72.1925 4
-114.763595791 43.1304669205 57.4 370.72 1053.96 2.66 4
-109.749842465 43.1375417868 -29.68 568.48 611.56 4.7025 4
-124.10451369 43.2158700887 110.52 1561.48 918.68 60.6625 4
-123.537704544 43.2303666723 116.64 1148.8 1100.64 45.3825 4
-122.741782888 43.3219634103 83.68 1437.4 1010.08 70.535 4
-122.512254452 43.4237963789 67.04 1501.84 940.24 71.4975 4
-120.579088842 43.4465019959 76.68 241.2 1094.8 4.04 4
-83.4245425672 43.4646399627 80.16 749.6 962.92 7.0125 4
-114.203082032 43.5957120428 24.68 424.84 903.68 16.455 4
-85.0282223741 43.6449851508 73.12 811.56 950.64 27.6481 4
-109.23227909 43.7030686306 -22.52 576.24 629.48 16.7575 4
-85.6611383864 43.7585548354 69 876.08 939.32 43.4925 4
-110.468969025 43.8944470649 13.64 576.32 861.2 27.513 4
-124.078994646 43.9057806204 111.76 1879.4 892.44 62.8017 4
-110.15452205 43.9308990464 -19.64 613.2 678.72 29.0725 4
-107.235446522 44.1169343276 18.08 478.36 787.16 21.9175 4
-104.005750283 44.1261597019 46.48 602.56 852.72 35.6875 4
-118.879761485 44.1277877135 45.44 375.52 983.12 26.635 4
-124.019207485 44.1386750543 98.28 2219.44 845.44 69.93 4
-120.231616436 44.3893991562 53.76 447.28 983.48 16.1768 4
-123.533658491 44.4046171498 97.44 1751.24 943.72 62.0425 4
-115.163423706 44.4308779001 1.72 555.48 823.04 27.6075 4
-114.855515156 44.4468270711 -10.04 552.56 766.32 25.1175 4
-108.053368876 44.4746026839 74.84 192.76 1126.96 3.055 4
-120.840516756 44.4795234797 56.72 471.76 959.64 28.31 4
-120.601340877 44.5217354853 47 543.88 918 42.9175 4
-110.284808247 44.563085375 -2.48 568.68 762.8 19.9863 4
-117.387648667 44.6302350585 60.48 412.4 1012.32 2.2525 4
-122.68484394 44.6303179799 97.44 1810.32 959.92 56.3125 4
-83.954321555 44.6484243117 60.04 726.76 911.04 53.595 4
-97.4949426179 44.6651568753 62.92 575.12 941.24 7.31566 4
-107.379066362 44.7021768011 -9 606 655.4 47.8525 4
-85.5557983492 44.7373749137 70.88 799.2 905.8 23.0305 4
-83.7585118318 44.7584671396 61.96 721.48 892.56 56.4475 4
-114.439171934 44.8167974926 22.28 397.16 900 26.97 4
-123.422672057 44.8217180408 98.72 1949.08 985.36 55.37 4
-101.171745643 44.8368763496 75.44 430.56 1024.92 6.055 4
-110.904377623 44.8881759328 -17.68 727.12 680.88 20.455 4
-116.394597112 44.901985637 51.36 644.52 1000.08 39.7525 4
-107.682523134 44.935501504 34.24 458.24 873.56 37.1 4
-119.188054282 44.9586291953 77.88 402.52 1063.04 24.8325 4
-118.491604683 45.097815476 49.4 619.4 912.44 33.5675 4
-110.011516777 45.1500650997 -9.64 715.76 706.64 14.9075 4
-121.433441129 45.1582211379 78.8 944.76 965.8 61.9425 4
-87.0864431858 45.2532062512 61.64 755.24 804.96 49.4048 4
-111.55820346 45.2664698106 -0.6 664 726.64 35.3825 4
-121.625265693 45.4585257117 70.4 1640.52 850.24 63.6941 4
-114.99031204 45.4666462188 60.88 511.68 1044.48 42.4325 4
-69.52436033 45.4737341631 37.16 1064.24 795.4 63.7663 4
-112.910803723 45.4920321913 12.32 395.8 795.12 40.6475 4
-113.963884065 45.4929823308 53.4 336.52 1015.72 22.1975 4
-116.900102418 45.5554617367 67.48 486.72 996.76 12.0875 4
-114.707005619 45.5562645692 21.92 535.8 880.68 33.4875 4
-115.386160384 45.5871543131 16.16 726.76 845.04 59.4575 4
-122.688069124 45.6174257765 117.2 967.6 961.88 21.2597 4
-121.95802972 45.6344719793 107.2 1933.56 923.6 55.0026 4
-121.699562351 45.7857214941 81.12 1688.36 916.16 74.64 4
-113.565645491 45.7869634305 20.84 363.04 873.64 23.515 4
-111.376485992 45.8183818686 62.24 389.48 972.4 1.5975 4
-122.181444666 45.83105891 74.88 2669.64 813.28 71.02 4
-121.807032444 45.8379169405 68.68 2133.52 832.4 74.5025 4
-92.2888524453 45.8844370984 52.24 771.56 897.2 41.0606 4
-112.778720499 45.9379285164 26.36 382 835.36 40.3775 4
-113.819210581 45.9431997963 24.6 412.64 882.04 47.5575 4
-123.567018083 46.0922285343 86.28 2500.6 799.72 55.1825 4
-115.275078022 46.13448607 24.88 699.4 854.04 40.26 4
-113.783473845 46.1527604416 8.48 486.12 792.6 31.18 4
-122.498100853 46.1922817531 73.12 2606.12 799.76 54.95 4
-122.473071266 46.1963607263 73.12 2606.12 799.76 48.6 4
-116.095906586 46.2461559471 84.8 656.28 1010.92 9.925 4
-87.4011189966 46.2482006001 42.92 821.92 795.44 52.7168 4
-98.9415225344 46.2582418763 48.2 482.24 914.84 8.79003 4
-112.016406546 46.2686584674 34.72 432.92 856.2 35.4575 4
-94.8628099144 46.3636820475 46.64 683.04 861.8 19.3836 4
-117.1712449 46.5008335726 83.44 529.8 974.04 3.4725 4
-115.972249807 46.5564630056 57.2 912.6 931.88 59.305 4
-123.185879031 46.598771045 99.24 1582.56 911.72 55.175 4
-121.788476901 46.6418495451 52.96 2352.2 727.08 62.41 4
-113.252305108 46.692110977 43.56 352.92 933.72 13.68 4
-115.479872856 46.7923512074 64.36 762.72 995.76 62.79 4
-114.179804812 46.807923626 32.88 500.4 857.48 52.4725 4
-112.315280369 46.8107835412 55.92 380.2 932.84 7.2125 4
-78.7007202224 46.9448644966 24.56 939.28 758.52 62.3344 4
-123.792170619 47.0605969007 97.08 2454.6 793.32 58.2875 4
-80.2814007263 47.0987981729 28 848.24 744.52 69.3085 4
-113.274952844 47.1608862841 30.4 556.08 840.24 49.13 4
-113.382276494 47.1820116516 39.68 554.6 884.2 49.4275 4
-123.296438937 47.2060633738 101.84 1946.56 899.08 60.14 4
-81.6082515047 47.2393330096 18.28 843.84 763.44 65.0883 4
-81.9594029729 47.292117322 21.12 821.68 763.72 64.2735 4
-88.0357644666 47.3446464199 40.2 798.96 758.72 50.6708 4
-114.975228014 47.3674548905 57.68 568.16 959.76 48.7825 4
-112.746262433 47.375881691 30.76 526.04 816.72 30.8075 4
-121.482876284 47.4132953993 56.04 2191.4 699.92 61.12 4
-113.073271026 47.4495870432 28.84 583.44 808.4 56.2725 4
-123.158635779 47.4634683524 94.24 1792.84 847.2 63.4775 4
-112.64739301 47.4828025716 44.36 460.8 867.2 13.3475 4
-81.6948498322 47.5405196006 17.16 815.16 766.68 65.77 4
-115.68135778 47.6506018781 38.76 952.16 843.12 61.475 4
-114.693892723 47.7514475488 62.16 495.2 937.64 17.6658 4
-71.2903041176 47.7661555628 3.4 1283.04 622.92 63.383 4
-82.3148423884 47.780706178 16.44 775.92 751.4 71.0925 4
-71.1316221446 47.8586334606 -3.16 1297.4 602.12 66.8036 4
-121.425862058 47.8645781352 53.12 2145.92 695.04 64.5725 4
-124.450712713 47.8974039748 90 3002.64 788.88 68.8775 4
-102.652020329 47.9564542978 52.52 402.56 932 5.69856 4
-120.717701438 47.9987946519 29.48 1176.16 710.64 60.48 4
-122.868118025 48.0271023332 97.6667 691.889 804.667 69.2981 4
-116.732672553 48.0341918346 70.4 737.04 922.36 47.6324 4
-69.8880132366 48.0494512804 23.76 1004.64 673.2 58.9407 4
-123.285424423 48.0886989713 94.4091 681.773 767 39.52 4
-117.592597043 48.145866123 65.96 568.68 906.44 48.8672 4
-91.1163371161 48.1637825356 26.92 710.16 772.4 59.7345 4
-117.225564727 48.2199670512 72.76 657.72 966.6 41.5608 4
-75.6491117337 48.3452149219 9.64 1011.52 681.84 53.769 4
-80.1031761088 48.4100867321 9.2 825.04 719.8 52.7197 4
-115.387992153 48.4180232165 44.32 699.4 882.48 50.695 4
-74.9202252419 48.4739213153 7.04 1007.92 670.04 57.7564 4
-121.793038604 48.5330591732 97.04 1776.4 835.04 58.355 4
-124.01617719 48.5402316642 60.32 2093.04 672.44 55.27 4
-81.7985068386 48.5977163502 10 807.76 737.64 55.5675 4
-75.3052818178 48.6875224344 4.8 1006.96 661.24 59.0111 4
-70.2089860831 48.69750786 -3.88 1124.48 618.96 59.7035 4
-74.3570594845 48.7466478237 2.96 989.68 647.68 66.0378 4
-124.418453291 48.7848719822 71.32 2197.72 692.28 72.5775 4
-81.1489152853 48.7860037058 7.72 845.32 736.04 58.4675 4
-72.6604208512 48.7945970321 20.4 848.2 717.4 36.7698 4
-116.02427359 48.808466648 18.08 864.64 717.4 59.375 4
-85.3349649656 48.8674118044 5.12 806.56 711.64 62.9169 4
-115.701160982 48.8682378129 51.12 724.36 885.04 56.4887 4
-120.828398022 48.8701525035 17.88 847.28 668.04 62.5775 4
-116.705984108 48.8928374862 35.56 832.24 761.24 59.6225 4
-120.350768862 48.9249511611 -4.48 627.4 589.8 42.1225 4
-121.703376644 49.0595867666 72.44 1673 740.28 70.575 4
-76.7448550575 49.0671977268 5.88 927.04 679.64 62.2225 4
-76.6400356554 49.07974445 4.08 939.8 673.12 58.6475 4
-90.4540018087 49.08917127 5.52 753.2 728.04 57.82 4
-119.293375953 49.0947867689 36.52 353.56 775.28 57.025 4
-79.5327375406 49.1177343288 3.8 850.96 688.12 50.7908 4
-80.3939523453 49.1228603674 1.52 838.32 709.28 68.89 4
-92.0980993391 49.1508381923 13.92 733 718.24 48.4959 4
-92.2983455216 49.1606901205 16.68 720.84 726.36 38.5995 4
-114.186483274 49.1920016643 6.88 687.64 683 47.4825 4
-118.231833502 49.198793013 38.32 598.48 750.48 53.725 4
-74.9942133206 49.2025335323 1.16 973.36 645.16 33.3879 4
-62.5275295646 49.2053489695 25.96 1026.88 532.92 46.8325 4
-117.17594972 49.2478684047 37.24 826.44 733.2 57.605 4
-121.352313414 49.2541951936 26.72 1005.2 650.72 59.86 4
-86.2954863299 49.2544721972 2.12 822.48 668.68 29.0313 4
-74.3470225531 49.2792869335 -0.32 974.36 637.2 35.9544 4
-117.502969712 49.3475429771 37.32 816.08 717.76 64.71 4
-95.1993906963 49.3840183171 21.32 565.84 736.76 54.6266 4
-84.1442568306 49.4113743451 2.2 768.92 724.68 67.1811 4
-56.9005899286 49.4152125507 27.8 1063.56 637.08 45.05 4
-77.4471294028 49.4259685251 1.64 893.32 682.16 46.7217 4
-87.3495700111 49.4286546333 0.24 825.92 659.96 52.9295 4
-81.6370588734 49.439130913 8 834.64 707.04 56.7579 4
-95.4907280416 49.4646088706 19.8 555.68 736 41.1625 4
-75.3576117018 49.4666252275 1.76 936.08 648.88 62.1296 4
-120.948348637 49.4795544868 30.44 625 711.88 53.6425 4
-75.1024400241 49.4982846601 1.52 939.88 646.04 44.8961 4
-79.2767545849 49.5193155788 0.24 845.08 679.16 50.4405 4
-75.5560163681 49.5242812946 1.84 928.56 650.64 57.605 4
-78.769900884 49.5532653636 0.16 858 678.84 44.9575 4
-119.122138839 49.5683118876 40.88 396.24 772.16 44.995 4
-71.3179061202 49.5910674281 4 996.64 655.76 58.5141 4
-63.6283950524 49.6168417516 19.84 1027.16 506.52 67.2771 4
-77.8698977578 49.6235127052 -1.64 887.32 679.76 52.32 4
-86.8425578209 49.6260185986 -2 811.36 675.36 50.1367 4
-72.9419865064 49.6395290616 -2.48 932.88 633 52.3546 4
-75.3097335748 49.6540853639 -0.16 929.44 642.96 53.4175 4
-125.767259874 49.7149626105 38.24 2107.24 561.04 53.035 4
-116.461597217 49.7215383365 7.16 786.36 633.36 58.4025 4
-120.423095015 49.7544471602 25.36 366.44 711.08 30.165 4
-80.3600195217 49.7636284912 -3.6 840.44 676.56 42.05 4
-74.7469578172 49.7641665496 -2.72 947.68 627.88 60.4005 4
-93.4451803622 49.7655144763 20.84 673.72 681.4 61.9051 4
-68.3782066519 49.7684792616 -2.64 995.8 622.52 61.6842 4
-89.6504684329 49.7697756338 -2 755.44 710.12 57.345 4
-81.3167295231 49.7722702501 2.64 838.64 687.32 37.195 4
-69.1874775845 49.7825832479 -4.4 971.88 643.96 47.158 4
-112.735219968 49.7928119171 52.2 382.04 855.44 5.0225 4
-118.12378801 49.794091609 74.32 696.72 874.88 55.2955 4
-78.6889882105 49.8037933691 -2.88 851.36 671.28 52.28 4
-69.9216383372 49.8203349126 -7.28 987.24 631.4 38.8883 4
-75.1753576807 49.8246459645 -1.88 925.08 634.2 43.3554 4
-115.947083431 49.8422093057 23.52 654.52 715.6 43.86 4
-81.1295058668 49.8688703601 1.04 834.68 684.12 52.1742 4
-75.9119841519 49.8952905555 -3.88 918.36 634.08 49.93 4
-79.5289148549 49.8966331515 -3.08 828.32 667.8 44.1103 4
-117.766011226 49.8993906851 0.52 770.64 577.04 38.8125 4
-82.8330190282 49.9637056123 4.84 809.52 697.96 63.5888 4
-79.6315962877 49.9644412667 -4.52 826.48 666.36 47.9943 4
-94.1798263342 49.9900652978 19.92 631.56 679.96 57.1108 4
-81.2156310005 50.0516682149 1.08 816.16 678.52 0 4
-90.2335195241 50.1027619497 -2.56 758.12 698.08 0 4
-74.3166881365 50.1159724826 -7.12 946.96 611.36 0 4
-121.173177601 50.1465823589 28.2 501.8 666 0 4
-70.7240158137 50.1491908461 -13.84 1018.84 591.36 0 4
-83.7805534694 50.1503307522 1 773 706.48 0 4
-93.8586587238 50.1596955393 19.24 639.44 686.84 0 4
-77.9358932674 50.1648033815 -6.92 858.8 660.32 0 4
-116.218513648 50.1894967522 -12.52 755.68 568.8 0 4
-116.476193222 50.2111973725 -7.28 781.48 580.64 0 4
-122.940117884 50.2405325296 44.52 947.96 706.2 0 4
-121.138502725 50.2502644848 71.28 414.48 825.72 0 4
-120.700709347 50.2630631106 19.96 399.52 652.04 0 4
-91.613504939 50.2672561211 6.52 734.96 682.24 0 4
-118.789608986 50.2944271875 37.28 635.2 722.32 0 4
-87.9918806521 50.295177861 -5.28 766.32 669.68 0 4
-83.3436767399 50.3196651214 0 780.92 694.32 0 4
-81.5806411778 50.3215429847 6 773.16 681 0 4
-84.7796062658 50.3330420639 0.76 771.12 703.76 0 4
-75.5058874448 50.3805144606 -9.08 900.28 610.32 0 4
-74.0488273001 50.3819669642 -11.16 923.32 590.32 0 4
-116.941390304 50.4061399033 47.16 800.88 768.4 0 4
-112.827056256 50.4129340369 43.12 375.04 840 0 4
-56.6267188713 50.4380390778 16.4 1116.6 546 0 4
-122.413410233 50.4821849369 25.32 627.28 656.32 0 4
-122.162657158 50.5121512178 40.12 555 699.24 0 4
-76.4361605836 50.5324063033 -9 864.64 622.92 0 4
-121.406507852 50.5460719755 38.12 429 696.88 0 4
-86.8875545574 50.5709980509 -7.04 773.72 658.48 0 4
-65.3683864015 50.5814001145 -1.2 1011.24 554 0 4
-89.1414691389 50.581476363 -8.48 731.76 687.52 0 4
-114.104592902 50.591210492 33.12 464.68 777.88 0 4
-77.5713821262 50.6237317919 -12.48 850.08 624.72 0 4
-92.784484362 50.6237984171 9 678.44 676.48 0 4
-64.1410975525 50.6273731553 -4.88 1025.52 529.2 0 4
-63.9241133076 50.6302833576 -7.08 1038.76 520.12 0 4
-82.1829121163 50.6372866497 4.28 748.08 672.8 0 4
-67.3876399653 50.663277833 -20.28 1118.52 553.72 0 4
-69.558009714 50.6649715885 -22.48 988.6 577.92 0 4
-128.139421683 50.6884912923 83.08 2521.72 539.76 0 4
-118.901637301 50.6939613348 9.32 656.52 612.04 0 4
-82.5980687129 50.7257766792 0.4 750.44 667.44 0 4
-73.6847297595 50.7279201776 -12.12 886.96 582 0 4
-117.790833769 50.734204885 53.12 1005.44 794.4 0 4
-63.9804517352 50.7453648925 -6.4 1019 526.8 0 4
-61.5576899365 50.7592802909 -2.2 1093.76 524.76 0 4
-69.9880992797 50.7628877757 -28.52 1009.64 544.52 0 4
-66.2890150864 50.7886601893 -8.12 1046.96 560.68 0 4
-66.8855795109 50.8137315412 -21.44 1119.76 542.52 0 4
-71.766511705 50.8285951693 -19.16 954.2 567.48 0 4
-120.468052342 50.8367663371 41.2 387.32 738.24 0 4
-75.2675888788 50.8469776971 -12.84 874.4 590.32 0 4
-115.315959747 50.8480202575 -25.24 648.44 537.56 0 4
-119.485388241 50.8526659628 52.88 547.12 800 0 4
-80.050149153 50.8536759656 -4 737.76 656.04 0 4
-84.1005919167 50.8722078616 -2.2 731.2 683.52 0 4
-60.4898057862 50.8750973571 -2.48 1123.68 502.16 0 4
-81.773892919 50.924724269 0.12 718.44 660.44 0 4
-90.8017936016 50.9265775989 -4.32 737.76 665.48 0 4
-119.71034705 50.9273278618 37.52 502.8 734.64 0 4
-66.1291526372 50.9588856984 -22.24 1047.44 534.32 0 4
-84.8905717286 50.9993542316 -4 739 674.88 0 4
-68.4720673175 51.0002010933 -25.88 1039.64 565.56 0 4
-85.4587106611 51.0112874162 -6 746.92 667.48 0 4
-90.6325616402 51.011804468 -5.28 738.24 665.08 0 4
-89.1815390677 51.0298921711 -11.04 729.92 660.36 0 4
-93.4650613366 51.0303276101 4.24 637.52 683.64 0 4
-69.2792640659 51.031559452 -26.68 994.88 565.24 0 4
-65.3132726154 51.0367911247 -29.08 1043.72 509.72 0 4
-115.304526009 51.0470543305 18.04 550.48 731.16 0 4
-78.5763865746 51.070724177 -8.88 745 632.16 0 4
-82.6871179131 51.0797016743 -3 718.52 657.08 0 4
-87.5243436108 51.1190810475 -9 734.12 629 0 4
-65.4956695314 51.1304165313 -30.36 1012.6 516.8 0 4
-77.1061922056 51.1446846395 -15.56 815.6 599.36 0 4
-69.4742256646 51.1716632102 -26.24 971.56 557.08 0 4
-88.5024277646 51.2251089881 -9.36 710.4 639.4 0 4
-91.9704366847 51.2262975846 -2.12 696.6 650.8 0 4
-59.4352507545 51.277599027 -4.2 1177.4 517.08 0 4
-90.4541829552 51.2796180027 -8.36 738.8 654.08 0 4
-75.8906269014 51.2804007112 -18.88 853.48 572.84 0 4
-94.0763700662 51.2853682855 0.8 614.44 675.48 0 4
-71.6471539666 51.310104282 -26.4 931.48 537.36 0 4
-88.5195382449 51.3141885717 -10.92 714.92 631.08 0 4
-95.7581090851 51.3405950923 8.08 554.36 697.88 0 4
-68.1666366065 51.421413613 -31.68 1085.76 530.16 0 4
-88.4724028725 51.4294012316 -11.32 709.88 625.12 0 4
-121.525993093 51.4315138557 37.28 407.44 742.44 0 4
-123.549582174 51.4367603234 2.48 402.76 660.8 0 4
-100.954878726 51.4429418153 1.56 504.64 678.6 0 4
-66.7794502506 51.4652475559 -31.08 1024.2 531.16 0 4
-96.522549731 51.5586166612 7.64 551.96 682.56 0 4
-121.796238558 51.5767489972 37.4 400.12 735.24 0 4
-69.5562958177 51.5809759146 -26.12 938.2 546.36 0 4
-93.4861575029 51.6018646035 -3.68 633.56 655.76 0 4
-81.3630988018 51.6099303948 -9.88 664.28 630.4 0 4
-86.557235251 51.6234603869 -11 709.88 624.68 0 4
-58.3234468733 51.6268843101 -0.68 1142.68 499.24 0 4
-75.9310595035 51.6445060046 -19.28 811.48 567.04 0 4
-66.7699921169 51.6534410626 -33.08 1002.68 528.96 0 4
-126.97443278 51.6903195381 68.72 1994.48 590.28 0 4
-93.476377878 51.6938762149 -3.6 627.32 655.24 0 4
-121.471582823 51.7392524916 43.24 435.44 781.44 0 4
-115.898299962 51.752386234 -35.16 640.12 505.8 0 4
-78.895787988 51.7627075202 -14 681.84 598.88 0 4
-96.0442128995 51.7785807852 4.36 539.76 667.56 0 4
-84.0560153616 51.7808356743 -10.84 677.16 637.08 0 4
-88.7675219624 51.7839446473 -15.56 709.84 606.96 0 4
-78.7432792306 51.8304685217 -14.08 683.24 594.12 0 4
-63.3071737834 51.8490207267 -30.24 969.44 508.32 0 4
-115.443006412 51.8501860965 -4.44 571.96 643.4 0 4
-65.1021542496 51.8552371149 -35.12 894.32 530.56 0 4
-91.7380453123 51.8680999391 -10.68 689.04 624.36 0 4
-117.302487137 51.8760612874 17.76 731.6 701.6 0 4
-63.4133042399 51.8979598385 -30.36 964.32 510.12 0 4
-68.8414822457 51.9061727028 -32.6 1006.96 522.08 0 4
-81.1984097864 51.921333355 -12.24 626.76 620 0 4
-94.9205783892 51.9372224982 -0.24 569.68 659.36 0 4
-71.5424322426 51.9384811977 -36.52 921.32 496.68 0 4
-76.4212432858 51.9406305304 -21.16 779.52 562.04 0 4
-74.7881420259 51.9996240642 -24.04 820.44 535.92 0 4
-88.1996925202 52.0020257389 -13.8 682.96 592.64 0 4
-87.2649070296 52.0128293151 -13 681.72 596.76 0 4
-59.959804799 52.0177261505 -12.08 1127.88 510.6 0 4
-124.587051489 52.0479090331 12.28 413.6 713.08 0 4
-78.4261599634 52.0692627201 -17.44 675.72 575.64 0 4
-78.3036459164 52.0702746223 -17.44 680.92 575.68 0 4
-60.2535305628 52.0876526786 -13.48 1114.52 519.08 0 4
-59.1366726783 52.0885646081 -11.4 1149.12 487.68 0 4
-88.8330206722 52.1077740249 -14.64 680.76 601.24 0 4
-70.4401996093 52.1321506287 -38.96 932.36 489.08 0 4
-82.3464050313 52.1341970247 -13.8 615.8 615.84 0 4
-116.193947582 52.1466589644 -13.16 612.68 593.24 0 4
-75.2963528584 52.1479640742 -23.48 794.68 540.44 0 4
-65.8738112369 52.1680737994 -38.88 835.32 539.48 0 4
-69.6360743442 52.1860489525 -36.12 945.04 502.28 0 4
-86.7550259003 52.1971282527 -15.08 677.68 595 0 4
-119.915756197 52.2081676106 24.76 775.36 685.72 0 4
-74.708867884 52.2384883079 -24.44 798.28 531.32 0 4
-120.153815135 52.2398135241 24.12 794.88 675.68 0 4
-122.827243676 52.242227514 17.44 404.36 720.88 0 4
-94.7363852698 52.2808139822 -4.88 575.2 641.04 0 4
-87.5044079811 52.2874982468 -14.88 672.04 581.96 0 4
-63.7768209117 52.2898251392 -29.72 923.52 522.52 0 4
-60.9621845094 52.3038803968 -15.2 1059.76 530.4 0 4
-115.926940429 52.3097922188 -5.84 595.48 630.72 0 4
-90.3328649325 52.3119875425 -17 688.36 600.6 0 4
-88.0591932609 52.3268692502 -14.2 665.8 579.96 0 4
-93.7097736552 52.3598378022 -8.52 606.28 631.96 0 4
-83.010298959 52.3724051656 -15 617.6 610.6 0 4
-93.1977199683 52.3825510437 -9.76 619.84 625.88 0 4
-124.297257703 52.3890898505 3.4 392.88 708.12 0 4
-68.6554322108 52.3991485067 -39.52 1013.92 490.88 0 4
-83.829362091 52.4082945392 -16.44 634.8 606.28 0 4
-69.992783468 52.4305487227 -36.64 906.28 492.92 0 4
-102.41360952 52.4369022375 -0.2 468.76 683.76 0 4
-86.8324963775 52.4444390976 -17.64 665.48 584.84 0 4
-91.9984169603 52.4479134596 -13.64 652.52 609.28 0 4
-123.508335949 52.4557875485 12.68 391.24 747 0 4
-60.3555857904 52.4727744944 -17.48 1104.92 520.64 0 4
-78.2841215796 52.4801617165 -22.56 667.68 550.48 0 4
-117.219790192 52.5009106167 -34.12 640.12 487.32 0 4
-82.9659745531 52.5055888868 -16.76 605.44 601.92 0 4
-101.838513561 52.5160780559 -8.12 495.24 646.84 0 4
-74.5875297035 52.5230531292 -30 799.68 512.28 0 4
-91.2994020171 52.5237594675 -16.76 665 597.72 0 4
-64.8506106725 52.5283821785 -35.16 864.84 531.28 0 4
-88.0863233357 52.5286364809 -17.6 659.76 569.64 0 4
-117.257567856 52.5376327956 -34.24 642.8 485.6 0 4
-66.2811506869 52.5701152724 -35.96 844.84 533.16 0 4
-68.9337993105 52.574773137 -38.92 967.2 490.8 0 4
-81.992978627 52.5835553602 -18 574.04 596.28 0 4
-120.241804279 52.6151463842 31.28 770.36 714.8 0 4
-60.211715706 52.6171912317 -17.92 1105.48 519 0 4
-57.5003913874 52.6304892269 -13 1125.08 437.44 0 4
-116.770697602 52.6358208405 -2.04 576.88 634.64 0 4
-71.0749090711 52.6397541823 -37.4 854.8 481.04 0 4
-60.0332049659 52.6434247381 -17.96 1112.28 514.88 0 4
-62.1262816077 52.6468987025 -24.92 986.28 519 0 4
-63.6482504222 52.6633270599 -36.2 950.56 507.2 0 4
-122.01008958 52.6857332727 41.56 601.16 767.44 0 4
-87.5393141158 52.6869422023 -19 653 563.16 0 4
-93.0447852725 52.7277002229 -11.92 612.36 616.4 0 4
-115.747231967 52.7563715344 15.76 560.24 741.44 0 4
-72.1725720627 52.7613389512 -35.52 820.04 483.12 0 4
-115.889570372 52.7651226586 16.64 560.96 741.12 0 4
-126.416732395 52.7661273307 34.24 969.76 619 0 4
-68.4384885035 52.8013156153 -38.56 954.32 488.8 0 4
-58.7845243824 52.81234844 -14 1096.6 484.32 0 4
-96.4332394847 52.8124762718 -5.56 472.2 612.72 0 4
-125.454591706 52.812721558 6.2 523.36 619.76 0 4
-121.670689819 52.8239986051 19.04 889.36 673.48 0 4
-93.6900607904 52.8258589191 -10.52 593.04 617.32 0 4
-91.6864228968 52.8515034787 -17 635.44 595 0 4
-125.763892666 52.8546028889 22.64 596.76 643.84 0 4
-117.400839248 52.8582829663 -13.84 567.96 576.64 0 4
-126.515051167 52.8666125215 20.12 927.76 576.8 0 4
-59.2339128313 52.8791378737 -18.6 1113.32 482.72 0 4
-115.360329409 52.8813096518 18.92 544.44 760.72 0 4
-62.032198156 52.8823150994 -18.08 935.6 537.56 0 4
-62.7286589638 52.8836596789 -33.4 971.6 503.32 0 4
-97.2502505205 52.8874208818 -5.56 441.96 612.32 0 4
-93.8003080589 52.9093209386 -9.68 584.48 620.32 0 4
-66.027231333 52.9110278748 -39.8 840.32 516.88 0 4
-118.543036499 52.937111782 -5.96 660.28 571.28 0 4
-116.922292006 52.9674427918 2.96 569.88 648.96 0 4
-78.6660859273 53.0181936901 -26.48 625.84 526.8 0 4
-66.1479013873 53.0259252668 -40.08 843.12 511.96 0 4
-103.03161344 53.0273341736 -5.92 491.48 653.92 0 4
-94.3181610364 53.033191891 -10.56 572.56 612.6 0 4
-59.8965780419 53.0644462598 -9.8 1027.92 529.64 0 4
-61.2143625843 53.1153317939 -17.44 986.64 535.84 0 4
-90.0194680552 53.1274186045 -23.2 636.2 557.12 0 4
-92.8505114479 53.1317817058 -15.32 599.12 600.32 0 4
-81.8064056348 53.136657999 -23 556.92 567.72 0 4
-125.05233279 53.1393757258 14.12 457.84 677.48 0 4
-58.877739676 53.1431983299 -21.68 1112.88 465.64 0 4
-58.2219499719 53.1453605365 -14.48 1072.44 463.8 0 4
-92.6372517815 53.171697228 -16.68 605.16 593.6 0 4
-125.352609318 53.1830318693 12.84 476.92 646.44 0 4
-82.8264439894 53.1960781118 -23.52 571.36 569.88 0 4
-60.2876879717 53.2061796848 -3.64 971.96 574.92 0 4
-61.5306741028 53.2197902656 -24.56 990.6 516.64 0 4
-89.7651968626 53.2295255426 -25.08 632.88 550.28 0 4
-94.5719752347 53.2306601791 -10.68 562.84 607.76 0 4
-65.9022073497 53.2527498734 -44.2 848.8 497 0 4
-72.7757479087 53.2628428995 -40.96 796.76 461.68 0 4
-73.2605661377 53.2778706709 -38.96 784 468.88 0 4
-65.8485007271 53.2900706871 -43.32 845.8 498.92 0 4
-71.778689073 53.2993395968 -41.08 798.32 457.12 0 4
-65.2078749432 53.3090745151 -42.76 855.24 502.28 0 4
-119.189069826 53.3201764269 -20.2 739.2 495.4 0 4
-91.3175697174 53.3371699701 -22.96 618.68 566.08 0 4
-88.9025912011 53.3382996323 -25.96 626.08 540.52 0 4
-88.6405809382 53.3456271302 -25.12 621.4 541.48 0 4
-71.291850642 53.3473410874 -42.36 805.32 450.04 0 4
-76.0843889502 53.3740416569 -33.72 725.44 494.28 0 4
-121.526708938 53.3747079752 19.12 972.36 680.52 0 4
-78.3537114719 53.3753544618 -31.16 635.12 504.4 0 4
-123.049940195 53.3798325858 30.32 536.08 755.24 0 4
-94.3029817873 53.3805103981 -11.48 563.4 604.6 0 4
-69.4136994862 53.3805964982 -44.24 875.64 458.64 0 4
-123.63714427 53.3993865965 21 485.48 742.88 0 4
-67.404848751 53.4019228248 -43.36 892.96 474.56 0 4
-70.0877273078 53.4110738895 -44.36 846.48 451.8 0 4
-92.5232314125 53.411235509 -20.44 605.96 578.4 0 4
-123.519439009 53.4196243959 13.48 505.68 709.24 0 4
-75.5677564267 53.4233335937 -36.28 737.12 483.32 0 4
-87.7106841169 53.4396584464 -24.76 610.8 542.68 0 4
-123.799736641 53.4558639602 4.48 488.56 679.64 0 4
-117.170215182 53.4586813793 19.92 570.56 719.72 0 4
-87.7639690121 53.5051050838 -25.12 605.52 540.56 0 4
-63.9705702285 53.5051500247 -30.04 871.24 526 0 4
-118.004034034 53.5131914458 6.6 557.08 634.76 0 4
-90.2114430418 53.5187961363 -26.84 616.8 542.16 0 4
-124.438242055 53.5188724349 13.2 469.44 705.92 0 4
-74.7663378471 53.5373815563 -34.08 723.92 483 0 4
-88.8509785813 53.5386204368 -26.52 614.4 536.64 0 4
-124.107984828 53.5514593607 16.12 478.72 720.48 0 4
-58.1413328911 53.5719087224 -16.88 1045.16 452.12 0 4
-101.274962926 53.5814129326 1 456 668.36 0 4
-60.9518240805 53.5937076883 -19.12 974.12 525.04 0 4
-58.1906320063 53.6190867774 -17 1041.12 450.04 0 4
-92.6973543721 53.6221999413 -20.92 592 576.6 0 4
-91.8201584883 53.6236053324 -24 604.84 564.44 0 4
-78.9896929816 53.709114441 -30.64 570.6 494.52 0 4
-122.086380251 53.7400411151 24.4 829 704.08 0 4
-105.605824911 53.7410924321 -1.68 454.68 685.52 0 4
-88.196960517 53.748084587 -27.16 596.96 531 0 4
-75.207075456 53.759566636 -37.76 717.52 470.44 0 4
-76.3510530965 53.776350689 -36.08 696.8 481.92 0 4
-117.647039509 53.7899937675 19.56 563.52 702.04 0 4
-129.419468307 53.8165164047 58.96 2465.04 552.88 0 4
-117.715619128 53.8333115244 18.48 565.16 693.04 0 4
-58.9618380761 53.8449999513 -6 932.2 500.4 0 4
-71.010990867 53.8486087646 -46.4 787.4 430.84 0 4
-99.1088361726 53.8535010078 -5.92 474.84 605.84 0 4
-87.155146927 53.8712901386 -27 580.48 534.56 0 4
-124.68773465 53.9066813665 20.64 495.2 709.4 0 4
-70.9194957007 53.9543145506 -49.04 798.16 423.76 0 4
-97.1150018341 54.0067301268 -12.08 479.32 602.04 0 4
-92.6188524718 54.0476047229 -24.96 573.04 563.36 0 4
-72.7062280733 54.055535112 -44.76 742.68 440.16 0 4
-76.807728352 54.0663272014 -39.64 687.16 467.28 0 4
-83.0375299844 54.0721682135 -32 541.6 528.84 0 4
-62.3251364858 54.1244081489 -39.36 922.88 470.96 0 4
-102.927549235 54.1523762782 -1 459.08 665.44 0 4
-71.6403603502 54.1585156853 -46 751.28 431.48 0 4
-88.2018626997 54.1700345496 -30.92 570 518.04 0 4
-68.2992007825 54.1899795759 -47.96 828.64 446.6 0 4
-104.521433549 54.2252376279 -14.68 514.72 622.52 0 4
-106.58188853 54.2536148817 -2 459.28 667.6 0 4
-125.979297441 54.286751602 7.64 465.08 612.8 0 4
-99.8216778599 54.2929893113 -9 477.56 615.56 0 4
-126.032696545 54.3014202217 14.16 471.24 643 0 4
-116.73202862 54.3041590299 22.96 582.72 724.84 0 4
-126.36839025 54.3733606125 7.04 487.92 608.84 0 4
-124.01911678 54.4522270705 18.6 521.04 686.92 0 4
-64.8109959366 54.4524325639 -45.88 783.16 472.44 0 4
-87.9071351789 54.4556957171 -34.88 568.8 506.2 0 4
-71.5248438651 54.4666371666 -49.08 737.2 423 0 4
-119.614860152 54.4847818017 16.12 590.48 643 0 4
-89.2926078134 54.4863951226 -33.76 559.28 510.24 0 4
-126.069162724 54.4901731909 6.8 479.2 616.16 0 4
-75.6647118613 54.5181009986 -45.48 687.68 437.72 0 4
-70.2337469176 54.5203892578 -53.04 781.52 416.08 0 4
-91.3852514213 54.5434573281 -33 563.76 526.12 0 4
-102.416849926 54.6364124089 -5.68 475.28 632.64 0 4
-59.4738006571 54.6380378272 -22.8 944.36 439.24 0 4
-91.8227802242 54.6464817046 -32.72 557 530.92 0 4
-72.7876399628 54.672876706 -49.44 710.84 421.48 0 4
-96.4841014626 54.6765314456 -21 493.04 592.88 0 4
-93.0259147108 54.6769202693 -29 541 553.08 0 4
-120.343657424 54.6798688429 6.88 661.52 614.2 0 4
-126.716573639 54.6812505772 -4.24 527.24 571.96 0 4
-90.4970234969 54.6918326867 -35 555.08 513.6 0 4
-64.1114588613 54.6975525704 -49.12 788.52 455.84 0 4
-65.8496396238 54.7216744913 -47.24 745.96 457.12 0 4
-121.875902752 54.7405243008 -1.96 788.28 579.96 0 4
-104.49998396 54.7545975542 -17.64 526.84 607.84 0 4
-59.3668100911 54.7705007371 -18.88 912.84 447.88 0 4
-60.5879290918 54.7852213003 -21.36 880 465.4 0 4
-106.868339241 54.7979300868 -2.36 459.6 656.28 0 4
-90.4338154002 54.7985601475 -36 549.92 508.52 0 4
-101.562515137 54.8019700651 -4.24 481.96 614.4 0 4
-83.5008201065 54.8266128525 -38 513.44 502 0 4
-100.028074266 54.8450173404 -14.6 481.4 611.08 0 4
-77.7070850243 54.8476916818 -48.56 659.6 425.36 0 4
-107.719945339 54.8489828321 1.64 445.36 667.24 0 4
-88.6425251368 54.8547118249 -37 543.64 497.2 0 4
-89.9203705389 54.8735602387 -36.4 545.76 502.92 0 4
-91.2663958027 54.874198839 -34.68 545.44 520.48 0 4
-92.788510659 54.8758605382 -32 539 540.96 0 4
-67.5874734083 54.8759133278 -54.28 789.88 424.08 0 4
-122.204375237 54.8783446351 8.76 764.84 611.08 0 4
-65.1271507049 54.878819989 -52 748.08 446.88 0 4
-108.855453671 54.881416536 -5.64 469.2 630.36 0 4
-64.9847700924 54.9237713606 -50.4 735.08 450.4 0 4
-121.388309004 54.927984797 -14.36 737.16 534.16 0 4
-98.0090409856 54.9365912701 -17.64 470.76 606.88 0 4
-112.465288267 54.949567166 13.6 454.4 710.92 0 4
-98.1189349223 55.0344613541 -19.12 473.92 606.6 0 4
-104.741023427 55.0398495298 -9.08 499.16 639.72 0 4
-98.7734258265 55.0493024703 -21.08 478.72 602 0 4
-92.5171960112 55.0671004099 -33.92 531.88 533.08 0 4
-95.8634217189 55.1009058314 -27 498.72 580.68 0 4
-132.052636311 55.1136506012 70.5833 2840 527.917 0 4
-68.9289757907 55.1194350484 -54.8 755.28 418.6 0 4
-91.4588415876 55.147136858 -36.48 531.8 516.8 0 4
-92.637626654 55.1603978089 -34 526.52 534.88 0 4
-109.801707953 55.1841810505 -1 462.88 643.2 0 4
-91.6192671879 55.225932162 -37 528 515.84 0 4
-96.462811265 55.2262054825 -27.44 495.08 586.56 0 4
-71.5519339781 55.2343523523 -53.48 693.24 404.76 0 4
-124.652362864 55.2674908671 -10 518.6 569.44 0 4
-96.4563155027 55.2833953801 -28.32 496.84 582.72 0 4
-125.821177054 55.2922387657 1.2 509.16 603.64 0 4
-71.0264169816 55.3128471203 -54.08 695.04 405.56 0 4
-77.5453974683 55.3259861256 -49.32 631.68 414.32 0 4
-63.5467596087 55.3377280371 -54.04 738.84 421.48 0 4
-92.0280085584 55.3747643197 -37.36 520.32 518.24 0 4
-122.807337918 55.3775537902 -6.48 693.56 551.76 0 4
-72.6683236004 55.4029253741 -57.04 688.28 392.64 0 4
-69.6628494009 55.4336434353 -53.6 702.52 414.92 0 4
-95.4825678629 55.4486939243 -32 497.24 569.48 0 4
-97.801421614 55.4624551361 -27.48 493.04 604.72 0 4
-123.507089534 55.4848569013 18.08 602.92 661.64 0 4
-90.6698027417 55.4915989955 -42.12 523.88 490.12 0 4
-70.4100956684 55.5022839173 -57.68 705.6 400.24 0 4
-64.5836182095 55.5040170586 -51.96 668.28 436.48 0 4
-71.4658531762 55.5116410563 -54.68 674.72 401 0 4
-69.1034527944 55.5289089638 -56.2 716.32 413.52 0 4
-77.0260330231 55.5376229312 -54.2 637.04 400.24 0 4
-112.821856929 55.5684519803 4 465.4 679.32 0 4
-69.5368879339 55.5881492915 -59.28 719.72 402.56 0 4
-105.93332711 55.6088323419 -9.44 484.92 624.8 0 4
-64.9131596289 55.6155791722 -53 658.88 432.96 0 4
-66.4248753593 55.6277770849 -53.76 687.92 423.08 0 4
-86.8641757195 55.6438095027 -44 497.36 477.24 0 4
-97.6427146839 55.6442250416 -30.64 500.2 600.8 0 4
-124.431616902 55.6615612959 -1.96 526.84 595.6 0 4
-129.02095956 55.6810107607 25.44 927.52 601.2 0 4
-95.2936751104 55.6929138244 -35.24 494.08 563.84 0 4
-125.789707364 55.7077173365 -14.04 502.16 558.88 0 4
-114.910733114 55.7118081094 -1.04 498.32 652.12 0 4
-123.793597464 55.7130301394 17.88 563.08 662.12 0 4
-129.52293943 55.7267462415 32.04 1216.84 583.04 0 4
-108.854584 55.7286253789 -3.32 442.64 621.84 0 4
-124.213738397 55.7294687112 -13.8 542.96 554.6 0 4
-106.210563861 55.7352811231 -8.44 473.72 625.24 0 4
-66.8497378973 55.7429569541 -54.44 690.64 418.6 0 4
-97.6970729887 55.7517336809 -32.52 503.64 601.08 0 4
-110.662123172 55.7571340494 -1.08 464 654.6 0 4
-61.6592065492 55.7630515171 -32.76 824.52 441.96 0 4
-114.429608332 55.7633557329 -4.08 501.16 641.48 0 4
-109.500504561 55.8099650185 -3.48 451.24 630.88 0 4
-106.273902016 55.8228344016 -9.84 474.8 619.12 0 4
-99.4337089414 55.8367572513 -26.4 488.12 595.2 0 4
-95.8899227143 55.8607184931 -36.88 491.36 561.12 0 4
-126.914635804 55.8859393229 -18.76 510.6 542.56 0 4
-126.443364052 55.8969415221 1.84 512.52 624.12 0 4
-96.0918496345 55.8982451126 -36.88 491.92 562.24 0 4
-96.1763316003 55.9055341216 -36.36 491.68 563.88 0 4
-98.2485886626 55.9732802225 -33.16 512.4 586.04 0 4
-95.4974262155 55.9753339234 -38.68 486.44 557.08 0 4
-112.463637836 55.9809744872 0.24 464.16 673.12 0 4
-105.345083049 56.0113253042 -15.48 498.48 601.72 0 4
-95.5906316926 56.0129684757 -39 487.32 556.8 0 4
-93.2965060233 56.0139046438 -41.16 486.2 521.84 0 4
-74.458395818 56.0371841638 -57.08 617.72 384.24 0 4
-110.087428806 56.0470071679 -1.6 450.4 647.44 0 4
-124.956316683 56.0513358683 -27.24 509.68 515.76 0 4
-73.1604140355 56.0856967934 -58.16 625.6 383.4 0 4
-116.521275718 56.098542642 -2.6 460.8 675.72 0 4
-72.3489190695 56.1212099183 -58.16 631.88 385.28 0 4
-113.451747792 56.1256520241 -5.64 479.4 643.92 0 4
-108.871573151 56.1391973859 -6.2 439.64 611.2 0 4
-73.327070479 56.1483028359 -59.4 626.76 380.36 0 4
-126.489540097 56.1494876949 -12.08 495.4 575.36 0 4
-104.187687709 56.1535328428 -23.52 526.52 580.84 0 4
-111.490711503 56.1786926009 -9.88 488.24 633.76 0 4
-103.748350651 56.2219876782 -22.64 518 590.24 0 4
-114.52591807 56.2417838097 -5.12 481.96 643.16 0 4
-68.7215712799 56.2557275359 -51.6 622.68 424.96 0 4
-133.40573619 56.2644397052 46.56 2738.68 472.8 0 4
-98.9391499298 56.2656907746 -32.56 517.92 570.84 0 4
-96.2345472071 56.2668361355 -40.76 488.16 554.16 0 4
-94.5547910727 56.2677631108 -43.84 476.76 542.2 0 4
-97.6505716692 56.2942983937 -38.92 510.32 568.84 0 4
-112.331121351 56.2972938136 -2.36 461 663.96 0 4
-128.63842193 56.3021218526 16.2 666.48 621.4 0 4
-116.656007526 56.3088339981 -1.68 441.84 689.36 0 4
-111.391326117 56.314895382 -8.8 483.44 640.52 0 4
-102.650149801 56.34136617 -27.08 515.8 581.8 0 4
-73.6806182617 56.3482493126 -57.84 598.48 379.68 0 4
-62.2367051304 56.3567050449 -38.48 766.92 429.24 0 4
-70.9158696353 56.3706576296 -56.52 618.2 394.64 0 4
-126.539008976 56.3875538445 -14.48 486.4 571.28 0 4
-92.6212103936 56.4035140326 -48.8 482.4 487.32 0 4
-74.7197567744 56.4552628131 -58.12 582.84 377.12 0 4
-118.322886565 56.4573646327 8.32 439.6 638.88 0 4
-99.4052792407 56.4894732148 -31.36 490.72 580.64 0 4
-108.37451201 56.4922919795 -10.8 438.04 593.96 0 4
-98.2744319444 56.5295027519 -39.6 526.32 552.72 0 4
-110.170084228 56.547168901 -6.64 450.32 632.84 0 4
-127.572339488 56.6049150594 -5.4 496.4 591.48 0 4
-66.4108887057 56.6164232806 -55.68 598.2 409 0 4
-97.8904933628 56.6437510052 -42.64 518.36 545.88 0 4
-104.917155338 56.6441397794 -23.56 507.12 569.36 0 4
-107.871825581 56.6676399511 -15.92 445.68 580.32 0 4
-107.523774526 56.6843946023 -16.56 449.92 580.28 0 4
-106.901724622 56.7308281334 -20.84 465.68 570.44 0 4
-66.237270272 56.7540668198 -54.68 577.44 407.76 0 4
-90.2062962881 56.7560714351 -54.44 469.12 448.68 0 4
-73.4738988294 56.7825245963 -59.36 573.56 372.64 0 4
-90.2805285823 56.7911962501 -54.76 471.04 448.64 0 4
-125.772987302 56.813392738 -12.4 470.2 583.72 0 4
-101.238206521 56.8244155637 -37.08 484.64 545.92 0 4
-106.81602949 56.8324654974 -21.36 464.16 568.24 0 4
-133.437247535 56.8348583076 55.36 2500.36 521.92 0 4
-119.695469991 56.8987822726 -9.44 452.88 595.08 0 4
-104.921508099 56.9188238943 -25.6 502.68 560.36 0 4
-96.9468853594 56.9575963589 -49.88 496.52 521.56 0 4
-110.988671709 56.9827831886 -9.4 455.36 640.8 0 4
-119.32200588 56.9848253081 -14.88 465.56 574.52 0 4
-102.626523873 57.0035148022 -32.76 499 550.6 0 4
-120.867685892 57.0206313966 0.52 451.48 616.52 0 4
-112.328980022 57.057935897 -6.36 438.92 654.76 0 4
-98.8707443442 57.0818538425 -38.08 514.76 537.12 0 4
-123.584771682 57.0880039398 -23.4 522.2 529.84 0 4
-108.480390355 57.1123897527 -17.96 436.48 576.16 0 4
-90.8842330997 57.1267948234 -57.08 455.28 444 0 4
-121.213778691 57.1374328645 -2.52 458.8 610.52 0 4
-67.6390769644 57.2187546996 -58.68 579.92 402.04 0 4
-121.980641327 57.2510739104 -7.08 497.16 586.48 0 4
-68.262871152 57.300004102 -58.72 574.68 406.28 0 4
-122.160306227 57.3285434776 -10.2 502.8 577.36 0 4
-124.723592966 57.3559957412 -19.68 479.12 551.56 0 4
-109.919449027 57.3601101748 -17.88 441.72 591.8 0 4
-104.086036417 57.4784332092 -32.2 518.32 536.8 0 4
-100.882981107 57.5043804726 -46.56 457.84 508.76 0 4
-102.729390856 57.5262753332 -36.32 488.28 529 0 4
-130.301490793 57.5406240243 -11.56 510.36 556.84 0 4
-105.095260044 57.5582240216 -30.8 487.16 544.6 0 4
-134.315232527 57.6183916246 50.88 1852.56 504.6 0 4
-98.4798220819 57.6254866064 -50.12 487.24 503.32 0 4
-120.729513612 57.6845628738 -10.96 433.72 614.32 0 4
-130.331237289 57.6962048744 -19.76 496.36 533.64 0 4
-99.9887877323 57.7109590957 -50.12 462.6 501.92 0 4
-112.500885646 57.7426434262 -27.48 466.08 574.36 0 4
-113.822241151 57.7532909243 -15.88 434.84 610.12 0 4
-131.361780284 57.7839899523 6.96 526.64 608.36 0 4
-94.7738334215 57.7897573027 -66 453.92 447.64 0 4
-123.313317095 57.7998623791 -11.2 484.96 599.84 0 4
-120.296837343 57.8543867063 -13.48 429.36 610.08 0 4
-119.610492634 57.9112806912 -21.04 444.24 582.16 0 4
-105.152992583 57.9152484608 -36.68 485.4 528.52 0 4
-131.191359956 57.9991120161 -10.56 500.72 559.8 0 4
-96.936122478 58.0042684876 -64.88 469.56 462.84 0 4
-76.6555800394 58.0243215324 -66.44 454.6 337.24 0 4
-122.31233291 58.029472844 -14.8 467 608.84 0 4
-100.268320768 58.0315727816 -54.92 449.6 484.6 0 4
-106.656765199 58.063193475 -29.44 424.88 560.2 0 4
-122.206234845 58.1199068748 -19 464.92 599.2 0 4
-108.228734252 58.1602487325 -30 418.8 544.88 0 4
-136.261375649 58.1788274267 43.5238 2053.1 459.476 0 4
-96.8161335049 58.2221655161 -67.72 459.44 453.44 0 4
-116.78043515 58.2427016447 -6.16 401.28 661.88 0 4
-121.902098047 58.2702954992 -9.28 440.04 645 0 4
-121.94794693 58.2861022288 -10.72 442.68 639.96 0 4
-135.114021532 58.2878793872 48.0625 1428.69 518.188 0 4
-76.1508245287 58.3361562844 -68.16 451.2 330.16 0 4
-109.035439023 58.4044471302 -27 401.2 556.64 0 4
-99.7233655738 58.6354763624 -62.24 423.72 463.68 0 4
-98.5342632128 58.7174203259 -65.84 430.96 455.6 0 4
-98.0012250447 58.7188135839 -68.76 436.84 448.24 0 4
-131.428226768 58.7733920949 -14.48 471.72 557.64 0 4
-119.461420193 58.8140053024 -13.36 391.36 640.64 0 4
-117.571507765 58.8237060473 -17.04 404.92 629.36 0 4
-119.333512677 58.9025496162 -15.16 392.04 634.8 0 4
-125.915750433 58.9124518381 -37.2 487.2 506.72 0 4
-103.278640324 59.0411510578 -56 460.04 462.52 0 4
-105.457795584 59.0607725176 -45.6 415.36 536.56 0 4
-117.653353566 59.0638336641 -18.44 391.92 628.68 0 4
-122.319235424 59.1101059853 -19.48 435.84 638.64 0 4
-123.787936693 59.1244228465 -22.04 465 591.44 0 4
-104.184540628 59.133140244 -51 445.36 489.44 0 4
-133.202934916 59.1452881645 -4.72 584.92 524.76 0 4
-120.279842596 59.1565843615 -21.6 401.16 618.28 0 4
-116.504800467 59.1570680104 -28.2 410.52 578.56 0 4
-128.379640434 59.1759836383 -35 475.64 542.76 0 4
-129.053919536 59.1801746374 -21.84 505.36 571.52 0 4
-111.755216781 59.2500089762 -24 373.24 592.28 0 4
-106.287589263 59.3173978371 -46.6 392.76 534.8 0 4
-129.086785053 59.3236871476 -27.32 520.48 550.36 0 4
-75.4382275112 59.3294683269 -71.56 419.96 313.88 0 4
-128.401323113 59.3351190924 -37.44 475.16 537.56 0 4
-122.843183967 59.3573609099 -19.68 444.04 628.88 0 4
-126.007012477 59.3974585187 -7.88 466.88 625.68 0 4
-101.688863958 59.4907447829 -71.24 393.04 427.6 0 4
-132.309375646 59.5069793509 -13.76 464.64 549.2 0 4
-114.477547757 59.5303623015 -38.88 405.36 517.24 0 4
-69.8785302374 59.6744415856 -62.8 399.48 331.64 0 4
-116.838381309 59.725645026 -26 370 598.64 0 4
-70.7641102562 59.7818778469 -68.04 413.2 319.08 0 4
-123.106119693 59.8017131322 -23.16 446.96 608.24 0 4
-120.906694094 59.8234898509 -31.08 398.88 598.08 0 4
-108.360801449 59.8933541901 -47.24 364.32 491.96 0 4
-99.8310830851 59.8996696512 -80.6 362.36 412.52 0 4
-108.433888349 59.904154701 -44.48 356.04 500.56 0 4
-103.368507541 59.926134196 -69.24 401.04 436.96 0 4
-103.314086181 59.9362654471 -69.2 400.16 437.32 0 4
-127.013425313 59.9622670449 -43.72 481.76 531.12 0 4
-125.546472727 60.0454380239 -35.32 477.64 544.72 0 4
-104.027790651 60.0505698424 -68.32 400.56 445.16 0 4
-124.957888912 60.1579019569 -29.04 466.68 565.24 0 4
-134.433266887 60.1633547502 -15.76 279.88 562.28 0 4
-108.085957959 60.1806250097 -51.84 355.92 482.64 0 4
-134.094917802 60.2456333526 -36.44 274.36 497.24 0 4
-129.7800453 60.255335017 -34.04 539.36 550.8 0 4
-120.865940507 60.2823423628 -38.08 399.32 575.04 0 4
-125.969993504 60.3231081643 -44.36 483.6 525.68 0 4
-117.772345546 60.3293919225 -38.44 360.56 568.48 0 4
-117.79430388 60.342043609 -33.2 344.36 588.64 0 4
-130.085571942 60.3721940106 -37 542.96 538.8 0 4
-132.672570162 60.4237783341 -27 339.48 548.52 0 4
-129.261386347 60.4961482196 -40.44 508.6 549 0 4
-110.56685736 60.5161236135 -43.56 337.16 515.28 0 4
-133.647913343 60.5197896487 -26.24 287.24 546.12 0 4
-114.065876668 60.5335965546 -35 332.2 522.76 0 4
-103.412999971 60.5444808329 -75.96 362.52 424.04 0 4
-110.712152303 60.5575814793 -44 335.52 515.44 0 4
-120.613360425 60.635520057 -39.92 381.08 572.04 0 4
-108.800270536 60.6412201661 -54.24 342.4 470.88 0 4
-121.582272996 60.6537013881 -39.56 399.52 573.12 0 4
-103.510407942 60.6766609711 -76.96 357 422.48 0 4
-150.004469331 60.7153979793 5.76 612.36 460.32 0 4
-109.503483162 60.7546969739 -51 331.12 483.28 0 4
-150.787140986 60.7595876235 16.72 540.64 513.52 0 4
-150.488952182 60.7785778525 18.92 541.88 506.28 0 4
-122.716454545 60.779934851 -40.28 425.12 561 0 4
-137.463483547 60.7889581429 -25.8 324.4 600.6 0 4
-133.613637376 60.7990434347 -30.72 288.72 543 0 4
-114.387698273 60.8150507417 -38.96 328.24 501.2 0 4
-128.823269053 60.839570269 -59.44 534.68 478.6 0 4
-117.593763645 60.8520449175 -35.08 315.2 583.52 0 4
-136.819436364 60.8659633439 -32.84 330.16 549.6 0 4
-134.382849377 60.8948114476 -43.48 253.6 492.12 0 4
-113.338135921 60.9171354435 -39 315 514.76 0 4
-132.878167319 60.9390769675 -32.72 316.04 555.44 0 4
-119.700073859 60.9411048803 -34.76 346.32 588.32 0 4
-113.840889058 60.9436345715 -38.68 315.2 506.2 0 4
-122.085154742 60.9472381692 -39.64 403.32 569.04 0 4
-121.95155901 61.0229908997 -37.64 395.12 576.2 0 4
-102.693650919 61.0798552403 -86 328.56 397 0 4
-113.176685714 61.1327849559 -41.28 308.48 509.84 0 4
-121.307667639 61.1922668954 -35.68 375.16 585.36 0 4
-121.175113961 61.2183178006 -36 372 584.52 0 4
-120.4460518 61.2268578987 -33.88 351.4 591.04 0 4
-118.569959236 61.361660292 -34.96 304.88 587.2 0 4
-133.540780671 61.3955494886 -34.96 301.96 538.24 0 4
-125.730277151 61.4032995634 -57.64 481.56 490.64 0 4
-119.917463284 61.42480533 -35.68 335.64 583.6 0 4
-116.463231003 61.4365285634 -41.92 306 528.2 0 4
-117.523325407 61.4576988962 -38.44 289 573.68 0 4
-121.819411869 61.4756963596 -31.08 373.2 595.64 0 4
-120.015650153 61.479446755 -35.96 336.56 581.88 0 4
-134.731449525 61.5083589871 -31.36 275.04 557.28 0 4
-109.484439774 61.6177863563 -63 310 446.32 0 4
-150.33706505 61.6265330134 14.6 519.36 540.24 0 4
-116.698031708 61.7683127029 -44.92 296.72 526.96 0 4
-120.652041406 61.7794872973 -35.12 340.72 583 0 4
-132.624842724 61.9465972341 -46.76 282.36 565.32 0 4
-129.992250154 62.0175224656 -65.08 478.52 480 0 4
-132.060398816 62.028364495 -51.32 297.12 565.6 0 4
-121.561647873 62.0475676905 -38.64 354.12 572.36 0 4
-136.241485636 62.0481451771 -42.12 256.16 572.2 0 4
-110.052876609 62.0750943406 -67.04 297.16 434.36 0 4
-120.765292808 62.0780900123 -46.76 345.08 545.76 0 4
-122.015051777 62.1105661971 -37.6 358.88 574.44 0 4
-133.398274923 62.1967316333 -28.4 348.24 550.16 0 4
-110.376731207 62.3542895181 -69.16 289.72 430.08 0 4
-141.536995077 62.3550669254 -61.4 400.48 504.68 0 4
-146.600869545 62.4443870466 -47.6 302 524.68 0 4
-122.427619859 62.4593814192 -49.8 358.92 535.28 0 4
-135.97742356 62.5019221413 -42.84 270.12 572.12 0 4
-154.603255626 62.5174542778 -30.04 428.36 498.88 0 4
-83.1282077466 62.7979804993 -101 284 311.32 0 4
-132.661271073 62.8807276218 -45.4 328.28 544.24 0 4
-133.827363972 62.9129413486 -49.56 352.32 486.04 0 4
-123.468684913 62.9571689161 -55.88 361.52 520.04 0 4
-133.156411268 62.9671573904 -40.28 346.88 534.36 0 4
-116.802310877 63.0256060973 -55.2 272.44 495.04 0 4
-133.278187737 63.0855764418 -50.24 349.36 496.24 0 4
-138.724150602 63.1323731678 -48.08 289.2 552.64 0 4
-124.985787178 63.1529069753 -67.8 406.84 478.04 0 4
-135.978539552 63.2638037099 -52.56 281.92 534.44 0 4
-138.539174979 63.2683557207 -45.28 299.24 557.36 0 4
-132.515008488 63.287411176 -62.72 335.48 484 0 4
-140.127728077 63.364764591 -83 263.24 487.08 0 4
-136.825967657 63.4043995154 -41.36 294.32 565.28 0 4
-133.269795332 63.4214182772 -50.48 344.68 508.44 0 4
-136.481962566 63.4490156317 -40.8 293.28 572.04 0 4
-144.151160769 63.5222566132 -44.8 280.32 567.8 0 4
-109.794654815 63.5880824506 -94.68 270 365.72 0 4
-132.769174428 63.5990908176 -64.4 339.6 476.04 0 4
-144.014218905 63.6032950079 -38.48 287.24 591.36 0 4
-133.636609433 63.625736248 -45.64 345.64 530.04 0 4
-123.568082184 63.6577417277 -66.04 345.36 485.6 0 4
-119.31246283 63.789320836 -68.08 307.12 446.96 0 4
-143.403012623 63.8031084766 -59.76 236.6 557.8 0 4
-144.198171855 63.8233507477 -40.04 281.84 590.84 0 4
-107.905382782 63.8361649513 -102 256.76 344 0 4
-133.866660337 63.8560663317 -48.04 341.72 525.2 0 4
-134.185575549 63.8646008162 -56.68 335.2 496.84 0 4
-119.218196124 63.8891233824 -61.12 286.72 465.12 0 4
-123.671077794 63.9031324381 -56.92 332.4 507.52 0 4
-152.706705604 63.9546827334 -38.92 341.24 485.24 0 4
-144.671410829 63.9736119707 -36.96 303.68 594.4 0 4
-122.459821236 64.018002451 -66.96 317.24 471.48 0 4
-156.639789889 64.0458450839 -47.68 393.64 456.76 0 4
-142.193497903 64.0935738863 -66.96 214.52 549.16 0 4
-142.488960009 64.1741638545 -68.4 211.36 546.36 0 4
-154.504521952 64.1921382953 -48.84 392.6 484 0 4
-155.994825621 64.206299592 -51.76 397.04 461.8 0 4
-153.243089957 64.2156313504 -54.72 364.04 466.08 0 4
-156.746554208 64.2591440465 -50.76 382.68 446.8 0 4
-134.768391907 64.2969214404 -61.76 324.32 488.36 0 4
-145.1215063 64.3054150816 -47.96 298.04 558.32 0 4
-148.635313454 64.3404065305 -33 323 544.32 0 4
-140.21112821 64.3523281499 -60 287.92 549.72 0 4
-145.741718956 64.3615948213 -37.84 309.12 543.4 0 4
-148.113367842 64.3823611789 -30 323.04 547.52 0 4
-151.745944978 64.4589582937 -39.6 356.32 517.12 0 4
-141.117870811 64.4858749206 -74.36 249.12 512.84 0 4
-152.984884837 64.4891598724 -45.44 351.44 496.24 0 4
-149.657442083 64.5850889439 -37.64 352.88 545.56 0 4
-125.383109525 64.6721997707 -64.56 343.64 489.16 0 4
-147.202616884 64.7032137251 -35.52 351.2 529.96 0 4
-122.554033664 64.8152189839 -69.96 293 448.24 0 4
-140.884172894 64.9237413842 -65.52 271.68 528.52 0 4
-119.922313221 64.9254372723 -72.2 274.8 413.6 0 4
-145.748133852 64.9415322477 -51.6 273.76 527.92 0 4
-148.565583733 64.9568634682 -51.72 293.92 512.2 0 4
-120.434187969 64.9633273375 -67.44 267.32 429.92 0 4
-125.448244799 64.9958241664 -61.24 327.6 495.48 0 4
-156.492672383 65.0699369213 -55.72 354.4 438.28 0 4
-102.379503152 65.1999682166 -127.72 194.2 279.52 0 4
-120.988792411 65.4532287865 -81.88 269.24 389.84 0 4
-100.64484256 65.5160051803 -135 183.04 268.52 0 4
-128.117217911 65.5572810701 -68.6 319.68 513.04 0 4
-153.844083392 65.887544711 -68.44 438.84 478.72 0 4
-133.821450458 65.8899848825 -65.96 330.28 480.12 0 4
-134.538948372 65.9332168534 -60.28 337.52 488.88 0 4
-146.618249398 65.9911148583 -53.68 253.36 522.96 0 4
-150.213082292 66.0138074017 -53.16 322.88 531.88 0 4
-150.363180798 66.1094061877 -58 324.52 516.64 0 4
-145.790058042 66.1348198761 -55.36 215.6 533.44 0 4
-142.390291334 66.2529227913 -70.96 208.12 496.88 0 4
-153.38712015 66.3562766489 -77.24 399.76 478.84 0 4
-142.343167336 66.4317740487 -72.64 205.76 487.84 0 4
-125.072624269 66.4916815344 -88.56 266 394.28 0 4
-143.239637736 66.5519175675 -73 190.72 484.76 0 4
-155.69541367 66.5824840722 -77.72 329.56 403.68 0 4
-151.619159327 66.8900902202 -58.32 338.08 480.36 0 4
-160.307210537 66.9582607159 -64.12 252.52 321.96 0 4
-145.383750545 67.0072028254 -68.2 177.84 491.08 0 4
-125.480072897 67.1907078653 -96.16 241.4 361.2 0 4
-133.594035548 67.4893763337 -82 285.16 429.84 0 4
-135.011647513 67.6714354787 -86.72 284.56 396.4 0 4
-138.577965739 67.6954939605 -98.56 249.16 380.08 0 4
-68.247873576 -54.2587602525 43.12 458 548.2 40.605 3
-71.3192259467 -53.5524740166 44.88 847.16 524.48 56.5899 3
-71.2702406833 -53.4983864792 48.4 772.36 533.44 71.9475 3
-73.2309342193 -51.5168727271 58.5294 1207.29 622.882 28.3333 3
-73.6665353967 -50.5539293439 53.28 1796 593 19.3238 3
-72.7271425788 -47.8316784833 60.28 769.76 667.56 42.9775 3
-73.1075629558 -47.1478054875 63.84 1278.4 642.32 49.4775 3
-74.6123300242 -45.7292609957 79.16 2286.08 568.84 66.8242 3
-73.2045487027 -45.7271158939 81.08 2318.16 652.72 66.5725 3
-72.4509705689 -44.0191112607 100.04 2323.16 807.88 65.6525 3
-71.4389990653 -42.6325009174 63.48 720.4 883.24 11.8775 3
-71.3557770361 -42.0019250521 66.76 769.56 920.16 32.37 3
-71.1584951017 -41.7610144082 67.52 653.04 928.32 9.3 3
-71.8705495043 -41.4878112659 67.48 1661.28 880.2 73.1146 3
-72.82743675 -39.4408888708 111.24 1899.52 1012.52 65.925 3
-71.752969703 -38.938590571 81.56 1812.24 1033.6 64.595 3
-71.3566021071 -38.9012974742 63.96 1144.64 994.44 49.0975 3
-42.8740290123 -13.3239627643 229.84 822.12 1743.84 25.155 3
-41.2235774163 -13.183731295 193.4 951.16 1511.64 22.395 3
-44.2362168955 -11.855548065 248.2 963.44 1975.56 27.9525 3
-44.0513324072 -11.713801551 249 913.4 1979.84 15.1275 3
-45.9554169948 -11.2481306886 235 1266.8 1836.36 4.1825 3
-45.1738398582 -11.2450126623 235.92 898.36 1939.52 17.59 3
-44.173338629 -10.9392351669 243.72 1011.08 1999.28 28.94 3
-42.7249745496 -10.2599654423 259.72 665.36 2005.16 14.6325 3
-45.0806514496 -10.2205612507 239.2 1004.32 1911.64 29.115 3
-44.2218892573 -9.91789392251 255.6 935.96 1966.8 17.205 3
-42.927801945 -9.82977720434 261.08 671.84 1994.24 27.3 3
-43.0174619251 -9.0525003258 252.96 801.76 1969.76 26.3725 3
-44.3631516455 -8.99763705485 265.36 1007.6 1887.32 16.3825 3
-41.5547004262 -8.76557083231 259.12 519.24 1944.6 5.8175 3
-45.5118174448 -8.59369489585 255.04 1183.72 1843.88 20.18 3
-43.9828894646 -8.42482861508 264 948.88 1890.8 36.5075 3
-39.871026809 -8.3834955589 247.12 478.84 1790.16 3.3225 3
-41.554125877 -8.38190445258 263.16 561.88 1931.2 11.9625 3
-41.3393998754 -7.91883943371 266.28 670.16 1833.04 7.3175 3
-40.9096645462 -7.65474689757 254.84 606.16 1769 4.4725 3
-40.9769042879 -7.51933720305 259.64 620.6 1796.92 5.7475 3
-39.3995792172 -7.09505453355 253.4 1086.52 1721.28 14.4422 3
-43.8854161728 -6.94193086731 270.04 1010.2 1822.04 26.835 3
-39.7855697206 -6.77014389381 252.36 722.56 1705.88 9.3225 3
-39.2492584663 -6.7171124231 262.16 1018.04 1758.96 15.71 3
-39.805132831 -6.10573495262 244.56 753 1654.56 11.43 3
-39.775816812 -5.98228618181 258.72 769.32 1717.92 12.8275 3
-41.9942091689 -5.75955705681 267.56 1195.76 1864.32 10.6675 3
-37.4132783619 -5.66637545938 273.84 718.8 1774.88 13.7925 3
-41.6623237105 -5.12917333111 265.12 1083.36 1863.52 11.8275 3
-42.090639717 -4.97863592104 267.12 1320.88 1872.32 6.705 3
-47.2720090289 -4.5959635623 258.88 1356.04 1793.72 15.3425 3
-40.4909944496 -4.4727271284 261.96 856.4 1772.24 10.1125 3
-42.2654975355 -4.43416816091 269.48 1548.12 1886.76 12.3275 3
-39.435927855 -4.28553908398 255.36 740.72 1613.88 9.7825 3
-41.8235773083 -3.92893051659 272.64 1465.92 1875.6 23.7025 3
-40.1822525531 -3.7247402037 273.52 767.76 1873.44 10.7475 3
-41.2820841417 -3.02274336873 277.28 1054.76 1864.68 18.9355 3
-65.7669244089 -54.7208339157 53.76 496.32 567.92 28.665 2
-65.6175088735 -54.696531197 53.36 502.56 568.84 27.6214 2
-71.6933554297 -54.0470017142 54.3125 1313.06 517.438 21.9634 2
-73.6460487496 -51.2084559568 47.56 1805.56 567.8 1.23263 2
-73.8360465967 -47.8802381274 68.88 2257.72 607.2 50.7027 2
-73.2322314186 -46.2738102389 72.32 1858.8 640.56 74.2375 2
-72.8091317671 -45.8786238158 46.72 1552.32 615.68 44.1725 2
-71.1112472686 -45.5867738193 66.52 344.16 788.6 9.5925 2
-72.3911678384 -45.2518551475 44.96 1435.36 645.84 46.085 2
-72.2302540736 -44.4470652884 47.72 1436.2 691.68 61.5975 2
-72.7644865397 -44.2325049056 44.04 1935.92 644.08 30.055 2
-71.6440231141 -43.8897115918 41.56 809.88 740.36 37.1225 2
-71.7738917756 -43.7301560654 68.44 1210.76 816.88 59.15 2
-71.8879704865 -42.2892810664 74.04 1371.04 897.64 59.2275 2
-62.8638327491 -39.3704110789 152.12 413.56 1312.6 10.875 2
-73.1990153402 -39.2791526023 123.68 1877.08 1018.92 39.8375 2
-70.8008303884 -39.2477468366 79.12 525.16 1073.36 6.5775 2
-68.087222841 -38.8866131797 140.68 167.28 1362.2 3.0575 2
-73.4278005716 -38.4340007922 114.76 1341.52 1037.64 66.21 2
-70.5909455696 -37.6613587038 98.76 602.16 1222.48 8.25 2
-71.495867744 -36.9233902436 70.08 1224.64 1042.04 39.45 2
-71.2317367237 -36.7610427801 91.08 1117.8 1149.32 29.88 2
-71.2227695691 -36.5544951081 88.76 1098.2 1140.24 20.4575 2
-55.8960520239 -34.2618413953 170.56 1206.6 1275.36 13.775 2
-58.3036772134 -33.5938147062 170.12 827.92 1291.56 12.525 2
-55.9369011922 -32.7367349718 177.84 1152.28 1382.12 17.9873 2
-64.9434723625 -32.6608951955 125.08 681.92 1284.84 10.5 2
-58.5810067475 -32.3162984388 181.52 1104.56 1413.72 18.685 2
-58.540115136 -32.306860319 181.32 1110.24 1414.2 30.3925 2
-64.5701496585 -31.4519073485 161.52 649.64 1429.8 14.395 2
-65.2140320865 -31.1681571325 165.16 551.8 1441.16 6.3125 2
-63.0006918335 -30.098881584 191 839.56 1575.8 10.385 2
-64.3673500223 -29.8735839222 198.8 587.08 1610.2 5.3625 2
-58.8778909423 -29.536595179 200 1089.84 1485.08 26.645 2
-62.6945491998 -29.2105964623 201 775.16 1658.8 9.255 2
-52.2002874977 -29.071312919 180.8 1512 1290.96 61.4575 2
-65.0841772756 -28.9716527595 206.04 466.76 1634.76 8.9025 2
-60.8078592556 -28.830574454 204.92 1026.32 1627.2 14.0594 2
-63.7751799536 -28.8287191433 206.8 617.4 1690.96 7.505 2
-63.2588202117 -28.749212825 207 644.92 1708.48 16.995 2
-62.5999864729 -28.6974630439 207.44 716.32 1714.36 16.5975 2
-56.3307979553 -28.4808590385 209 1529.08 1538.32 15.8825 2
-56.2838658657 -28.4179581898 208.96 1536.72 1539.92 34.1225 2
-59.7459432075 -28.35415959 206.92 1142.92 1557 40.865 2
-64.9860085266 -28.2611847779 196.92 593 1589.32 9.095 2
-54.4581392963 -28.0950592292 200.28 1839.76 1505.88 17.4875 2
-61.4406886406 -27.9638875448 214 911.68 1729 13.1463 2
-58.0173858651 -27.9558366219 216.04 1281.56 1563.08 27.1011 2
-50.0047004933 -27.9449326155 141.2 1631.84 1151.48 63.7175 2
-49.9229616402 -27.7174566068 164.6 1503.72 1258.92 59.125 2
-62.1299775904 -27.4551334403 215.52 722 1752.16 17.5375 2
-51.89749434 -27.4285535356 188.2 1731.88 1405.2 28.5872 2
-61.2049798421 -27.3189774339 217.96 937.8 1748.88 11.825 2
-63.6834698475 -27.1278789696 212.68 608.36 1715.84 30.8025 2
-62.5912191943 -26.896089449 217.04 622.56 1757.08 36.125 2
-61.3730656822 -26.7859457808 219.64 832.84 1749.24 27.1625 2
-52.5728885265 -26.744887533 185.72 2106.44 1500.68 28.34 2
-63.4890083342 -26.6315749004 214.92 622 1717.84 27.805 2
-60.5736073965 -26.4658887124 217 965.88 1702.44 34.2 2
-61.5772028897 -26.4217449574 221.76 746.52 1755.32 44.09 2
-65.4704036238 -26.260884014 171.68 460.16 1383.92 56.005 2
-62.7404517993 -26.2203941639 219.96 604.88 1752 25.665 2
-64.5047424725 -26.1523006799 202.16 739.64 1598.16 28.9525 2
-62.927123545 -26.0570160247 219 611.32 1746.68 22.4575 2
-60.8118565965 -26.0562090128 220.24 938.6 1711.36 27.2325 2
-50.6577380344 -25.8334650094 170.84 1506.92 1393.72 33.5325 2
-64.1056135596 -25.784434898 212.04 661.28 1669 40.6225 2
-61.669316257 -25.7537524926 223.08 709 1751.72 22.0875 2
-50.5711462457 -25.2551755401 178.8 1482.24 1404.16 30.9075 2
-61.7862404209 -25.177114249 223 704.08 1750.08 26.52 2
-61.0603969278 -25.1682927061 223.04 825 1729.36 33.2 2
-64.0807037294 -25.0986051875 216.04 591.28 1691.6 26.4825 2
-61.8817941824 -24.8969237378 224.08 688.32 1757 25.755 2
-62.2629659465 -24.8409765037 225.28 665.32 1769.16 22.26 2
-61.7331490506 -24.7056080366 225 699.2 1757.68 33.8825 2
-64.9993074019 -24.5280573213 195.08 505.36 1578.52 17.57 2
-59.6946020059 -24.4994820278 228.84 897.48 1733.8 17.765 2
-64.2496287816 -24.1197677873 194.8 785.32 1589.12 59.2475 2
-63.6160342822 -24.0933785821 226.92 754.48 1732 20.3425 2
-61.6411640775 -24.0138775601 229.2 666.96 1771.64 23.9825 2
-63.392898876 -23.9803846413 229 740.68 1751.72 21.7125 2
-60.0236979628 -23.9266965055 230.52 759.36 1749.32 22.2225 2
-61.9610500212 -23.9209892591 230.96 664.32 1778.32 25.4475 2
-62.9976982356 -23.6560825542 230.16 719.16 1766.28 11.98 2
-57.9442508614 -23.616584409 237.88 1174.08 1701.28 29.0325 2
-60.1236850292 -23.5678873431 233.32 679.88 1759.28 20.7575 2
-59.8347763766 -23.433298093 235 739.04 1761.52 13.465 2
-59.9984044251 -23.3693402423 235.2 697.52 1766 37.3875 2
-62.1272927995 -23.3079703586 231 565.8 1772 21.48 2
-60.2584134 -23.2304355753 236.08 632.28 1772 8.4725 2
-62.5662075595 -23.2249153733 230.6 625.2 1762.96 21.3075 2
-60.3782556096 -23.1897158429 236.44 616.04 1774.12 35.585 2
-60.5942277906 -23.0416228602 238.84 616.28 1785.24 19.8975 2
-60.2040554136 -22.885209621 241.12 658.72 1789.4 31.675 2
-52.2068420247 -22.8776255281 214.52 1278.36 1607.2 10.485 2
-62.4371382789 -22.838599006 230.04 527.44 1750.84 8.8275 2
-44.7225701701 -22.7533358187 140.2 1844.84 1255.48 29.16 2
-43.6819904812 -22.5555491931 209.64 1479.76 1461.92 49.5675 2
-61.4435006905 -22.185941858 238.96 615.64 1787.76 22.1225 2
-59.0854225187 -21.9958969796 248.36 798.12 1771.08 10.68 2
-64.0111121923 -21.9928769167 193.6 900.24 1639 68.69 2
-62.4187787811 -21.9589162135 233 573.16 1752.96 21.7725 2
-62.1199940789 -21.8536195242 235 541.44 1766.04 20.075 2
-58.8870346766 -21.7319398726 250 889.32 1765.52 18.24 2
-58.8241336055 -21.722311725 250 923.6 1761.4 13.4875 2
-61.6570882624 -21.7168629841 237.68 591.56 1780.12 26.975 2
-61.3913057895 -21.3534478474 238.88 644.4 1785.32 27.235 2
-59.8920222795 -21.277319755 251.84 711.32 1817.68 17.87 2
-61.1671611987 -21.0544539182 243 612.52 1799.32 36.63 2
-43.4565444461 -21.0252207019 204.8 1400.28 1502.28 21.575 2
-64.1517324302 -20.9935958862 217.4 830.28 1712.08 67.9725 2
-62.0593721187 -20.9910347212 239 451.2 1779.6 16.915 2
-60.3099852687 -20.9525955908 250.16 667.64 1823.84 18.6575 2
-62.784786369 -20.7941803485 236.68 560.32 1777.08 19.93 2
-60.5889116686 -20.7877816351 249 623.08 1823.56 25.515 2
-60.9607839405 -20.7590137304 246 580.84 1811 31.2975 2
-42.189335836 -20.6011231645 195.16 1298.68 1577.12 17.5525 2
-56.5879559781 -20.3191668762 249.56 1314.48 1719.48 46.895 2
-63.5876318105 -20.2921010347 199.24 818.64 1634.12 54.6325 2
-43.8843874665 -20.2808540678 178.44 1552.12 1436.2 18.18 2
-62.2373930676 -20.096673028 243 481.36 1804.36 28.235 2
-60.6613342887 -19.9981876946 249 582.72 1834.2 22.42 2
-56.0667177879 -19.7958051921 251.08 1363.04 1732.44 19.83 2
-60.5286161095 -19.7124116597 249 640.36 1835 44.8425 2
-59.9698870482 -19.5952006997 249.56 802.12 1840.4 40.635 2
-62.1729699121 -19.5827644189 247.2 504.4 1826.56 16.155 2
-54.4640682173 -19.0799332703 246.92 1489.04 1730.2 13.98 2
-42.7916355306 -19.0791231686 214.52 1380.96 1602.8 42.6091 2
-64.0166092725 -19.0593087493 209.48 1004.8 1588.6 71.6575 2
-62.302281193 -18.9950260429 249.4 544.6 1833.28 15.4125 2
-42.3480925985 -18.9737809345 231.68 1194.88 1663.4 29.8875 2
-44.9560007744 -18.9668041818 224.6 1210.2 1705.68 12.165 2
-47.904534804 -18.7244744785 206.28 1517.96 1525.48 35.56 2
-49.8412930799 -18.7188603852 245.6 1438.16 1754.08 8.1525 2
-43.4526170039 -18.5017818954 193.68 1475.12 1475.44 10.1125 2
-62.3140730018 -18.4659811686 247.16 645.92 1817.04 19.21 2
-61.6453186968 -18.176043321 248 754.12 1824.12 33.4625 2
-62.4355364344 -18.1018298671 247 753.48 1800.48 27.02 2
-62.3561867468 -17.9462990131 247 786.88 1807.28 14.8125 2
-61.8342917654 -17.754024063 246.56 832.16 1819.44 35.425 2
-42.1614642889 -17.7186600358 197.72 1133.92 1536.48 49.395 2
-61.8057419 -17.6914714749 246.32 856 1819.68 26.0525 2
-41.7677740828 -17.2979842814 203.72 1028.32 1578.12 42.22 2
-43.2524357345 -17.2725468199 220.24 1003.96 1666.52 17.22 2
-55.9550857841 -17.0191538045 261 1290.8 1789.08 52.38 2
-56.231334393 -16.9936384251 261.84 1265.32 1787.24 65.2175 2
-42.9550267745 -16.8943008626 216.24 959.12 1675.92 25.9 2
-62.4442416443 -16.7649594272 245.68 1008.12 1761.52 20.1575 2
-56.5808708058 -16.7148483155 262.04 1240.44 1790.2 29.64 2
-61.0160408546 -16.6003992273 232.36 1178.6 1849.16 30.2175 2
-55.3842024149 -16.4839829521 257.16 1390.64 1792.4 41.81 2
-56.0866163526 -16.1050662756 261 1271.88 1777.48 12.8375 2
-58.1066967765 -15.9979344058 257.68 1387.88 1854.04 15.19 2
-59.5759654162 -15.9468757824 245.4 1483.08 1829.2 21.625 2
-57.0453545577 -15.2103818711 254.56 1455.84 1781.56 33.5175 2
-44.8921086164 -14.8152311725 232.32 1058.8 1778.6 21.15 2
-58.7863772819 -14.7690582602 227.44 1565.84 1780.12 12.605 2
-59.2479200476 -14.6567569094 221.12 1613.92 1758.44 41.03 2
-56.6811684431 -14.6169003114 260.44 1659.88 1864.48 34.59 2
-55.9820929563 -14.5047279806 249.84 1588.6 1791.88 18.745 2
-55.8390360523 -14.4793631218 242.28 1642.32 1778.12 18.875 2
-55.428655426 -14.4022287534 242.08 1641.04 1798.16 19.39 2
-50.1878909208 -13.8998046518 263.04 1516.16 1768.2 35.3325 2
-46.9321455924 -13.6947189467 250.24 1340.52 1668.8 20.4575 2
-58.5544910146 -13.5104668876 231.76 1951.64 1816.96 11.7325 2
-60.04734402 -13.1653582716 215.76 1957.04 1701.36 57.7725 2
-52.1233451147 -12.5758375807 255.32 1684 1899.32 11.345 2
-50.4110654943 -12.5364947139 271 1652.04 1857.44 46.295 2
-49.6911789527 -12.0718453585 270.8 1598.6 1852.16 12.4045 2
-52.496896966 -11.2922769752 254.24 1780.8 1933.48 11.395 2
-52.104133004 -11.1770949192 262 1673.64 1939.64 39.2443 2
-48.4579250129 -10.4873894623 268.4 1669.08 1853.36 13.6775 2
-48.1048830893 -10.4274814021 242.28 1703.12 1772.24 26.4825 2
-50.8028804923 -10.0146847829 267.8 1804.12 1921.32 30.8525 2
-53.2152949988 -9.96579488844 252.8 2313.88 1952.4 67.7658 2
-51.2318758003 -9.91711265692 263.32 1822.84 1920.48 22.025 2
-49.6057167999 -9.89186038783 269.2 2134.68 1898.2 22.49 2
-47.8097062766 -9.61761161915 265.24 1649.2 1874.28 25.5025 2
-49.7287775319 -9.56900702679 267.92 2127.28 1908.2 27.9175 2
-48.3959704493 -9.23174632371 264.92 1857.76 1876.16 12.0775 2
-49.6195095029 -8.91289292565 265.2 2046 1919 44.5625 2
-49.5390079754 -8.77875797986 264.56 1990.68 1919.04 31.0741 2
-50.3870341213 -8.73324753474 261.48 1736.48 1915.16 23.208 2
-48.3727247266 -8.57826733847 264.04 1837.64 1873.08 59.1775 2
-49.8240885137 -8.16456879814 258.56 1811.6 1896.84 19.0875 2
-47.1051621366 -8.139841887 257.76 1468 1811.04 26.4175 2
-50.1637163153 -8.01782486985 256.96 1917.4 1887.8 24.2675 2
-50.6083621181 -6.98916580058 240.08 1962.72 1784.44 36.495 2
-48.457696858 -6.3527975282 262.16 1565.44 1790.28 28.0732 2
-49.6392721172 -3.03312402231 271.24 2442.6 1782.76 49.1993 2
-51.2838194252 0.19406257891 269.96 2286.08 1547.56 20.1075 2
-60.066658042 2.33472483251 270.88 1681.28 1713.2 30.59 2
-66.5700194728 4.40137444184 274.88 2956.8 1857.04 22.39 2
-72.6322476966 7.12805011538 118.16 1139.08 1099.72 32.03 2
-72.2505240875 7.19061744275 197.48 3000.08 1450.56 62.3175 2
-70.2827754768 10.9235162634 240.12 748.36 1549 43.325 2
-100.157663125 17.7750485907 236.36 1192.36 1774.32 16.3625 2
-100.655229864 17.8567426235 223.08 1332.88 1703.8 22.43 2
-99.8410425603 18.031702478 253.88 985.88 1920.6 18.9225 2
-98.782553393 18.1415776804 239.6 830.76 2010.2 14.43 2
-101.966080023 18.33440425 264.32 726.44 1980.96 12.1975 2
-100.556358349 19.1075344864 258.44 1075.56 2030.16 14.3275 2
-100.457746325 19.222443037 218.44 1056.76 1815.48 13.5025 2
-98.2704484572 20.3810882218 162.04 1717.8 1429.92 49.435 2
-102.822842983 20.4048817844 197.28 860.72 1730.6 12.9675 2
-101.888838037 20.7044646577 201.36 754.8 1757.16 8.8925 2
-77.7618446094 20.7310657896 258.96 1326.08 1670.4 42.92 2
-104.72978443 20.9985951883 242.28 909.28 1880.04 13.1125 2
-103.172576835 21.0126001061 185.88 859.84 1736.48 13.575 2
-99.4029388404 22.1327258897 216.8 1124.28 1640.32 52.5925 2
-80.5782468266 22.1791832709 251.12 1379.88 1612.04 35.1225 2
-104.535067479 22.5125383652 226.52 832.28 1773.64 9.24 2
-99.0027914966 23.180802588 242.68 899.84 1742.88 47.35 2
-106.414771885 23.2993444086 246.76 801.72 1525.2 16.9775 2
-106.477981765 23.4143994024 249 793.2 1578.28 6.5525 2
-110.064594901 23.4159782363 220.28 345.52 1680.24 6.215 2
-106.796434125 24.0022423792 254.08 626.16 1838.72 8.9525 2
-107.018773046 24.7678817056 250.72 877.16 1918.84 13.4525 2
-106.996239334 24.9287384875 248.2 1026.48 1934.04 16.51 2
-107.381680187 25.0621397926 247.28 866.88 1916.88 11.5846 2
-107.525018578 25.2199111519 237.08 967.24 1867.56 12.595 2
-108.175227504 25.7218090444 247.56 566.6 1972.48 7.52 2
-108.518932553 25.8149001186 249 490.4 1978.4 3.13 2
-108.119765144 26.0807505044 236 914.52 1936.8 12.83 2
-108.342375892 26.2512229973 239.32 820.4 1981.88 7.11 2
-108.762026998 26.6881415004 242.88 581.76 1996.56 8.7175 2
-109.61914982 26.936023168 240.16 309.16 1899.68 3.3975 2
-109.410287504 27.4056467628 248.84 523.36 1979.12 9.7875 2
-110.168757454 27.9368335042 242.64 411.52 1794.84 14.7325 2
-109.827621983 28.1470893235 247.64 459.28 1952.4 15.575 2
-109.746328615 28.2506674432 235.24 584.88 1895.8 11.2725 2
-109.516994057 28.3528948427 240.68 577 2007.64 8.37 2
-110.104224956 28.882510126 237.04 486.68 1831.48 9.71 2
-108.829617254 29.0326879189 181.44 670.28 1655.24 17.7775 2
-109.358140474 29.0508492544 223.84 534.52 1894.16 13.315 2
-107.979945958 29.4620998574 114.12 627.64 1393.28 21.155 2
-109.451259821 29.9867243151 204.68 484.84 1808.8 13.235 2
-110.73343442 30.1649059761 192.32 501 1677.72 10.75 2
-95.8416523128 31.4258751912 190 1041.72 1484.76 36.3 2
-91.0129029603 32.387345853 181.08 1403.12 1396 25.7228 2
-84.6747427091 32.7557130465 168.56 1316.92 1392.28 46.8675 2
-88.7913001278 32.7921948812 169.68 1417.16 1391.44 50.4375 2
-87.7909148665 32.9068708284 173.6 1382.28 1407.4 52.6819 2
-88.2837993528 33.1806888547 169.64 1392 1394.96 51.5869 2
-79.7545080698 33.4993215459 175 1260.12 1391.12 40.19 2
-86.6809297049 33.7670165389 161.56 1410 1354.64 47.9475 2
-90.9814974363 33.9244331445 167.4 1324 1310.88 25.6775 2
-95.1042897875 34.0665050332 169.28 1227.84 1398.72 20.1525 2
-87.1102429311 34.1171931648 154 1472.6 1338.64 44.6237 2
-88.5428988536 34.2132275473 163.2 1421.84 1362.72 19.6275 2
-88.4661879694 34.2457214547 162.44 1437.96 1375.04 39.28 2
-88.2510226478 34.2974434696 158.56 1451.68 1377.96 53.55 2
-95.7301851803 34.5568602624 161.4 1194.48 1322.92 29.9025 2
-93.7823321362 34.5782397148 150.56 1400.32 1342.84 54.3325 2
-95.6728389021 34.6686118564 161.92 1184.76 1324.52 33.0175 2
-87.8827971528 34.6979513705 151.44 1433.76 1333.64 50.97 2
-81.7580003028 34.7878067308 155.12 1246.16 1344.88 46.9825 2
-91.3910820444 34.8848292539 162 1272.24 1291.8 29.4675 2
-95.0921446295 34.8893373657 162.36 1213.04 1388.16 32.5675 2
-88.3967652732 34.9162312993 154.56 1421.96 1338.16 40.5425 2
-89.4322287088 35.0004820695 155.28 1365.24 1287.2 20.65 2
-81.3930810638 35.0177229 152.72 1232.8 1317.68 46.22 2
-93.8017643232 35.1242386065 158.2 1091.64 1380.88 25.4 2
-91.9288172809 35.1698293602 156.56 1306.12 1296.88 16.8025 2
-87.6895649083 35.2263061373 141.92 1458.56 1302.6 52.955 2
-93.342629869 35.3895730555 153.6 1183.72 1350.64 30.04 2
-85.6952489865 35.5022192632 140.84 1435.8 1240.68 40.975 2
-85.8378960018 35.5523623185 141.88 1427.84 1252.44 14.16 2
-92.9232839954 35.5694245712 146.04 1223.6 1300.12 67.2575 2
-93.4855667971 35.5938402219 142.92 1217.84 1260 63.6325 2
-95.0176076622 35.6008436495 156.4 1136.04 1317.32 29.8535 2
-96.2783849595 35.6207553539 158.16 979.6 1345.32 18.9825 2
-84.7496634579 35.6284758193 139.48 1418.4 1277.36 38.5839 2
-90.906881929 35.6420844828 158.96 1224.64 1298.6 2.035 2
-87.8230734184 35.6673477755 141.64 1400.72 1320.24 40.905 2
-87.5952351298 35.6787070124 139.88 1404.56 1320.88 53.6475 2
-93.1547490225 35.9639578401 139.8 1189.92 1231.04 57.7525 2
-84.1964654501 35.9883698598 139.56 1339.52 1237.16 35.086 2
-87.0666868392 36.0188091695 138.48 1326.32 1283.8 48.74 2
-93.6296871632 36.1115975217 137.56 1170.48 1211.88 43.5425 2
-84.5691342756 36.225191312 118.76 1458.92 1141.88 74.48 2
-84.4423953424 36.318237174 123.6 1401.2 1182.72 64.1925 2
-95.0502275796 36.4211699718 152.12 1088.76 1281.76 26.1108 2
-84.7372311014 36.4741666073 124.64 1372.92 1178.2 65.1925 2
-85.48890539 36.6073215924 135.88 1344.12 1252.4 59.815 2
-83.7363327517 36.6456111223 124.76 1320.8 1206.52 51.945 2
-77.1558540219 36.6705122362 145.2 1164.08 1247.16 20.7475 2
-84.2475611076 36.6994448431 123.88 1330.76 1195.4 48.7775 2
-93.4219826284 36.812075545 129.88 1103 1239.92 44.905 2
-93.4176504326 36.8520295576 129.68 1100.72 1234.56 36.905 2
-82.5868844877 36.8547578452 107.4 1235.68 1074.12 71.0275 2
-83.2403191358 36.8742023987 119.32 1276.48 1162.04 58.9225 2
-83.6595297187 36.9335436924 121.72 1301.48 1187.72 62.1975 2
-85.5594815403 36.9727821941 133.96 1344.92 1212.8 46.71 2
-83.7391544457 37.0250639123 123 1283.6 1194.4 71.7225 2
-91.3064745957 37.06911439 129.72 1138.44 1257.76 60.85 2
-82.8500597916 37.1929361849 123.04 1150.92 1194.88 55.89 2
-82.2986546602 37.207297719 121.6 1144.6 1186.72 54.56 2
-76.6361375343 37.2307655257 144.889 1125.5 1145.06 36.1048 2
-81.5518465284 37.2314348296 110.16 1081.64 1140.04 46.4275 2
-90.8655720442 37.2472093736 131.04 1139.28 1272.12 56.2725 2
-83.4700671908 37.2472344795 122.52 1251.52 1195.76 73.7275 2
-81.3271960092 37.3246079148 107.92 1021.8 1113.6 52.18 2
-92.4001927126 37.3476797838 127.56 1075.36 1226.72 26.695 2
-84.0631370351 37.381756237 122.4 1257.24 1156.4 67.325 2
-77.2280714513 37.3883851116 143.52 1111.84 1228.16 44.445 2
-82.0851998616 37.4041418379 119.92 1158.4 1187.48 60.9775 2
-91.1711552444 37.5582431556 129.64 1085.04 1232.4 66.9475 2
-93.0612627075 37.6036604337 131.32 1077.72 1209.12 27.3825 2
-82.2009166469 37.6198521632 123.4 1169.32 1214.68 55.5975 2
-79.1856744033 37.6236827201 123.6 1100.04 1163.64 62.3425 2
-86.7210614453 37.7438761826 131.08 1221.12 1180.56 38.005 2
-89.4494823406 37.7593043069 130.72 1125.12 1194.68 38.1319 2
-90.6653593552 37.7687187949 125.24 1085.92 1212.48 45.05 2
-83.1882835954 37.7777724182 122.56 1164 1222.44 55.7225 2
-81.679410345 37.8204217235 107.04 1212.24 1099.92 69.8925 2
-92.2546591687 37.9290753256 128.4 1069.48 1226.92 28.765 2
-87.7159601077 37.9375128766 134.28 1126 1177.76 20.535 2
-92.4949157953 37.94106357 131.44 1056.44 1239.8 33.269 2
-81.9486285282 37.9674832224 119.52 1180.56 1168.92 65.29 2
-93.1032688586 37.9931083679 129.48 1056.08 1201.88 48.0425 2
-80.2942826636 38.1276923168 88.28 1287.04 1021.84 61.0175 2
-81.2335944495 38.2415618052 113 1168.44 1126.16 46.565 2
-86.4385622565 38.2776068781 123.76 1176.64 1153.24 35.2225 2
-92.4448887164 38.2961905475 129.48 1016.12 1202.56 38.855 2
-90.5544371785 38.3155762188 123.84 1007.84 1202.96 36.79 2
-85.9207215474 38.3285920083 124.4 1158.2 1141.84 20.465 2
-83.5839046021 38.3483475929 119.24 1144.36 1164.72 41.815 2
-86.5233380862 38.3638365407 121.24 1182.96 1144.48 45.5225 2
-92.2607879184 38.3831396406 128.68 1000.4 1191.6 36.9749 2
-81.3389992272 38.399331348 117.56 1154.92 1147.8 66.1725 2
-79.7993113569 38.4860148044 90.04 1217.36 1026.64 52.82 2
-82.2101397412 38.5484404663 119.88 1078.8 1167.04 58.3825 2
-80.7942648956 38.5502869383 113 1228.4 1162.6 65.8775 2
-92.9874831178 38.5570594476 122.8 1031.28 1151.92 37.045 2
-81.0878798401 38.6263509367 113.68 1188.88 1157.68 58.19 2
-85.4120093203 38.6521527171 123.72 1139.4 1154.12 28.532 2
-81.5514171478 38.6636980522 117.8 1122.56 1165.12 51.625 2
-79.4720091811 38.6654821305 85.64 1131.4 991.76 41.3725 2
-86.5762972638 38.6793450772 118.24 1159.92 1144.36 37.865 2
-81.52010964 38.690269633 116.6 1127.96 1164.52 43.575 2
-91.5484101433 38.7414575959 122.16 996.92 1179.52 39.735 2
-79.9877382722 38.7849964755 88.08 1374.92 998.48 66.24 2
-78.9794305948 38.9512150465 103.92 939.12 1121.84 65.555 2
-81.4187352674 38.9598256101 113.72 1109.48 1150.8 53.25 2
-86.7067950784 38.9780894173 118 1134.2 1122.96 34.6375 2
-80.8033635825 39.0041539688 112.44 1171.8 1165.56 45.9925 2
-81.961887191 39.011646776 116.48 1049 1160.96 36.8889 2
-77.9599113476 39.0166752415 112.32 1016.68 1085.52 64.2575 2
-84.901226112 39.0276100264 119.36 1079.36 1135.36 24.9245 2
-79.9525211204 39.0754083157 97.88 1246.08 1073.96 45.1425 2
-78.4376757053 39.0966754804 105.52 946.96 1106.72 51.07 2
-82.7796618523 39.1909251311 111.4 1023.56 1126.24 42.06 2
-80.4939969328 39.2158221917 106.68 1179.48 1140.6 56.62 2
-86.870015945 39.5723248237 111.84 1080.8 1096.52 27.075 2
-80.9254824102 39.9946414918 100.48 1051.24 1057.32 41.4605 2
-78.3457349718 40.0329107314 99.2 954.96 1059.56 33.465 2
-76.6790328835 40.0372249654 111.2 1026.72 1062.6 33.4275 2
-80.5992538824 40.1971141783 100.68 1020.36 1048.72 37.0975 2
-76.4898139296 40.2344228327 105.4 1068.44 1043.36 52.025 2
-75.094284994 40.2625853381 112.56 1150.6 1054.72 29.3875 2
-81.1038753939 40.2774693979 100.32 984.52 1042.84 46.305 2
-80.5785446979 40.3047276043 101.4 993.12 1055.08 35.1903 2
-75.7060440492 40.3198973359 105.52 1142.76 1033.52 37.0675 2
-80.8326197531 40.3335809154 100.24 993.12 1037.72 33.92 2
-76.6799219739 40.3432207557 108.44 1032 1050.96 23.0925 2
-77.7634011401 40.3886415203 93.48 1028.8 994.64 71.9425 2
-77.6775119771 40.4059265872 96.44 1024.04 1005.28 65.2025 2
-77.0050598736 40.476903602 104.08 1048.28 1043.8 50.7975 2
-76.5642065477 40.6605153215 96.72 1082.88 1013.92 41.1125 2
-81.4384287784 40.6696048269 97.44 959.36 1028.52 22.4475 2
-79.7591518514 40.6918371591 94.08 1023.76 1046.64 30.7275 2
-78.3116127213 40.834427538 79.84 1020.68 983.24 39.595 2
-79.8583126202 40.8746049911 91.76 1028.16 1038 45.6325 2
-74.2625006186 40.9978536651 104.4 1239.72 1033.8 37.6211 2
-75.9142125997 41.1122291733 77.64 1122 926.92 61.8825 2
-74.7055988242 41.1587478416 90.64 1152.2 1026.68 36.2375 2
-73.7997864118 41.2393169157 102.64 1211.28 1001.28 58.6069 2
-79.3719675435 41.2451806779 80.92 1131.56 1006.72 51.795 2
-77.3802036954 41.2590492067 77.72 1011.92 956.44 71.88 2
-79.783773958 41.2597703373 83.92 1107.24 1012.44 58.27 2
-76.6413096684 41.312899716 86.92 901.92 998.04 65.1075 2
-79.1509879927 41.3240057045 77.32 1134.88 978 64.285 2
-77.1887236705 41.3716405664 80.28 952.92 967.96 68.375 2
-76.7404151111 41.3814321846 78.8 887.68 958.12 68.66 2
-79.7816994382 41.4699110864 81.16 1120.76 997.88 56.0907 2
-78.1686868953 41.4976964036 78.12 1052.4 995.64 62.65 2
-74.6443720016 41.529167551 81.48 1154.68 959.48 71.7925 2
-78.73820252 41.6042553025 67.08 1147.12 948.84 60.3125 2
-80.6543552268 41.7578702253 86 1046.44 944.56 32.0725 2
-79.9469254722 41.7591539156 81.8 1124.72 955.28 50.7625 2
-78.6520602182 41.7834466794 62.64 1149.84 914.52 52.8625 2
-71.9740184597 41.7957525845 88.24 1226 977.76 62.6675 2
-78.165053828 41.8144336032 68.56 1028.84 949.88 50.38 2
-79.633511389 41.8474394926 74.84 1186.76 932.36 47.7025 2
-74.5058553668 41.869546826 78.64 1185.36 938.96 60.4972 2
-77.8502767331 41.888975747 62.84 987.84 920.56 52.275 2
-71.6452213778 41.9188763506 89.44 1217.52 967.36 57.3625 2
-76.8875984624 42.0149834764 78.2 824.2 977.68 43.6275 2
-76.7500302786 42.0963315955 78.48 854.76 983.64 39.465 2
-75.2432061395 42.1838919386 64.04 1110.36 909.72 48.545 2
-79.1889371254 42.2745975299 69.36 1195.96 879.84 49.6575 2
-76.9039408915 42.3178374996 77.32 854.36 962.96 33.33 2
-72.0878402456 42.4114591956 75.4 1128.4 953.72 45.2325 2
-72.0793241557 42.4947695904 71.2 1126.24 933.28 67.1914 2
-74.4848463627 42.5511972082 61.28 1062.08 867.92 63.3925 2
-71.4504141332 42.5925675419 87.44 1105.44 981.12 45.4381 2
-75.5346206703 42.8357875632 65.64 1069.48 894.96 35.6309 2
-75.8115612206 42.837052922 61.88 1121.24 860.12 62.2375 2
-71.1436424489 42.8961022019 84.12 1111.56 970.88 49.194 2
-71.8217388821 42.9219526639 69.68 1161.44 917.96 64.55 2
-73.2427022473 42.9221467452 75.32 1049.52 973.84 33.1625 2
-75.8899013588 42.9982151523 69.12 1103.68 886.96 41.8922 2
-76.6280482204 43.0567015041 86.04 930.64 906.36 40.2075 2
-74.7455360724 43.1818103168 60.64 1202.04 881.44 68.5775 2
-77.0339348327 43.2369588469 85.84 917.64 916.52 44.9825 2
-72.4323577932 43.3763762444 63.72 1048.44 935.96 57.02 2
-75.2224423785 43.4175979487 59.28 1274.88 865.36 48.3376 2
-86.5142188148 43.6503253653 77.6 851.48 886.6 44.9809 2
-73.7982553697 43.7027580896 63.64 1030.4 912.56 52.54 2
-72.3107921095 43.7366623518 62.2 962.56 923.24 46.395 2
-74.3729607171 43.7540526034 41.36 1181.96 815.96 65.4275 2
-76.0383842552 43.8120988101 69.68 1071.4 860.6 36.715 2
-73.993921375 43.8530148428 45.36 1114.28 829.96 64 2
-71.6685786727 44.090542439 43.68 1187.16 823.92 62.455 2
-73.8843106289 44.1013836456 20.08 1344.32 701.08 67.705 2
-90.9810531452 44.3292873488 60.08 839.92 928.08 43.86 2
-72.1363251238 44.4309034487 44.56 1079.84 824.56 52.41 2
-77.7647930778 44.4408723337 61.32 842.76 826.88 49.7425 2
-72.9956396969 44.4971173481 61.4 976.52 856.56 46.8575 2
-70.0280768014 44.5131983031 61.72 1110.92 890.28 58.6302 2
-91.0669304179 44.5139991857 57.72 840.48 905.48 38.2375 2
-76.241636275 44.5484303681 63.2 894.6 818.4 49.6837 2
-70.6826801215 44.5971906689 51.72 1056 863.8 65.405 2
-75.8616980027 44.6227625181 64.64 909.28 829.72 40.2158 2
-78.6282459702 44.6305480585 55.28 881.8 827.44 54.6225 2
-79.5114609287 44.6307177687 58.4 920.4 846.56 43.2975 2
-74.0209378331 44.6607391197 43.96 1009.2 804.92 58.755 2
-70.1614941103 44.7074578513 55.68 1105 890.12 50.495 2
-85.7984662064 44.7076161958 69.12 850.84 886.96 56.1863 2
-78.3864391104 44.7257106408 53.2 879.48 821.24 59.805 2
-68.1928995163 44.7672445699 60.92 1181.48 849.6 58.6883 2
-70.6572538126 44.8581295398 25.96 1183.24 727.2 63.1784 2
-76.0208749062 44.88274483 60.08 857.68 818.56 23.314 2
-73.6639691701 44.9063268936 61.56 844.24 852.16 56.595 2
-69.4719075814 44.9226838691 57 1061.76 884.04 65.231 2
-70.4310170429 44.9357386526 31.64 1130.88 759.72 46.3175 2
-64.3042953244 44.9435034712 60.44 1303.64 790.76 57.325 2
-69.6340009065 44.9495635933 53.04 1075.56 869.84 53.5225 2
-71.4054136613 44.9728377232 28.08 1162.84 756.6 53.755 2
-79.1417701578 44.9936869439 50.2 983.28 826.88 60.061 2
-76.133652745 45.0180849146 57.44 833.16 819.72 46.29 2
-76.9092157387 45.0509264753 48.84 890.64 793.24 62.1208 2
-69.615727402 45.0527891303 46.8 1092.68 839.96 63.5475 2
-91.3253134754 45.2483400657 60.88 823.8 939.72 57.545 2
-90.4243358468 45.2532769165 46.08 818.08 859.56 52.9768 2
-70.6599035899 45.2907555025 27.84 1058.32 732 65.3775 2
-87.5723545685 45.2952768893 60.12 791.8 874.96 46.3342 2
-75.8015074138 45.2961941466 58.36 858.88 808.84 33.09 2
-68.3706549421 45.3196661332 52.36 1077.76 856.4 56.4762 2
-72.5208700246 45.3219316981 51.52 1062.6 822.68 46.8756 2
-72.5700924002 45.3247293588 52.72 1053.96 826.36 49.4625 2
-79.4654820176 45.3530319858 47.24 1028.6 806.88 57.3104 2
-71.6380933354 45.3977817492 41.4 1069 810.4 42.08 2
-89.3388256789 45.4301370168 44.24 812.76 847.76 57.5275 2
-91.488012242 45.4415199736 54.08 838.08 920.96 48.2897 2
-90.2930073947 45.5781373047 41 805 840.92 44.165 2
-78.5058030536 45.6181255801 35.52 948.04 784.56 68.4362 2
-76.3621641584 45.6832922129 47.16 872.08 801.72 62.6915 2
-82.0544586106 45.6844283046 48.96 840.76 733.12 50.4684 2
-72.1026329075 45.7460081418 44.32 1082.04 786.24 54.2468 2
-75.8819926124 45.7922552171 42.48 925.84 779.24 61.6137 2
-71.4403277842 45.8615901845 38.68 1053 761.56 62.01 2
-92.7084603015 45.9842685849 48.36 771.04 890.96 37.33 2
-94.7586528196 46.0432472104 52 695.04 885.2 18.3015 2
-76.871296354 46.0811276296 41.92 881.76 803.64 61.2722 2
-77.1829220916 46.1037029352 37.88 896 793 62.7848 2
-79.1284793896 46.122533217 38.96 952.28 776.2 54.0525 2
-76.8351998893 46.1469906624 39.36 892.72 793.76 59.7228 2
-76.4796941897 46.166165003 34.92 926.92 776.28 62.4051 2
-77.8609846095 46.1773547489 40.08 851.96 827.32 58.9636 2
-89.6382873255 46.2271948022 36.56 851.36 812.24 52.6726 2
-77.99456102 46.2337984913 38.68 857.24 827.8 58.0101 2
-92.2845795948 46.3140952079 41.96 764.12 871.24 48.5675 2
-60.9313482074 46.375365899 50 1359.64 693.08 56.5975 2
-77.794983401 46.3956336546 31.96 898.4 792.92 64.1624 2
-87.9300571023 46.4722423073 33.84 820.6 823.48 49.3559 2
-88.4671902742 46.4792672919 37.8 827.72 841.6 61.2544 2
-91.6329741636 46.6919904373 41.72 745.72 797.84 42.1675 2
-92.4083928397 46.702391742 38.8 752.92 833.56 48.6788 2
-90.9696860887 46.787324 40.88 804.28 806.08 57.445 2
-83.4300924678 46.8694098969 25.8 960.32 748.64 68.1375 2
-71.7231276077 47.0679351305 23.64 1202.36 689.68 65.0525 2
-94.2138987116 47.1504251667 38.96 675.24 835.52 48.7135 2
-66.0785417482 47.3138734671 30.44 1110.84 717.56 50.7769 2
-84.5872873536 47.3648541229 30.76 950.76 727.96 65.9646 2
-84.2245577822 47.5542165169 15.8 973.16 708.04 52.9021 2
-75.6171191313 47.6148269684 16.08 1041.64 709.72 67.5328 2
-85.7923797674 47.7392166688 27.52 867.28 704.36 60.7972 2
-73.6950612828 47.8211829666 12.8 1010.68 716.56 56.1432 2
-95.3129797783 47.8720143031 34.04 587.8 830 48.0175 2
-70.3728527556 47.9686540951 8.6 1135.12 637.48 58.497 2
-92.5125334131 47.9939666965 26.04 705.72 810.36 51.2275 2
-71.9342488661 48.123684469 19.52 1028.72 688.04 63.0431 2
-69.773894221 48.2273980049 24.64 982.28 665.16 36.675 2
-95.4525314746 48.2393146539 31 571.32 836.76 24.13 2
-92.8089632775 48.2516155591 25 694.6 800.64 46.7125 2
-66.3555184579 48.4804312842 9.88 1139.4 596.24 60.91 2
-71.566272847 48.6142667769 21.92 902.36 703.6 28.835 2
-66.5050799935 48.6785326288 14.12 1077.96 597.96 59.4475 2
-66.7906579439 48.7767919007 1.76 1154.12 576.52 45.0975 2
-58.2947175773 48.8522756606 36.4 1251.08 587.44 47.5475 2
-77.6764087385 49.2244751919 2.16 901.28 682.6 48.32 2
-79.4669331193 49.2677136164 1.96 849 685.76 48.9925 2
-96.9240128846 49.4087131769 24.2 510.32 771 13.5775 2
-114.593298344 52.0787321728 20.4 508.4 742.12 0 2
-121.224896115 53.0593588933 20.24 983.76 678.12 0 2
-121.402511579 53.4147927401 23.96 948.84 697.72 0 2
-105.843104506 53.4775205745 4.56 428.16 711.2 0 2
-104.573377583 53.5902046899 -1 463.84 682.16 0 2
-102.962867147 53.7722814728 2 452.8 680.84 0 2
-124.225606896 53.9309855776 27.28 502.76 745.12 0 2
-126.19599508 53.9922285983 24.48 463.8 656.04 0 2
-123.688174974 54.2237931728 23.84 543.12 713.88 0 2
-109.635973397 54.2294298156 9.84 440.64 694.96 0 2
-108.34220656 54.3257739617 7.96 442.28 708.04 0 2
-113.339025718 54.3422138548 18.92 479.08 690.32 0 2
-116.982920514 54.8066595522 17.24 542.8 711.32 0 2
-120.375429856 55.4788739693 16.24 522.52 669.12 0 2
-120.203987888 55.4799275463 13.76 515.64 661.72 0 2
-120.8317017 55.7744408883 16.6 503.88 653.68 0 2
-122.673275833 56.7415193691 4.92 535.32 607 0 2
-124.088524157 61.1342443115 -39.52 437.56 552.04 0 2
-157.575386467 61.3676422201 -23.8 518.44 474.64 0 2
-157.208123291 61.633017674 -20.96 508.28 490.04 0 2
-160.908817329 62.0174895848 -26.68 411.24 438.28 0 2
-161.19297356 62.6016400032 -31.4 398.56 414.04 0 2
-159.790727475 63.2175046422 -36.68 390.16 427.6 0 2
-158.787455131 64.4144053065 -49 354.8 406.68 0 2
-146.293883655 64.6165691397 -39.92 306.32 526.72 0 2
-68.1677357354 -54.7767565103 36.12 602.08 524.4 42.5275 1
-70.6895717401 -54.643545802 39.52 1202.2 485.92 3.70633 1
-70.6358481655 -51.2481005305 65 163.44 736.24 5.0075 1
-75.3969374779 -50.7452498374 67.76 5714.36 477.4 51.8427 1
-72.4545476743 -50.7431191566 35.8 463.84 626.44 5.5175 1
-74.2150209802 -49.6603773987 55.6 3028.32 564 6.7125 1
-72.15786915 -49.6199669867 75.6 303.96 748.68 3.61893 1
-67.0657526006 -48.5630756163 102.52 229.2 886.16 1.40248 1
-73.2848783208 -48.1765756203 70.32 1346.16 655.48 47.2216 1
-73.4424833478 -48.1218990002 58.76 1551.24 618.2 27.0771 1
-74.7873646284 -46.0129951778 61.2308 2241.23 539.769 63.6209 1
-73.1312929605 -45.858015909 75.08 2135.56 645.92 70.2175 1
-72.4001029638 -45.6926583266 60.2 1430.36 668.2 70.5975 1
-74.3892310889 -45.601104976 73.12 2316.96 569.16 69.52 1
-73.1974807061 -44.4404842014 70.16 2574.92 650 66.665 1
-64.4245213551 -43.056899828 130.714 190.429 1048.29 3.80645 1
-71.7200007418 -41.9511079812 46.76 1083.92 817.32 42.295 1
-73.6749600297 -40.947168913 78.6 2005.6 727.28 74.545 1
-73.4081500758 -40.0823752003 93.36 2178.56 870 76.2525 1
-72.2824754236 -39.8530640514 115.96 2144.04 1059.4 75.4724 1
-69.2104463245 -39.4937083051 132 127.04 1263.68 3.79221 1
-68.7602960504 -38.5099561751 139.8 143.6 1342.8 0 1
-73.1626511148 -38.0750043836 100.32 1498.32 1032.32 68.98 1
-73.2069242036 -37.4519116621 117.12 1580.24 1072.92 66.5 1
-71.5446438115 -37.1344516928 77.48 1376.56 1069.08 54.11 1
-70.1595675274 -36.0878170266 47.56 536.8 990.8 3.53 1
-62.3852962937 -35.6451665689 159 768.24 1380.12 5.2337 1
-72.4727213298 -35.5332501674 118.2 913.28 1092.6 66.0325 1
-72.1989621379 -35.4561399356 126.68 984.96 1180.64 40.195 1
-63.9494647347 -35.1177983253 165.32 675.04 1464.88 3.73789 1
-59.3487766266 -33.9372301953 168.6 1009.84 1359.32 17.3925 1
-53.7724792019 -33.5551476813 170 1178 1227.52 17.41 1
-52.9929550843 -32.6421230756 176.24 1219.76 1219.56 0 1
-52.7021536001 -32.3352106832 178.36 1250.28 1214.68 0 1
-55.5204221335 -31.9716234228 179.6 1229.88 1409.92 14.6212 1
-62.8156370963 -30.8584869493 183 853.96 1508.6 0 1
-62.4604973644 -30.7271846915 184.08 872.44 1513.68 0 1
-54.6548271791 -30.4146573551 187.92 1491.84 1392.48 13.3003 1
-61.4894738765 -29.8584109912 194.2 924.16 1563.8 11.38 1
-50.8440963398 -29.8482632517 188.56 1526.76 1254.24 29.39 1
-57.4813450343 -29.77124773 199.96 1307 1458.72 10.4008 1
-62.279836271 -29.7097545122 194.68 865.4 1591.92 5.75 1
-61.3458156152 -29.6661167206 197 933.08 1579.88 14.31 1
-52.5541423948 -29.6327697694 189.92 1349.48 1304.76 45.2375 1
-50.571927507 -29.5367108463 168.76 1851.48 1172.08 64.1175 1
-62.002513612 -29.5162862439 197 871.84 1605.24 10.3404 1
-57.0698211651 -29.4242194185 202 1366.68 1472.88 11.9 1
-65.5719747914 -29.3711307943 190.48 415.68 1567.04 20.5025 1
-64.9599690757 -29.2744161837 206.56 469.8 1636.72 18.045 1
-62.9772500743 -29.270450944 201 753.6 1659.64 6.005 1
-50.8951873866 -29.2652074908 170.08 1874.72 1205.84 73.4875 1
-66.5804265872 -29.2108463373 205.28 345 1675.64 9.125 1
-51.702888219 -29.1026714155 188.08 1538.36 1295.08 55.36 1
-66.2055920092 -28.3745465131 175.88 344.28 1566.52 2.93 1
-58.9695384816 -28.3507359568 208.08 1066.04 1515.64 32.54 1
-60.6206028514 -28.3347526237 209.04 1079.04 1648.84 12.5025 1
-59.0288911783 -27.9738661707 210 1127.76 1513.08 26.4005 1
-48.5982347165 -27.8078201082 200 1417 1097.25 29.6897 1
-57.4756503091 -27.7671718223 221.44 1433.68 1610.76 23.355 1
-54.7718049247 -27.3216599387 197.72 1690.04 1531.08 36.8325 1
-55.4027041861 -27.2407699126 206.76 1685.72 1573.04 35.09 1
-55.6199459397 -27.1846254965 212.08 1725.84 1590.6 20.3465 1
-55.4013942439 -26.8813381494 208 1620.36 1555 26.7875 1
-51.9876122193 -26.8657998678 159.2 2055.32 1358.56 62.7075 1
-51.1505141248 -26.7885518231 155.36 1752.68 1323.56 58.8312 1
-56.2783871059 -26.6392266721 216.6 1509.08 1550.52 18.335 1
-54.7275760441 -26.5848390514 201.72 1583.76 1584.64 40.1375 1
-51.0521425147 -26.1113469703 167.84 1645.04 1377.32 71.0275 1
-58.0826688029 -26.0918364243 223.96 1418.8 1569.88 20.9597 1
-54.5110311206 -25.8987443065 206.24 1681.64 1640.84 49.7169 1
-57.619688385 -25.7836247057 225.8 1414.2 1587.36 21.9075 1
-59.1323521435 -25.6843377611 221 1062.52 1702.2 36.39 1
-65.6118351091 -25.421706438 170.84 373.32 1537.68 37.19 1
-48.8811443947 -25.3826023405 202.28 1879.96 1304.72 79.6825 1
-55.8884754766 -24.8717536108 215.52 1651.52 1509.52 24.625 1
-54.4343794245 -24.8038480283 208.08 1631.28 1597 71.5659 1
-55.4656107229 -24.5711419105 218.04 1553.32 1545.16 53.2525 1
-56.0345537359 -24.4902132022 222.8 1445.92 1529.2 12.5425 1
-57.785858493 -24.4764934162 231.6 1122.44 1628.44 17.805 1
-60.4553486846 -24.3541551879 227 799.68 1737.64 32.1725 1
-49.5963258264 -24.2437010484 173.76 1382 1396.72 54.43 1
-48.2052198325 -24.2403261189 176.16 1419.6 1297.28 82.835 1
-46.6298899362 -23.9201280065 171.88 2823.56 1201.08 61.29 1
-64.9848906081 -23.8986211426 181.48 808.44 1511.4 68.9 1
-57.1115038748 -23.8957570552 229.64 1319 1594.04 22.275 1
-58.2501415977 -23.4206888492 239.48 1152.8 1755.32 30.02 1
-57.997536588 -23.1918868282 241.04 1220.68 1717.64 35.2575 1
-56.771087734 -22.9151933265 233.08 1436.68 1640.2 43.625 1
-64.5783999348 -22.8406534819 208.84 1064.04 1627.36 74 1
-64.5460043882 -22.793193977 210.68 1088.76 1632.12 68.0725 1
-58.5155909734 -22.7660072658 242.96 1064.36 1742.88 25.775 1
-58.1735436746 -22.7560790835 244.28 1160.24 1723.08 53.3675 1
-56.0393883415 -22.6367049558 231.32 1399.04 1633.44 30.56 1
-52.7622580094 -22.3484347949 230.6 1217 1676.6 10.9722 1
-56.3205170312 -22.3083594353 230.24 1377.92 1630.2 25.3025 1
-58.6595904996 -22.1194705569 248 1005.72 1740.76 38.5075 1
-54.799499544 -21.8504451491 236.96 1413.96 1650 13.42 1
-57.2833621075 -21.5526888895 226.56 1329.32 1628.6 50.9275 1
-50.123939536 -21.2123572516 225.24 1185.4 1673.4 11.1195 1
-45.4014661391 -21.0328369574 205.64 1375 1595.08 19.6983 1
-59.098008877 -20.9616176884 252.8 838.64 1801.88 21.215 1
-53.8374492936 -20.9199668502 237.96 1415.48 1646.24 10.705 1
-42.4551770975 -20.6990027585 164.4 1491.68 1394.36 59.72 1
-40.4144827691 -20.6026601337 245 1100 1387 21.6658 1
-41.2771957053 -20.2875595811 179.32 1380.84 1425.84 61.6975 1
-64.3082626187 -20.1901636417 166.68 809.24 1500.2 43.3525 1
-57.7218631314 -20.1265454701 257 1091.4 1754.84 9.75 1
-64.2138513891 -20.1196868597 192.96 785.96 1573.72 50.5925 1
-60.4085249785 -19.9090053349 248.8 654.08 1834.16 31.665 1
-40.1012306671 -19.7825916355 244.84 1172.32 1466.96 55.305 1
-59.398627369 -19.7136627351 248.08 925.88 1833.56 37.4975 1
-59.4264273638 -19.6253975141 247.92 938.6 1834.8 51.1175 1
-40.1536544303 -19.2415362093 240.76 1196.6 1519.4 22.5263 1
-59.1755700947 -18.9824947521 248.44 1035.96 1831.64 73.4825 1
-59.4269353227 -18.8262465356 249.96 1032.28 1838.4 60.965 1
-57.2060791611 -18.8145144415 259 1159.52 1676.88 21.0453 1
-59.3083184341 -18.7434440246 252.4 1053.4 1842.6 60.295 1
-57.6660154221 -18.5566120782 253.52 1122.16 1741.68 64.58 1
-58.930431468 -18.2064616034 243.56 1210.4 1780.96 73.4825 1
-57.3300043556 -18.1310275228 260 1176.92 1754.36 32.0364 1
-57.7663164427 -17.9821748285 257.4 1182.28 1783.52 62.73 1
-64.3817511001 -17.8111933908 160.44 751.64 1447.6 78.6975 1
-57.9634741061 -17.807288731 255.28 1215.48 1789.32 73.07 1
-64.7682170528 -17.7561319841 159.16 779.24 1530.68 74.015 1
-57.3641964936 -17.7255585625 261 1204.16 1782.28 22.5049 1
-60.7876860447 -17.7216812863 248.72 1091.36 1803.76 65.215 1
-57.8330434564 -17.7049586118 259.24 1213.04 1796 70.945 1
-57.9045551082 -17.6442854964 258.32 1224.88 1796.36 72.88 1
-65.5739715012 -17.2880951653 159.68 1020.64 1603.08 74.8375 1
-60.3148100786 -17.237472334 240.96 1474.52 1751.8 62.905 1
-56.9545700232 -17.1672110584 262.28 1228.2 1791.76 42.4575 1
-42.8373559026 -17.1442650475 210.92 982.6 1634.44 57.975 1
-56.9885162758 -17.004160383 262.36 1229.8 1796.56 40.4175 1
-56.1426369913 -16.9875174762 261.76 1271.56 1788.12 40.3175 1
-65.8326771038 -16.9766722385 203.8 2477.8 1709.64 80.7025 1
-64.2656816218 -16.9141943142 248.16 2580.48 1672.84 60.8125 1
-65.5053409336 -16.9112767787 250.08 3832 1726.16 75.715 1
-59.543354902 -16.8667280571 251.32 1570.76 1784.56 50.8225 1
-56.6105523405 -16.8443261069 262 1240.56 1791.4 31.6834 1
-61.9106619687 -16.7538380041 240.08 1028.4 1810.6 42.555 1
-60.1625202967 -16.7363187989 243.16 1492.48 1795.28 68.38 1
-62.3573163607 -16.7164198747 242.44 1018.52 1765.56 56.03 1
-56.2481403514 -16.6830519137 262 1263.48 1789.6 25.1725 1
-67.4683123374 -16.5499810548 147.12 896.56 1492.48 49.465 1
-64.0054678665 -16.4733617767 249.96 2219.4 1688.2 46.12 1
-64.869607636 -16.4429287298 252.52 3479.92 1705.36 76.9975 1
-67.3786467841 -16.4131149016 165.16 1115 1523.32 67.415 1
-64.6480906006 -16.3562209381 252.08 3189.04 1704.76 68.7 1
-61.9370302415 -16.2544544855 233.96 1109.12 1803.44 54.78 1
-55.8390412164 -16.1503667912 260.88 1323.88 1782.56 16.4425 1
-66.7383703638 -16.0925402809 222.24 2055.12 1649.48 79.6375 1
-63.8797890443 -16.0878732539 252.76 1940.84 1716.16 18.2767 1
-66.0722250037 -15.8342268622 252.96 2598.04 1705.88 79.3025 1
-66.8416370134 -15.8319933758 215.6 1908.56 1617.2 80.99 1
-60.653668487 -15.776564512 240.68 1285.08 1870.96 29.46 1
-66.9670280818 -15.7532780186 240.48 1959.12 1659.84 81.7275 1
-69.910443985 -15.7316432558 84.72 790.16 1110.6 11.6868 1
-69.3199351482 -15.6285676913 91 814.28 1074.64 10.1915 1
-68.3674703165 -15.6271524962 173.68 1040 1441.44 57.03 1
-66.2895023766 -15.5524867366 250.32 2258.84 1689.76 78.9175 1
-66.1827908699 -15.4740254121 251 2229.4 1691.4 79.7725 1
-66.4085881586 -15.4531231164 251 2123.68 1686.48 79.5725 1
-63.0261096921 -15.3770764424 251.56 1173.2 1793.76 76.7725 1
-61.0717004431 -15.278348305 242.84 1281 1864.32 54.73 1
-63.5499559393 -15.2345233395 255 1470.8 1780.36 65.9725 1
-63.9134160166 -15.1722406543 255.44 1674.64 1769 36.325 1
-63.3253284691 -15.1355895048 254.96 1345.28 1797.44 74.54 1
-39.0521714409 -15.1346390761 241.96 1626.96 1314.52 73.3875 1
-67.3430967593 -15.1199783932 249.16 1813.04 1668.52 81.2175 1
-64.3857603255 -15.0032155249 256.96 1886 1764.04 34.3325 1
-59.4903783515 -14.9254842734 240.84 1516.6 1832.24 69.6825 1
-60.8699173706 -14.9118136376 241.52 1367.16 1848.56 68.4875 1
-61.2490274123 -14.8612288358 243.28 1340.04 1849.56 68.7025 1
-62.5813920628 -14.808011261 249.8 1256.92 1824.28 64.5075 1
-51.5796322089 -14.7667890117 258.12 1535.52 1826.88 13.8725 1
-58.0004163459 -14.7165143471 246.4 1702.88 1843.36 32.155 1
-39.3570210053 -14.5346084729 238.64 1466.28 1291.32 67.67 1
-59.8866115251 -14.450544827 241.48 1577.12 1834.92 34.8375 1
-66.1868007863 -14.4503242787 254.12 1743.76 1737.56 30.285 1
-48.154783176 -14.371910665 253.24 1566.2 1657.64 6.24033 1
-63.3028272041 -14.3358029089 252.84 1418.6 1812.72 77.1975 1
-61.6784124932 -14.2808025113 241.52 1418 1822.48 78.375 1
-65.4349001162 -14.2783340917 255.6 1738 1780.4 23.685 1
-65.9859169142 -14.1965064104 255.8 1693.32 1769.84 12.14 1
-68.8602766735 -14.1073937458 202.36 2064.72 1456.16 78.355 1
-63.5034580068 -13.9746764606 253.36 1457 1818.84 74.62 1
-71.4014195154 -13.9604851946 81 755.72 1295.36 5.2575 1
-68.8015594973 -13.9491474169 222.48 2255.04 1528.08 79.79 1
-68.6579883097 -13.9484481478 203.8 2045.76 1469 75.33 1
-51.6690189346 -13.9209456626 259.48 1533.04 1865.6 32.915 1
-63.1950132132 -13.9165569506 253.68 1429.64 1827.88 46.7325 1
-68.4870329661 -13.9119619378 236.4 2079.08 1594.12 77.545 1
-66.708394088 -13.9103283421 260.6 1607.16 1776.56 33 1
-60.7572790532 -13.8856200902 218.6 1695.48 1735.56 57.7975 1
-59.6639915458 -13.8838916262 222.48 1884.36 1754.88 54.1175 1
-68.7570482806 -13.8770888988 205.8 2166.6 1480.2 79.68 1
-59.5715031789 -13.8764875393 221.36 1902.6 1754.08 31.79 1
-60.665487756 -13.8063668181 236.24 1724.64 1797.88 57.1825 1
-56.4348435582 -13.7926037198 254.16 1917.8 1896.28 64.5025 1
-69.1908592603 -13.7694816274 219.76 2728.56 1538.6 78.1475 1
-57.0274329665 -13.689756684 247.4 1900.08 1881.8 13.3575 1
-69.44130935 -13.6360163136 216.08 3133.92 1544.36 66.1475 1
-62.2857122559 -13.5933631096 244.84 1474.76 1819.56 59.025 1
-72.4819071016 -13.58630596 143.4 862.36 1545 14.7075 1
-63.7302511572 -13.5766403274 256.8 1460.44 1835.76 29.3375 1
-71.7252179633 -13.5265386536 99.48 652.4 1329.4 12.7325 1
-54.6354057324 -13.5017247865 241.92 1703.48 1877.32 51.75 1
-67.408190212 -13.4716572431 260.32 1686.92 1763.68 55.1183 1
-54.4006571122 -13.3782318791 240.68 1735.96 1883.2 51.795 1
-70.6278592495 -13.3672545144 216.44 5595.52 1571.48 65.91 1
-58.6043956093 -13.3055265656 236.4 2007.84 1835.04 41.2475 1
-65.0741281648 -13.2995458427 264.28 1484.92 1856.2 13.5468 1
-56.8088869473 -13.2204290672 252.72 1932.76 1907.8 48.8175 1
-68.7008817613 -13.1728683355 253.96 2194.08 1702.44 78.86 1
-62.8477700886 -13.143349294 247.96 1506.72 1824.68 77.7 1
-52.8596893586 -13.1350387631 249 1686.72 1911.24 59.655 1
-71.5444780924 -13.1016490577 170.88 1113.84 1607 61 1
-38.7535794453 -13.1003649494 249.15 1875.85 1363.05 52.3681 1
-54.1853678438 -13.0590610362 246.6 1840.4 1920.96 50.4725 1
-54.4550298972 -12.9881471732 245.52 1809.2 1915.4 76.3375 1
-56.8768457191 -12.9657445871 253.92 1973.08 1914.44 59.57 1
-53.249504397 -12.9607937052 247.92 1820.16 1923.8 72.15 1
-73.4953414063 -12.9236972133 222.8 1134.96 1866.84 51.5053 1
-70.7429997853 -12.9017978418 245.6 3911.12 1615.04 70.075 1
-70.3052796901 -12.8152944145 247.04 3794.88 1635.44 78.5125 1
-71.223694361 -12.7907685839 240.52 3254 1663.48 74.94 1
-64.479127149 -12.7740725737 261.92 1447.04 1851.64 46.525 1
-69.8898684561 -12.7240607342 250.08 3205.44 1675.8 78.7825 1
-70.4531881622 -12.7095981292 247 3728.12 1639.84 43.4345 1
-44.3283961257 -12.6985238562 229.68 968.96 1821.8 40.165 1
-50.7046933773 -12.6710532934 269.8 1635.92 1859.92 26.5289 1
-71.7690382525 -12.6378816784 200 1905.96 1714.56 50.11 1
-53.8262926127 -12.6177405516 247.48 2005.04 1943 74.51 1
-71.2551593925 -12.5552080729 246.08 3018.16 1685.72 75.0975 1
-74.0066416976 -12.5209421647 178.88 1010.16 1714.56 17.53 1
-54.2954033981 -12.4656307428 246.48 1943.36 1935.32 35.175 1
-53.3895724925 -12.4434167262 249.04 2096.04 1949.12 70.6975 1
-53.9985762506 -12.4330245916 247.84 2035.88 1947.08 75.81 1
-37.9622704429 -12.4329295711 244.16 1790.16 1416.36 48.3525 1
-61.7076345409 -12.4308852376 226.04 1659.68 1756.56 30.48 1
-74.2795073643 -12.424356165 192.96 1108.8 1755.16 51.86 1
-73.3369496171 -12.4043903866 180.4 1366.24 1730.96 71.13 1
-68.9080557918 -12.3147201286 252.44 2017.04 1741 79.83 1
-74.0418122072 -12.2980053817 230.04 1570.52 1828.12 74.0425 1
-67.274162827 -12.2793250105 260.48 1637.08 1770.8 81.605 1
-55.4638031367 -12.2663181697 249.28 1909.28 1926.92 52.15 1
-69.3488424001 -12.2509828369 250.2 2254 1734.92 71.054 1
-62.3689723775 -12.1283732676 236.12 1701.2 1793.92 78.845 1
-58.7255381889 -12.117497691 241.84 1971.76 1840.68 63.7758 1
-68.9726172023 -12.0985403144 251 1988.48 1734.48 78.4425 1
-60.6461645376 -12.042655816 229.56 1907.92 1758.2 55.955 1
-72.1920790456 -12.0002769938 231.2 2049.64 1791.4 72.1775 1
-57.2435857052 -11.9707840082 252.44 2049.64 1906.24 74.77 1
-74.2685669651 -11.9481209691 210.88 1647.28 1776.92 36.6025 1
-73.0062698967 -11.9372925692 251.56 1773.44 1828.12 71.3375 1
-52.8481166245 -11.8814916121 253.68 2026.12 1953.48 61.015 1
-67.6920719398 -11.867850573 258.92 1709.72 1746.88 81.54 1
-72.5859551648 -11.8649799118 252.56 1930.4 1812.16 71.9075 1
-65.8085669063 -11.8476826562 263.92 1535.88 1814.16 79.8875 1
-59.7899611139 -11.8414353434 227.48 1940.16 1754.56 73.3575 1
-57.7502054967 -11.8224404914 248.88 1945.52 1884.24 75.6125 1
-72.337375572 -11.8218448677 251.64 2033.28 1799.88 81.555 1
-59.8675885161 -11.8213782143 227.52 1944.36 1752.84 78.3025 1
-67.4907826138 -11.7851516856 260.8 1679.36 1755.4 78.5175 1
-70.2563712975 -11.7553051355 247.2 2407.24 1719.56 70.6361 1
-71.6841140102 -11.7245649324 253.08 2278 1762.2 78.45 1
-72.2643823961 -11.6713784158 252.76 2048.88 1794.6 73.555 1
-63.2846636866 -11.634509842 249.56 1730.96 1817.04 78.2725 1
-68.1510008899 -11.6182184159 257.68 1756.36 1724.8 65.9775 1
-65.9823848533 -11.6158095762 264 1556.84 1808.12 81.745 1
-65.6863216297 -11.601665409 265.36 1568 1813.24 76.42 1
-72.6824921145 -11.5216333486 255.32 1882.44 1809.84 78.24 1
-67.25629546 -11.5203993612 261.88 1670.2 1761.48 80.7175 1
-72.970227121 -11.5190067647 254.92 1791 1815.96 75.7925 1
-44.1879923618 -11.435643739 248 907.32 1996.6 19.035 1
-53.7422652404 -11.4036608877 249.36 2283.44 1962.96 73.4325 1
-69.6068267454 -11.4003623738 246.08 1766.4 1735.72 62.47 1
-53.6298053793 -11.3969882087 249.84 2290.08 1963.8 74.8375 1
-64.8808197598 -11.3853455079 263 1654 1800.88 76.5625 1
-53.395959672 -11.3816636572 252.92 2265.56 1973 58.0667 1
-53.2118019279 -11.3735443857 252.84 2221.04 1965.72 74.9775 1
-71.0764260561 -11.3569329359 247.4 2236.12 1742.32 80.02 1
-57.1001624045 -11.3514066563 251.08 2018.44 1903.08 73.785 1
-59.080449381 -11.3477337899 234.96 1910.8 1797.92 44.9775 1
-71.9133228993 -11.3457623269 248.12 2108.76 1774.96 78.29 1
-67.378575703 -11.2992830755 260.12 1717.32 1747.88 79.275 1
-72.45562685 -11.297516732 254.04 1949.44 1798.72 71.4525 1
-60.365448392 -11.2950889358 230.24 1963.52 1764.8 79.58 1
-62.5979357772 -11.2869201492 243.8 1829.92 1818.6 41.3 1
-64.3395749584 -11.2638886756 258.52 1633.76 1796.64 78.6 1
-73.8355342382 -11.256908864 251.64 1486.24 1800.56 80.16 1
-70.7070193745 -11.2340694143 246.64 2130.08 1739.28 78.5425 1
-58.8844019866 -11.2054356464 240.68 1880.12 1820.44 40.7475 1
-55.9230922299 -11.1901386509 249.44 1882.12 1928.44 65.03 1
-55.480845369 -11.1675086022 252.4 1843.48 1953.36 69.12 1
-65.9065137962 -11.1609714404 264.24 1644.04 1797.92 77.15 1
-74.8816132486 -11.1335704215 211.84 2116.76 1708.04 73.8525 1
-66.9197785043 -11.0826706132 262.48 1715.6 1767.4 81.66 1
-69.7618271544 -11.0661381485 245.92 1712.68 1735.84 73.045 1
-74.3467870322 -11.0029032561 211.24 2074.04 1733.16 69.5075 1
-66.5696748469 -10.9860012351 263.12 1702.96 1783.36 80.7025 1
-67.8380836712 -10.9677774253 258.56 1805.88 1720.04 80.5775 1
-59.4147033246 -10.9645585647 239.12 1891.68 1803.92 82.49 1
-58.4812592431 -10.9069862459 247.16 1802.64 1849.64 28.43 1
-72.5349003446 -10.9046088594 254.72 1894.72 1794.36 78.83 1
-65.9364496305 -10.894727187 266.28 1677.04 1798.76 63.1575 1
-61.0604538099 -10.8841012099 240.84 1927.36 1809.68 74.5675 1
-59.9379649843 -10.8040852163 237.2 1923.96 1788.92 81.73 1
-49.9042782359 -10.7779196183 272.6 1887.84 1891.88 43.1675 1
-58.972866703 -10.7566930963 239.92 1803.6 1810.2 66.46 1
-70.0735395127 -10.754865467 245.96 1786.84 1741.56 76.1375 1
-64.2426521137 -10.744614657 253.6 1812.32 1762.96 79.0525 1
-66.9450355343 -10.7313396851 262.64 1779.76 1762.04 81.7425 1
-58.7021129118 -10.7253978389 244.2 1769.96 1833.16 65.37 1
-75.3614804939 -10.7102559442 188.84 1712.68 1652.44 44.195 1
-68.6163605602 -10.7030559057 254.4 1780.96 1700.6 72.8825 1
-73.522407946 -10.6942167908 260.88 1675.28 1798.72 66.642 1
-64.3895047778 -10.6749044598 252.6 1791.08 1752.12 76.425 1
-70.7162204611 -10.6740184683 249.28 1927.08 1753.56 78.7875 1
-71.5935047858 -10.6614508026 254.08 1946.88 1770.28 75.7025 1
-56.5057950342 -10.6582811764 252.52 2098.6 1921.8 45.36 1
-60.5064001059 -10.5939881959 245 1918.88 1813.92 72.4598 1
-68.9078369046 -10.5847084163 252 1728.72 1711.92 74.1675 1
-60.4374694279 -10.5804382785 240.6 1921.4 1794.76 78.47 1
-60.5514491309 -10.5370572358 244.32 1914.8 1807.8 77.7425 1
-54.3179495229 -10.5312458607 247.72 2295.72 1953.84 46.51 1
-74.5927111423 -10.5291639571 224.84 2394.64 1741.48 80.1675 1
-58.6814468918 -10.5291424969 244.24 1803.92 1827.36 63.465 1
-59.5464460251 -10.5071184872 238.64 1916.64 1792.16 65.8525 1
-66.6491569043 -10.4894015546 262.04 1793.28 1766.4 81.4275 1
-70.4596833097 -10.4820218122 248.32 1857.24 1753.68 78.1875 1
-64.566401936 -10.4764924509 259.36 1779.28 1761.8 78.6775 1
-69.0565174123 -10.4553949242 247.8 1745.2 1723.56 77.145 1
-73.4358208764 -10.3962494171 256.84 1777.44 1794.04 80.6425 1
-68.2662088946 -10.3680930876 257.36 1914.76 1723.8 73.905 1
-71.6787867906 -10.3489202781 253.16 1892.96 1768.8 78.175 1
-54.3786849081 -10.3245572365 253.16 2305.4 1974.44 36.03 1
-72.0351074348 -10.3169194154 251.56 1889.24 1769.76 79.6575 1
-51.4415930575 -10.2819523109 261.04 1834.8 1912.28 21.03 1
-59.0365642908 -10.2804238105 248.04 1931.2 1829.28 39.4275 1
-69.2848323907 -10.2540587987 248.96 1754.04 1745.44 73.31 1
-60.7409371288 -10.2529098283 246 1896.68 1807 52.65 1
-58.7470547079 -10.0950966079 245.88 1939.24 1823.08 72.7575 1
-73.654923362 -10.0888348942 259.44 1799.92 1793.32 78.33 1
-50.6327442409 -10.0632451326 268.04 1819.8 1916.32 33.4025 1
-57.7362698332 -9.99934256446 252.44 2102.96 1871.64 48.7316 1
-73.975121764 -9.96203373013 263.96 1815.96 1797.56 77.0798 1
-54.0518549532 -9.95756436725 249.4 2392.4 1954.04 53.2175 1
-60.909622061 -9.9502038957 247.36 1897.2 1799.2 79.13 1
-63.7759151672 -9.94257882374 256.68 2260.2 1750.36 46.53 1
-70.74579685 -9.93926286769 252.08 1862.68 1765.4 79.055 1
-62.2056318653 -9.93340773376 248.32 1780.4 1783.68 33.885 1
-54.3158246277 -9.87352728848 244.88 2397 1938.52 70.4325 1
-53.10038059 -9.8395207304 252.92 2280.52 1947.96 77.005 1
-54.4711937814 -9.78915326539 248.28 2394.28 1951.64 42.1975 1
-64.9563502818 -9.77308977221 262.56 1791.4 1746.56 78.965 1
-41.7862149955 -9.75729966539 265.56 587.72 1892.28 7.33929 1
-64.8518816068 -9.74669925688 260.96 1833.8 1740.36 78.1675 1
-61.8053012545 -9.7426440975 250.04 1937.76 1784.08 77.785 1
-60.7910790708 -9.73091426866 250.2 1932.16 1800.88 77.1975 1
-65.1903194898 -9.72208199611 264 1712.52 1749.8 52.13 1
-75.5397881946 -9.70854792651 232 2411.84 1775.2 53.1 1
-41.5532540784 -9.70564213076 263.04 517.52 1936.72 0 1
-44.2342619173 -9.70158833226 244.68 921.4 1884.96 59.0575 1
-69.6986802218 -9.68754494089 249.72 1873.72 1778.96 71.4925 1
-73.509742382 -9.68741064253 257.16 1794.32 1784.52 81.6275 1
-69.5346804603 -9.66346068488 248.48 1878.84 1780.64 72.0175 1
-60.5555778557 -9.66072538406 249.84 1955.08 1797.68 80.205 1
-54.2065506296 -9.65528197233 251.6 2398.36 1962.2 64.1025 1
-73.0462724111 -9.61213075975 257.56 1856.48 1772.48 80.91 1
-74.3294262387 -9.61017805758 264.88 1763.28 1804.2 78.3525 1
-70.0900886223 -9.58243147207 252 1928 1776.8 74.855 1
-76.1426941536 -9.49887436779 205.2 931.48 1766.28 57.9125 1
-73.3350512337 -9.48531389697 257.2 1787.16 1774.64 82.0725 1
-66.6804761737 -9.46744271365 260.84 1893.2 1757.08 69.69 1
-60.7753592772 -9.46183307242 249.56 2010.84 1786.48 72.0775 1
-54.179433926 -9.41691265718 249.8 2407.24 1949.68 76.975 1
-59.935919591 -9.37663810771 252.76 2060.84 1803.6 80.2625 1
-57.5630090082 -9.36498057245 249.64 2176.36 1848.24 54.56 1
-72.7090203337 -9.36318310557 258.8 1921.32 1759.12 62.8125 1
-66.3632691951 -9.32681986363 260.72 1852.44 1752.12 79.0925 1
-50.5774820497 -9.3195047682 264.44 1682.04 1920.08 23.535 1
-61.9298466245 -9.31727013094 254.12 2146.76 1768.96 50.0825 1
-60.1511495439 -9.28498081176 252.8 2093.48 1797.2 81.42 1
-75.1515183504 -9.27185532479 260.08 2673.68 1824.56 80.8325 1
-60.2475762134 -9.18217391587 252.76 2119.96 1792.84 81.4925 1
-64.6431064284 -9.1770177737 262.2 1962.36 1729.92 75.3376 1
-57.9688102856 -9.17001515762 253.92 2166.28 1844.16 81.695 1
-58.2676954805 -9.16190599419 254.12 2141.88 1834.36 32.3 1
-54.36406945 -9.14082299035 248.04 2419.52 1937.76 76.8775 1
-74.7321047709 -9.10123546432 259.44 1919.12 1818.92 78.1475 1
-61.7716933208 -9.09680266716 253.32 2189.08 1760.84 73.375 1
-58.2832087729 -9.0946461481 254.68 2152.12 1834.44 64.0675 1
-66.0508227734 -9.09060684153 260.16 1801.92 1745.04 79.625 1
-75.1606613186 -9.08456106926 258.88 2963 1831.16 81.3225 1
-56.2968666059 -9.07459458162 255.52 2370.96 1907.12 78.35 1
-66.2356890377 -9.05459903299 258.44 1824.56 1743.64 83.085 1
-56.6286644963 -9.05254093261 256.96 2326.12 1898.64 72.03 1
-55.3910544563 -9.03718791292 246.12 2428.56 1908.16 78.6625 1
-66.5056811822 -9.03566313116 259.84 1882.6 1753.56 80.6925 1
-63.173204829 -9.01123049783 258 2280.2 1711.64 75.1875 1
-76.7246743758 -8.95985204788 145.72 811.6 1535.32 62.69 1
-76.3778366067 -8.94028467086 199.96 1038.96 1747.4 13.9425 1
-52.104720492 -8.93023177265 255.6 2045.6 1925.84 64.6087 1
-71.665067478 -8.91387285958 254.44 1876.84 1734.48 78.5025 1
-60.4664600145 -8.91066271285 254.08 2234.04 1780.92 80.4475 1
-57.7907072461 -8.86687803978 257.28 2275.4 1849.12 80.23 1
-66.2702432505 -8.84966814638 260.36 1833.84 1749.56 79.7725 1
-76.2419413163 -8.8485891479 244.04 2791.44 1809.24 74.4225 1
-69.920866848 -8.83821748542 251.12 2169.6 1780.68 73.4975 1
-65.1653626379 -8.83060983097 262.56 1930.36 1733.12 48.14 1
-43.3021848199 -8.8106553211 251.16 856.2 1921.48 55.7175 1
-63.0822421222 -8.79822376017 258.88 2183.16 1701.8 77.6725 1
-59.497240956 -8.74615764251 257.12 2207.72 1800.24 80.2475 1
-57.492955901 -8.72447807782 258.84 2340.96 1858.24 77.4224 1
-59.3590345924 -8.67371646562 257.48 2206.44 1801.88 83.495 1
-61.0016225971 -8.63869851539 256.6 2343.76 1765.8 77.3525 1
-57.9954460531 -8.63550276782 254.64 2292.52 1823.72 76.785 1
-65.3079037592 -8.63451743267 262 1967.6 1733.8 74.065 1
-72.7573921627 -8.6281592292 257 1823.36 1725.76 77.8125 1
-69.7496105534 -8.61233112535 251.84 2296.76 1788.56 69.6 1
-73.0222406696 -8.60646145405 256.44 1840.36 1729.72 79.0525 1
-74.9955063516 -8.59366831479 262.44 2350.2 1837.2 45.645 1
-66.9361988208 -8.58208036216 257.32 2037 1758.8 79.295 1
-59.1383667871 -8.46057136693 253.2 2233.64 1782.48 79.63 1
-50.9649625948 -8.37536670387 252.44 1860.4 1887.4 21.7725 1
-52.0342535122 -8.34622957092 243.88 2097.48 1871.64 38.3275 1
-75.7981774589 -8.34301123183 222.92 2113.48 1805.68 52.1325 1
-65.2422645787 -8.33087161964 261.08 2024.32 1730.4 79.985 1
-58.5822654144 -8.3137197643 259.72 2264.96 1808.28 80.975 1
-66.8026063724 -8.30639985126 258.24 2103.56 1754.68 73.3475 1
-58.5111536753 -8.29963670235 259.08 2270.64 1809.04 79.175 1
-74.1504144159 -8.28639705847 262.52 1772.76 1786.88 77.3075 1
-59.4069316588 -8.25611220741 258.6 2265.48 1786.04 79.835 1
-57.8809990764 -8.25192744155 259.92 2365.4 1826.12 77.555 1
-59.340146065 -8.23723191089 255.16 2268.2 1773.68 81.1275 1
-55.7703826254 -8.21944859308 251.76 2408.6 1877.24 78.5725 1
-36.4083005463 -8.20309813762 200 695.92 1407.52 29.585 1
-69.8170746961 -8.19500946547 253.84 2340.24 1778.48 77.1525 1
-56.0905369179 -8.1532649017 254.04 2403 1867.4 78.045 1
-53.7051446641 -8.12634586336 252 2279 1911.16 76.3575 1
-59.1735127662 -8.1257368717 255.56 2260.16 1773.08 80.27 1
-60.4117743822 -8.08379060955 258.32 2543.16 1758.28 80.5925 1
-69.5151349244 -8.06672097217 252.6 2397.08 1783.48 75.4725 1
-58.7525404424 -8.0231601133 256.28 2274.72 1779.88 83.23 1
-54.4359482358 -7.9667020653 253.16 2378.32 1901.28 77.32 1
-60.8235112855 -7.94953256316 257.8 2578.64 1741.24 80.41 1
-59.5169316593 -7.91828999973 256 2288.04 1758.04 80.6475 1
-64.4205190101 -7.88974445419 262.04 2222.04 1718.44 80.7575 1
-52.7704875694 -7.87967547624 251.88 2124.56 1902.44 69.7167 1
-66.3516246244 -7.87934727195 259.16 2286.36 1736.48 83.06 1
-53.1401538496 -7.87401302908 251.44 2157.84 1897.92 76.4825 1
-55.0699797186 -7.86151401375 252.92 2408.16 1882.44 73.915 1
-74.839050445 -7.8255135594 266.04 1894.24 1848.6 76.6021 1
-59.1336638377 -7.81156536742 256.08 2254.56 1760.8 79.9375 1
-68.7027512238 -7.79650501237 251.4 2417.8 1781.24 77.7725 1
-72.690990602 -7.78883344078 253.2 2147.4 1661.64 42.09 1
-60.0494309819 -7.78055016194 260.68 2491.16 1754.44 80.93 1
-53.7356888746 -7.75714274586 250.28 2250.48 1888 79.18 1
-53.4126672208 -7.73750508159 250.84 2180.32 1889.48 78.9425 1
-55.6694310685 -7.73559843137 254.56 2358.08 1860.08 74.565 1
-70.2698038337 -7.68346475112 256.56 2405.76 1751.88 79.055 1
-52.4838868799 -7.67229219913 250.16 2082.76 1892.32 74.4275 1
-73.826820273 -7.64916529162 256.84 2264.44 1751.4 80.4025 1
-52.6613372904 -7.62856000421 251.64 2071.24 1894.36 71.4466 1
-68.185880401 -7.6137917444 253.12 2494.04 1768.88 82.335 1
-75.9278929471 -7.61272746287 259.72 2151.12 1902.16 78.755 1
-72.2692600983 -7.5972223897 253.76 2169.24 1668.56 77.71 1
-66.1287697106 -7.590231186 261.48 2361.6 1732.92 69.117 1
-58.0457170227 -7.58182620602 262.2 2380.56 1792.8 79 1
-64.3659425978 -7.57382193589 262.04 2302.76 1716.6 79.0825 1
-68.5694895483 -7.547704219 253.72 2472.2 1773.56 82.25 1
-72.9172860497 -7.53057430835 255 2247.44 1677.28 75.925 1
-72.5321626854 -7.52923282232 254.08 2185.24 1660.36 65.6997 1
-69.0972858451 -7.49570489185 253.96 2426.4 1772.76 78.2275 1
-51.4705832678 -7.47937386791 249 1948.68 1872.48 74.1475 1
-63.7418398643 -7.46729949107 263 2262.4 1717.08 72.7725 1
-60.287133377 -7.46372528873 255.72 2533.24 1721.48 81.2425 1
-66.0317173905 -7.4444154272 260.92 2313.92 1723.44 79.6125 1
-71.5750474318 -7.43796682099 256 2151.88 1696.84 77.3975 1
-52.8968611198 -7.42948335227 241.8 2062.68 1847.76 72.9075 1
-35.670259871 -7.39946701607 249.32 696.8 1607.88 7.685 1
-58.5777699913 -7.3844833617 258.88 2297.08 1761.96 78.1075 1
-77.4402017598 -7.35311979036 176.84 899.8 1585.52 72.61 1
-59.2335364881 -7.34072614621 260.32 2206.44 1749.48 80.215 1
-59.6123257045 -7.30497287492 261.24 2119.84 1741.8 76.1725 1
-52.8657029628 -7.28592551192 251.04 2001.8 1876.48 71.6875 1
-72.468105761 -7.25968908508 255.52 2282.16 1671.52 73.1075 1
-55.6870136179 -7.25005799383 253.96 2268.68 1833.56 77.31 1
-52.753477715 -7.24112815859 248.56 1993.52 1863.72 73.46 1
-76.131438531 -7.18049990177 229.56 1640.32 1783.32 54.4875 1
-73.7158004133 -7.17621645725 254.48 2402.24 1739.96 77.905 1
-66.5784193733 -7.15017214855 259.12 2451 1720.2 78.9025 1
-75.9088594486 -7.0953274828 262.84 1635.68 1925.56 79.7125 1
-71.4794687086 -7.08657823839 257.96 2386.48 1702.2 82.73 1
-59.862321778 -7.05238989249 260.52 2068.44 1723.84 53.34 1
-77.3672639664 -7.03575745224 173.88 958.88 1544.68 54.115 1
-70.1631712984 -7.00330830074 256.88 2496.2 1745.08 79.705 1
-72.0696474509 -6.98786426237 255.32 2421.2 1682.32 77.925 1
-53.1695250196 -6.98069500806 251.04 2042.32 1856.2 77.9975 1
-56.5520789045 -6.96518993746 255.72 2294.84 1791.76 73.825 1
-66.3883861206 -6.93264286494 260 2468.6 1711.96 79.5025 1
-71.9363484966 -6.92002029089 255.24 2457.16 1685.16 80.25 1
-59.6753571723 -6.91507280157 260.96 2137.76 1719.56 80.6325 1
-70.1767793196 -6.91498509235 258 2470.24 1744.12 80.31 1
-69.3017008639 -6.91108569651 254.48 2351.64 1750.96 79.1725 1
-67.8799783078 -6.90604110964 256.56 2532.72 1736.56 79.825 1
-75.7196932383 -6.90296452978 255.2 1776.08 1843.08 80.035 1
-75.082655644 -6.89367716183 268.72 1861.96 1869.36 74.5402 1
-55.289136366 -6.86946964941 256.2 2218.12 1828.92 61.845 1
-75.5929352199 -6.86878836472 239.48 1837.28 1805 73.175 1
-63.4378933034 -6.86646089085 263.6 2315.4 1706.36 78.315 1
-64.0111130504 -6.86363686914 263 2331.72 1703.04 79.7875 1
-70.6412566486 -6.73801571783 256.92 2388 1725.96 80.875 1
-67.038712283 -6.73107464015 259.08 2498.52 1711.96 80.0075 1
-56.1914788441 -6.72662658967 259.84 2159.28 1805.96 71.4275 1
-53.5540538431 -6.66338551399 250.6 2060.68 1832.6 56.9125 1
-57.4071944693 -6.65665864536 266.28 2222.72 1779.52 74.705 1
-77.045088864 -6.65414471151 193.64 1071.88 1539.52 67.2575 1
-72.1574762832 -6.65159663952 256.08 2449.92 1689.12 79.78 1
-61.1568869687 -6.64084821878 263.56 2639.48 1692.6 77.57 1
-61.2056151447 -6.63732346311 263.92 2651.64 1691.76 75.025 1
-63.0956233596 -6.56830329755 263.04 2396.36 1691.12 78.23 1
-71.7987748532 -6.56277973058 256.92 2480.52 1695.08 77.7725 1
-50.9370777993 -6.55404802486 247.44 1972.56 1801.92 72.4075 1
-54.857246592 -6.52577198252 256.68 2180.84 1820.4 75.8458 1
-70.0045985394 -6.5131613474 254.96 2455.48 1734.8 76.1975 1
-56.1151758293 -6.4707498787 256.16 2185.04 1784 78.7225 1
-67.5344437675 -6.44075537855 257.92 2484.36 1707.68 78.575 1
-75.3207185238 -6.43435168068 268.16 2086.56 1864.04 81.35 1
-73.7500292939 -6.41836171026 264.8 2325.8 1766.44 76.0975 1
-76.0067148344 -6.41293203461 261.44 2248.56 1900.72 80.3275 1
-69.8151457312 -6.3940717156 255.84 2453.12 1736.8 80.675 1
-58.0857200947 -6.39314362188 268.16 2160.36 1753.12 71.3679 1
-63.8906058154 -6.3562418829 263 2340.64 1684.6 79.7125 1
-66.304967833 -6.35448032219 261 2579.84 1686.52 79.9175 1
-75.9130557781 -6.35361765381 263.24 2311.6 1884.2 81.37 1
-50.0666974305 -6.34256061857 244.52 1850 1736.76 74.45 1
-50.5332141647 -6.31180008737 249.2 1901.72 1769.8 69.7525 1
-71.4542692211 -6.30188712625 255.48 2465.64 1698.76 80.8725 1
-56.3959792846 -6.29024479323 260.88 2267.48 1777.92 81.355 1
-60.6122767475 -6.24213202592 265.36 2500.84 1682 81.155 1
-65.9456177487 -6.23956629685 262.44 2663.64 1683.32 78.71 1
-75.0134557351 -6.21022763665 269 2236.88 1833.08 81.995 1
-63.5434553032 -6.17793157838 263.76 2348.84 1680.32 79.475 1
-73.4802260988 -6.15206926648 263.36 2359.6 1749.96 82.445 1
-75.5266779958 -6.13793567608 265.56 2109.88 1833.16 80.4 1
-73.5150876634 -6.13618759433 264.56 2353.76 1753.12 82.265 1
-71.5638225563 -6.11892167027 258.04 2456.8 1702.8 77.1375 1
-67.1007525082 -6.1098644594 259.76 2501.36 1685.64 80.055 1
-71.1112448831 -6.10473599445 256.48 2452.96 1706.12 80.52 1
-52.1038861149 -6.09016768696 245.24 1945.36 1798.32 52.305 1
-51.6791768602 -6.08963489529 248.32 1937.12 1803.8 49.6775 1
-76.6482535306 -6.07814809939 222.8 1483.32 1515.24 78.67 1
-59.6006550285 -6.05609144285 266.32 2313.68 1697.68 77.82 1
-43.9700192204 -6.05556579692 266.16 1239.68 1799.28 47.76 1
-57.1859378978 -6.02274628754 262.76 2163.44 1745.44 78.155 1
-59.1684465397 -5.99026437737 266.48 2282.28 1702.84 77.5768 1
-65.9433820575 -5.92926553557 262.08 2705 1669.88 79.845 1
-63.0095555878 -5.91780882593 263.04 2482 1664.32 77.515 1
-51.7810129324 -5.91516780539 246.28 1903.28 1779.48 69.525 1
-66.5232085279 -5.87998827009 261.08 2593.92 1667.88 79.5125 1
-71.1628539918 -5.87463808267 257.48 2452.04 1708.44 81.215 1
-51.6038753494 -5.85103707905 249.32 1892.16 1784.4 34.815 1
-68.2346795655 -5.83682362557 256.12 2526.56 1697.96 82.3075 1
-66.9587845833 -5.83263710763 260.68 2521.92 1668.24 81.12 1
-78.9386020256 -5.8138058705 171.24 937.84 1512.16 31.4025 1
-49.3238989133 -5.79868876297 265.32 1881.12 1725.24 27.785 1
-52.3066007579 -5.79175660375 247.88 1883.32 1782 70.66 1
-71.7367823555 -5.78975413169 256.44 2448.16 1694.72 80.9075 1
-53.8296564212 -5.78091880101 248.72 1936.92 1766.36 57.005 1
-79.6588918667 -5.71472952577 186.4 555.2 1595.56 19.6825 1
-58.7890916317 -5.70776497415 266.16 2256.56 1698.72 79.3025 1
-59.5051867491 -5.70222304604 267.76 2318.96 1685.12 79.32 1
-60.1773673688 -5.64349915826 267 2424.44 1667.08 77.6425 1
-50.4936282477 -5.63877412591 258.24 1907.28 1757.76 79.3875 1
-59.6267312342 -5.63600737357 267.2 2333.84 1679.04 77.795 1
-67.6787123003 -5.62756415396 260.12 2446.32 1677.96 55.7867 1
-56.7792266746 -5.60446466561 267.08 2259.56 1751.68 71.79 1
-70.3007005509 -5.58931301014 256.28 2530.4 1716.4 81.0975 1
-70.1782107368 -5.5884614606 254.4 2555.08 1712.08 80.29 1
-78.3173300703 -5.58200482753 118.64 1241.08 1256.96 67.3225 1
-66.9661303417 -5.57046235541 260.2 2532.88 1653.16 80.845 1
-61.7640882669 -5.54603608664 264.8 2624.92 1643 81.6875 1
-58.9489189386 -5.54341947024 266.92 2264.32 1690.48 79.5575 1
-52.6608941731 -5.52954938191 250.68 1819.36 1768 65.976 1
-70.2699470134 -5.50155852017 256.44 2543.16 1715.6 80.7475 1
-56.1370244256 -5.48790385135 267.16 2514.2 1761.2 64.26 1
-69.5155216751 -5.44993664469 256.44 2718.96 1713.76 78.4725 1
-76.4617248902 -5.42154665355 259.32 2105.48 1657.64 80.3375 1
-52.0084039232 -5.39167154056 248.4 1816.76 1748.6 76.29 1
-47.2240271899 -5.37110143759 254.72 1354 1829.72 33.1775 1
-73.1458315412 -5.36187766379 263.52 2386.68 1733.4 79.185 1
-77.7576762873 -5.34375961214 217.08 1617.6 1519.16 70.0175 1
-73.5803026316 -5.34022916559 267.44 2501.92 1762.52 79.085 1
-58.2546578645 -5.33006079575 266.6 2266.32 1694.24 75.98 1
-62.3860254624 -5.32462965877 263.68 2531.68 1637.92 82.685 1
-46.4750549375 -5.32427941313 253.64 1191.28 1834.08 59.495 1
-66.2843887403 -5.31978315929 262 2658.36 1642.2 77.1675 1
-61.6295174982 -5.31592339622 265 2611.8 1636.4 81.3125 1
-59.0310375466 -5.31055111371 267.44 2256.28 1679.64 76.155 1
-74.786301766 -5.28130240051 268.16 2244.08 1770.16 79.135 1
-57.2050397156 -5.27437206588 265.32 2217.6 1718.16 74.3125 1
-39.7013951258 -5.23102215008 258.24 742.44 1616.96 8.4525 1
-73.6714932917 -5.23071285476 268.72 2565.64 1768.76 79.2575 1
-60.2442095253 -5.20589465926 268 2403.88 1650.64 72.945 1
-58.3935089454 -5.19730509555 267.24 2286.12 1686.48 81.61 1
-60.874922984 -5.17917932673 267 2542.88 1641.2 80.425 1
-64.4451069563 -5.13563110093 264.68 2600.44 1648.96 80.5525 1
-70.7994109477 -5.11562154346 257.04 2461.76 1702.32 76.5325 1
-71.5489479087 -5.11480474387 257.64 2447.76 1692.08 77.8675 1
-70.1637927532 -5.1135488654 257.08 2600.04 1712.96 70.8984 1
-51.7672343925 -5.10632141162 250.76 1800.36 1729.72 72.7075 1
-74.1992306399 -5.04916306004 270 2400.48 1767.92 75.6625 1
-48.2118593756 -5.04878974488 264.64 1920.76 1778.96 39.0925 1
-77.799453785 -5.04616933361 215.48 2013.6 1528.6 37.2256 1
-51.8158500974 -5.01642157669 248.88 1806.96 1716.76 70.2925 1
-55.4127178982 -4.98563347899 260.36 2235.52 1732.16 73.0525 1
-50.8490237443 -4.97931226738 255 1913.76 1727.56 31.3225 1
-78.4535584946 -4.97889777405 235.44 2253.88 1670.88 80.1325 1
-65.8698783111 -4.97575538864 264.32 2693.32 1641.24 72.6275 1
-61.2969544311 -4.96665979957 266.6 2634.76 1629.92 70.3475 1
-43.9316645612 -4.95697997564 270.28 1424.72 1812.24 62.3475 1
-69.1602923262 -4.94278411282 254.32 2761.6 1688.76 81.7775 1
-76.3125673915 -4.92298429582 265.88 2149.44 1683.88 68.0644 1
-77.4293919046 -4.90071819749 263.92 2418.64 1666.2 75.9525 1
-72.0193943557 -4.89670875093 258.04 2495.76 1685.16 79.04 1
-62.1477396072 -4.8918441305 264.16 2540.96 1626.6 78.3 1
-58.69197832 -4.88733059179 267.36 2281.68 1668.16 80.1025 1
-54.8255825623 -4.8854057072 257.44 1961.2 1728.88 60.455 1
-56.3269286974 -4.87538907256 267.12 2210.32 1727 76.6925 1
-70.6581357153 -4.87357707998 256.16 2492.96 1698.64 77.775 1
-60.7829805664 -4.80800643141 268.04 2484.76 1634.32 79.705 1
-37.4745383637 -4.7989472026 272.8 919.92 1734 10.945 1
-73.0455243512 -4.79447722817 260.88 2520.32 1705.52 80.78 1
-72.0589335325 -4.77738183607 259.6 2517.52 1687.68 77.3025 1
-72.9522671308 -4.77121779112 260.8 2521.64 1698.68 80.2225 1
-49.5762420396 -4.73552029618 268.32 2154 1747.8 38.59 1
-60.3589152703 -4.71396534643 269 2331.28 1634.08 81.105 1
-68.6388081911 -4.70799818161 255.08 2671 1665.28 82.9575 1
-48.331770791 -4.68771265774 262.04 2009.2 1761.36 46.565 1
-55.536791896 -4.67503541444 258.4 2175 1709.48 75.8675 1
-53.3255795414 -4.66937466096 250.48 1644.6 1701.72 70.455 1
-55.1949931719 -4.65936539948 258.52 2051.6 1712.84 65.73 1
-56.2094380005 -4.64572105117 267.32 2121.84 1718.2 76.485 1
-71.4308661609 -4.63269239038 259.28 2461.04 1687.52 77.6 1
-72.5239170244 -4.62997821716 260.36 2562.28 1687.6 80.0225 1
-78.9404810802 -4.61825167923 190.52 1405.4 1574.76 60.035 1
-40.9115603149 -4.60603070753 221.96 1035.24 1621.08 12.3125 1
-70.1080620425 -4.59657699022 256.44 2683.6 1706.44 79.87 1
-71.4536354404 -4.46396453066 259.48 2488.92 1683.76 75.1688 1
-50.353415363 -4.46128327061 263.52 2143.88 1746.84 12.66 1
-61.5325253105 -4.44908474286 266.68 2521.96 1621.8 80.2275 1
-43.1448640628 -4.43688352506 271.08 1546.84 1844.64 50.9675 1
-57.7307565609 -4.4241374753 268.88 2282.16 1675.68 75.1525 1
-70.8270293846 -4.41888510692 257.84 2432.32 1684.92 80.8525 1
-67.6589618173 -4.409131892 257.56 2613.76 1631.72 79.695 1
-63.2933053776 -4.40809905646 262.4 2300.56 1616 80.5675 1
-54.7438388717 -4.38858451947 249.92 1871.52 1681.36 65.98 1
-76.4588488094 -4.38403869848 265 2202.68 1684.24 78.735 1
-80.7701827531 -4.33837618935 204.84 406.36 1643.04 35.28 1
-75.1897664213 -4.33363836329 263.04 2200.52 1720.08 74.2975 1
-61.2161640982 -4.32766332265 268.04 2427.12 1622.84 80.1775 1
-58.5538779621 -4.32241363747 269.08 2276.24 1654.08 81.0425 1
-59.6163465795 -4.30821191155 270.2 2045.32 1635.24 80.045 1
-72.0036317528 -4.29408981279 260.2 2626.48 1679.32 78.6 1
-66.8853070871 -4.27996986151 260 2715.6 1622.08 72.4625 1
-69.0178585922 -4.27688249548 254.92 2597.12 1659.76 82.345 1
-56.1746671046 -4.23346982268 271.4 2185.12 1716.2 46.4425 1
-51.5412164863 -4.21359076862 249.24 2140.28 1656.96 75.555 1
-38.8454023117 -4.1944425248 235.52 1314.16 1475.68 24.49 1
-66.6542960929 -4.15971788897 260.2 2773.16 1624.24 75.5125 1
-76.0138054811 -4.14717483337 262.48 2086.2 1694.88 79.73 1
-50.8982795902 -4.13765051894 258.08 2033.92 1701.72 34.6125 1
-43.6353692675 -4.1354428616 270 1610.04 1787.56 56.4675 1
-48.8845357854 -4.12576252728 268.96 2216.04 1772.72 53.9275 1
-51.9693613263 -4.09984780067 245.12 2244.84 1632.08 66.06 1
-61.2564174018 -4.09940863827 268 2319.32 1619.44 77.46 1
-66.4458916868 -4.08372968328 262.52 2797.08 1631.48 61.2345 1
-58.9403267914 -4.07986466987 270.48 2234.28 1641.04 65.5393 1
-71.0654364813 -4.07116981687 258.44 2638 1668.76 82.6 1
-51.7084466344 -4.02958248573 247.32 2385.36 1632.44 76.1 1
-61.3941743645 -4.00211619806 268 2302.28 1621.88 74.07 1
-65.431718376 -3.99725221372 265.52 2621.48 1640.48 79.03 1
-72.987586224 -3.99409148807 261.92 2753.04 1672.8 78.385 1
-66.8122469436 -3.96939515282 259 2789.16 1623.76 76.91 1
-65.4527543748 -3.92227158827 265.6 2623.4 1640.76 79.1025 1
-66.528555871 -3.91510260063 260.36 2843.2 1628.84 79.205 1
-38.6982559074 -3.89055755386 251.68 1319.72 1440.32 12.685 1
-65.5506697448 -3.86985307702 265.16 2687.04 1639.52 78.9525 1
-68.7015563306 -3.83975381821 253.92 2645.88 1634.76 81.7675 1
-50.1774007937 -3.83285752943 269 2228.12 1766.88 38.78 1
-63.1025990788 -3.8286542443 264.36 2315.24 1616.8 76.8253 1
-65.6615306325 -3.81354994572 264.04 2732.8 1639.12 80.6725 1
-60.2492762653 -3.77350965789 272.12 2155.48 1617.36 71.24 1
-53.4361788598 -3.77311467034 252.84 1612.04 1654.96 68.575 1
-56.0915379257 -3.74513453312 265.84 2389.48 1686.28 67.305 1
-56.1352508553 -3.73859081593 267.68 2424.72 1687.64 65.035 1
-42.2404824519 -3.72662158126 268.88 1595.76 1770.04 45.1925 1
-68.1119962206 -3.71459465908 255.08 2736.88 1627.44 80.2375 1
-46.9798486662 -3.68248404233 266.2 1540.44 1765.04 53.815 1
-51.5342860606 -3.64426112851 254.04 2105.92 1634.12 45.4444 1
-64.2395474409 -3.63933041434 268.36 2226 1640.04 51.5733 1
-57.1735983801 -3.62054377813 271.64 2278 1655.48 66.275 1
-47.2796375067 -3.61017376404 265.24 1523.44 1762.08 44.6175 1
-76.3849167091 -3.59099625087 261.36 2078.52 1694.6 80.0707 1
-60.23927595 -3.58818823436 272.72 2162.6 1615.4 46.535 1
-73.9139368936 -3.56557327824 260.76 2924.32 1705.28 77.3725 1
-73.9258403277 -3.56537940562 261 2920.6 1706.52 77.3725 1
-60.0712509791 -3.55335106802 273.36 2147.44 1615.76 67.1314 1
-43.4174022297 -3.54846558905 269.6 1723.8 1732.8 40.445 1
-44.7260678102 -3.48000331598 273.96 1597.84 1725.16 22.79 1
-64.3896901659 -3.47384990356 269.2 2336.68 1645.2 70.8019 1
-67.9662114294 -3.4728046112 255.84 2811.6 1622.8 81.9075 1
-56.1384234522 -3.46245307676 266.76 2624.08 1678.2 74.1825 1
-51.5304723402 -3.44281250314 257.28 2180.52 1636.64 41.0225 1
-73.8551751859 -3.43682930576 261.88 2977.6 1707.56 81.0225 1
-71.9347831438 -3.43622826268 261.2 2880.4 1663.68 62.3452 1
-75.453304545 -3.43230546013 257.48 2307.88 1698.56 78.7075 1
-65.4667983343 -3.4200500568 265.2 2756.32 1645.92 80.655 1
-55.7501510655 -3.40353423248 265.44 2153.24 1687.32 63.8475 1
-45.8416391763 -3.37295408585 270.88 1855.96 1732.04 20.3975 1
-39.3830600406 -3.28072346198 268.88 1153.12 1668.44 27.645 1
-61.5521576784 -3.2708548884 269.04 2368.36 1625.12 80.1775 1
-46.7329127611 -3.23343732556 266.72 1758.64 1737.76 64.445 1
-40.257442315 -3.22067276458 273.56 1052.48 1886.72 11.5631 1
-77.2027291014 -3.21142921049 259 2429.6 1690.8 81.1 1
-57.1503343611 -3.21017155854 272.04 2246.52 1634.48 68.4623 1
-43.2504092582 -3.2000202744 268.48 1698.16 1685.44 49.6 1
-53.3062362184 -3.17635673934 253.16 1590.32 1626.84 72.3775 1
-40.31461072 -3.16851250694 273.36 1092.28 1883.2 15.19 1
-52.5457233627 -3.13174521566 259.84 1686.12 1646.96 25.215 1
-57.9825179628 -3.1024659366 271.28 2185.4 1632.04 52.9025 1
-50.3323086731 -3.09585990282 267.08 2404.28 1751.72 63.18 1
-49.8998793025 -3.08489384793 270.64 2440.92 1778.92 75.2975 1
-67.0227360211 -3.07717343343 257.12 2959.04 1629.16 67.9106 1
-74.1263619327 -3.05447704766 260.52 3134.24 1697.28 74.905 1
-70.7671234917 -3.03057388613 257.72 2955.96 1632.72 76.94 1
-66.7181517339 -3.0115276862 256 2929 1631.56 81.04 1
-61.151849579 -3.00931777713 269.32 2412.12 1622.52 79.5425 1
-77.5265583154 -2.99724498151 257.04 2481.8 1685.44 83.51 1
-46.6001672473 -2.92716894651 266.32 1911.76 1715.92 73.24 1
-49.9015987395 -2.87192471392 270.04 2479.68 1776.2 68.1125 1
-51.4436874515 -2.80603078965 266 2272.12 1685.4 57.7575 1
-71.6629610315 -2.74153375905 258.64 2906.24 1638.12 80.4825 1
-59.5246576939 -2.73537024837 269.48 2379.96 1611.48 62.0425 1
-73.128529134 -2.72453816107 260.52 3046.76 1676.4 80.73 1
-60.7733380199 -2.69179797861 273.28 2605.32 1630.88 62.3129 1
-55.3123041148 -2.65160873061 260.36 1925.52 1676.68 68.015 1
-78.162413691 -2.64148924161 222.96 2461.56 1577.32 48.61 1
-48.8989992435 -2.61942928288 269.24 2446.4 1765.36 76.305 1
-52.4948579922 -2.57475006342 264.6 1989.72 1664.48 67.62 1
-75.2106036985 -2.57449633044 255.92 2777.8 1679.08 80.515 1
-47.1897655399 -2.57198538223 262.84 2025.68 1714.28 26.425 1
-55.8409341957 -2.56510139475 265.28 2041.96 1677.68 63.1375 1
-63.1751895257 -2.55765891395 266 2643.28 1653.72 79.6325 1
-67.8953426578 -2.55235109023 254.04 3245 1610.32 76.08 1
-58.897454053 -2.52658100455 265.72 2234.6 1613.48 76.615 1
-46.8155142349 -2.51170319073 264.92 2050.56 1702.56 41.67 1
-45.0964654102 -2.4886188322 271.6 1959.56 1627.68 18.2904 1
-68.4859073166 -2.46720628479 254.68 3571.12 1608.6 76.8075 1
-69.7434148165 -2.44808730823 254.2 3181.08 1604.76 81.345 1
-73.0874220265 -2.42799594757 261.76 2991.8 1667.12 80.2425 1
-75.372136397 -2.40661963968 257.68 2757.4 1681.36 81.31 1
-47.8112441205 -2.39476761182 267 2337.44 1738.16 39.6327 1
-76.6832141897 -2.36384669786 252.88 2988.96 1678.96 74.49 1
-62.3072610106 -2.36025407202 267.84 2695.48 1657.16 79.6725 1
-62.9869274974 -2.35071538717 266.48 2674.28 1661.4 78.725 1
-55.7740991764 -2.34418022989 266.52 2028.16 1681.4 66.6075 1
-77.8016027998 -2.33804504316 200.48 3413.88 1523.08 19.2675 1
-45.5388089916 -2.33532559693 270.68 2478.32 1618.28 50.45 1
-69.8854360506 -2.31119753609 254.6 3183 1604.96 81.17 1
-70.0027855053 -2.28163418428 256 3161.84 1611 78.295 1
-73.9505926865 -2.23718652087 261.76 3294.72 1676.24 73.34 1
-57.3158002131 -2.22189084524 274.48 1996.16 1619.76 70.4725 1
-57.9428275632 -2.22186965601 270.92 2056.56 1623.72 71.59 1
-66.3978135781 -2.20462360891 257 3030.52 1642.16 76.1406 1
-69.3424710579 -2.19650713522 256.52 3443.48 1607.96 73.1775 1
-47.2284599529 -2.17973429191 264.52 2165.08 1709.52 30.0325 1
-50.0215937014 -2.17227251702 268 2584.96 1773.92 49.775 1
-45.5461291316 -2.16025228312 268.8 2498.56 1586.8 45.1375 1
-52.0226466277 -2.15218411724 268 2286.64 1693.48 65.8125 1
-52.280259098 -2.1261744553 269.56 2303.36 1688.92 71.0231 1
-55.6079651312 -2.12176969839 269 1970.92 1689.6 9 1
-58.881033781 -2.10695790964 270.12 2223.92 1629.76 71.2475 1
-63.2410972006 -2.10510735544 266.96 2667.04 1673.32 77.7425 1
-55.0326447593 -2.06331725735 266.12 1745.96 1648.96 19.9899 1
-49.6134010834 -2.05549016207 269.96 2525.72 1756.36 43.1537 1
-80.7473660315 -2.03803680777 245.417 233.083 1356.5 6.85714 1
-46.1607806196 -2.03159282254 266.56 2380.32 1630 33.885 1
-63.8176401791 -2.00324275679 266.16 2758.36 1672.28 78.26 1
-67.7879740169 -1.94944360087 255.6 3369.48 1603.8 81.0875 1
-73.974232935 -1.93932869048 262.48 3060.8 1667.76 77.495 1
-54.0134890427 -1.93764817522 272.4 1665.48 1623.92 56.2211 1
-56.8464841639 -1.85408210781 272.48 2214.24 1635.64 81.63 1
-75.7898310543 -1.84583421935 254.24 2841.72 1667.6 75.6825 1
-63.9357825404 -1.83685185012 265.88 2770.92 1675.92 78.65 1
-70.4018917614 -1.81796063141 257 3149.16 1606.24 81.57 1
-67.0882170706 -1.81456724886 257.32 3139.48 1615.48 73.715 1
-58.5411074979 -1.79776391168 272 2209.44 1639.76 73.345 1
-69.4231557787 -1.73207477353 254.88 3475.32 1600.24 81.6425 1
-63.9404419612 -1.72038196627 266 2739.32 1681 73.675 1
-78.0981303587 -1.71511313015 206.56 3667.32 1469.32 63.595 1
-55.6600414537 -1.71375141177 265.44 2131.88 1673.44 54.865 1
-72.8619752528 -1.71060470959 262.48 2727.08 1641.52 81.29 1
-70.6768005504 -1.68024851134 259.44 3093.16 1612.88 80.3 1
-68.8121119414 -1.64975377721 255.84 3460 1601.52 81.6275 1
-46.8581276078 -1.63203730892 261 2255.08 1671.96 22.065 1
-67.3246656551 -1.62278104745 256.64 3228.16 1605.2 81.2675 1
-66.6293067388 -1.58360918058 258 2940 1621.84 78.965 1
-54.415496765 -1.56064859034 269.04 1641.12 1632.08 52.595 1
-51.0459240572 -1.55324011179 267 2327.36 1733.2 64.6425 1
-73.2664536722 -1.44744304499 262.12 2688.64 1637.68 80.895 1
-74.2899918649 -1.42706087356 259.24 2864.28 1646.6 77.755 1
-69.2083030823 -1.41832490566 254.96 3485.2 1597.32 79.29 1
-73.8134785074 -1.39637515005 261.16 2811.92 1643.48 78.17 1
-69.4534811954 -1.38708683571 258.32 3361.48 1605.92 78.9875 1
-73.5565522567 -1.36362772677 263.4 2742.68 1644.28 66.4574 1
-70.2746529918 -1.35632013126 258 3112.24 1604.32 81.925 1
-61.4537600691 -1.35110622581 270.32 2184.92 1679.92 77.43 1
-61.6408001025 -1.3356151074 270.4 2132.64 1685.96 77.5909 1
-52.6843893021 -1.33319564017 262.88 1969.36 1637.96 69.8775 1
-56.6799775844 -1.2889669691 274.8 2511.72 1677.24 73.2081 1
-53.4572750805 -1.26949632958 263.76 1765.8 1625.8 62.9025 1
-59.4177923963 -1.26898168873 266 2417.8 1641.64 78.68 1
-68.2243305379 -1.24536153279 256 3453.24 1598.88 80.9125 1
-76.7142610494 -1.22694646075 249.84 3176.72 1660.08 79.5625 1
-53.5961968018 -1.22005018731 261.8 1758.84 1618.4 67.7825 1
-57.3599643714 -1.19873739732 272.04 2412.56 1662 74.5375 1
-62.2083612901 -1.17797134416 270.16 2209.56 1703.56 69.4089 1
-55.2768349318 -1.17787852597 263.24 2024.88 1657.8 76.9 1
-59.9488638174 -1.16848435982 270.36 2477.56 1658.8 79.1975 1
-56.1823739288 -1.16346603521 273.08 2554.8 1688.36 64.275 1
-76.0989568042 -1.15022013425 251.6 2978.64 1655.24 76.2575 1
-78.2121259828 -1.13939350495 67 1153.32 887.2 10.2325 1
-64.4124077055 -1.11326545536 265.04 2650.24 1686.64 78.2875 1
-54.2394750307 -1.09407818334 257.6 1634.12 1614.08 76.915 1
-64.6021693089 -1.07908259119 265.6 2655.88 1685.88 82.785 1
-56.3638163511 -1.07479886726 270.88 2573.36 1681.76 74.5425 1
-71.4031789229 -1.05277379068 263.2 2958.08 1616.04 81.5342 1
-53.4248373245 -1.01964209765 262.72 1866.16 1624.96 79.89 1
-72.1111770964 -1.00129981116 263.64 2904.68 1616.32 82.15 1
-61.7787536096 -0.99938925884 269.96 2144.12 1700.28 79.725 1
-66.3658432278 -0.99530990376 261 2831.76 1622.2 80.3575 1
-49.7907645962 -0.98703166273 269.52 2889.48 1636.84 64.795 1
-63.9051522364 -0.97907195556 266.92 2497.04 1704.96 69.8693 1
-61.9744047098 -0.9579296519 269 2171.48 1703.44 79.1875 1
-58.2093514035 -0.94078010088 271.48 2313.36 1665.28 73.1175 1
-54.6576320485 -0.93204161257 252.12 1729.6 1613.32 77.7325 1
-75.1728464952 -0.93039375676 256.36 2736.88 1646.12 77.4785 1
-77.6706135402 -0.92843294847 217.24 4101.04 1556.12 37.4075 1
-67.5335363441 -0.88196184128 259.08 3238.08 1594.32 82.5575 1
-53.7487182134 -0.85874428442 258.4 1898.8 1614.6 64.7475 1
-48.9478185101 -0.84775707317 273 2450.84 1568.32 16.2695 1
-66.5764331596 -0.84636619133 261 2880.56 1611.68 80.015 1
-54.4298629766 -0.80581554917 258.8 1670.56 1630.04 73.39 1
-48.9648013342 -0.79762291978 273 2472.68 1564 15.7092 1
-54.3316844917 -0.79073168 258.16 1714.8 1626.6 72.9375 1
-75.3586735311 -0.79035867575 256.8 2686.08 1649.52 76.03 1
-57.0192874493 -0.78155816163 271.6 2560.76 1684.96 78.11 1
-71.1875933706 -0.77799896867 260.96 2974.04 1607.84 79.5075 1
-77.280060847 -0.77509036974 243.36 3158.32 1640.24 76.5775 1
-64.2691314767 -0.7691916061 266.64 2573.88 1701.4 76.255 1
-62.9364840715 -0.76300374559 268.6 2264.6 1726.2 73.6291 1
-53.5696358299 -0.74491464032 264.24 2012.28 1633.2 67.315 1
-64.7651827264 -0.72916565392 266 2585.08 1689.04 79.945 1
-58.6706517975 -0.72658202434 266 2307 1659.36 78.535 1
-52.2718423253 -0.7209904944 266.64 2359.76 1633.88 77.655 1
-71.8189920723 -0.70845535403 263.76 2936.56 1613.76 75.81 1
-60.658520759 -0.66653911759 271.32 2123.76 1688.52 75.0425 1
-55.6001091489 -0.6628359786 258.84 2236.4 1663.72 76.005 1
-58.4167982751 -0.65573833388 271.72 2300.12 1676 77.3925 1
-53.1800067689 -0.61133590555 254.32 2168.4 1600 31.3625 1
-56.2848545435 -0.5848042877 269.32 2483.84 1695.6 79.0425 1
-51.7326855893 -0.56677595471 270.84 2354.48 1625.4 44.0425 1
-69.8342909128 -0.55441959108 254.76 3071.24 1594.96 82.5975 1
-53.6615337046 -0.5519364405 264.36 2116.44 1637.08 51.0975 1
-62.4159083719 -0.44975394319 269 2293.16 1726.48 79.145 1
-56.1239691847 -0.43173811479 264.36 2403.32 1686.32 79.8025 1
-69.3798825505 -0.42401179984 253.08 3296.04 1593.48 80.23 1
-66.7300020086 -0.36718281523 262.96 2887.04 1602.6 78.8375 1
-55.1384474435 -0.35826543283 251.84 2055.8 1639.84 79.1975 1
-72.2387928472 -0.34136472515 265.76 2916.12 1616.92 83.31 1
-72.1049372054 -0.3408341623 265.08 2922.16 1614.96 84.045 1
-72.1839183383 -0.32957102003 265.12 2916 1615.16 83.295 1
-56.0690528644 -0.32687983067 264.76 2359.16 1692.4 78.8868 1
-68.8513300924 -0.3049845641 254.92 3479.68 1611.04 80.0625 1
-69.6655271988 -0.27855736734 247.92 3260.32 1577.68 82.45 1
-54.3390563507 -0.26513553086 255.72 1973.44 1631.48 63.2775 1
-78.0314549523 -0.26059645675 70.16 1428.96 888.08 39.9075 1
-70.7628692359 -0.23766210741 257.64 3013.68 1599.96 80.8325 1
-52.587927951 -0.22272504534 264.16 2371 1616.56 64.565 1
-60.1453320962 -0.21646538854 269.8 2024.44 1690.8 81.1575 1
-65.0273991873 -0.19416441365 266.32 2554.12 1698.12 81.21 1
-64.5640556754 -0.18919770838 267.04 2627.4 1710.56 81.2225 1
-49.0325081663 -0.18091159019 272.16 3035.4 1506.04 54.7392 1
-74.1088685211 -0.15778583125 261.4 2917.8 1617.6 73.6775 1
-76.5136038396 -0.13722860177 249.2 3412.04 1641.36 51.8989 1
-60.9220836308 -0.12622998365 271.52 1949.72 1711 77.7075 1
-54.6148654491 -0.06570273867 254.72 2014.44 1639.08 75.455 1
-54.1009202555 -0.06552504816 262.2 2086.96 1650 61.9975 1
-72.3086165959 -0.05626235134 266.88 2861.56 1623.96 79.46 1
-69.5696549639 -0.03489410366 253.16 3319.8 1595.4 81.85 1
-72.3484928889 0.00269863532 266.24 2849.4 1622.44 80.5475 1
-71.8797563465 0.06698190334 264.88 2887.2 1620.2 80.43 1
-69.211743285 0.06799171042 253.76 3431.96 1604.28 80.045 1
-57.5113511414 0.08705599081 269.96 2317.28 1712.84 73.26 1
-58.2759402574 0.11546022162 268 2259.84 1695 73.2525 1
-71.6247650989 0.11851512681 262.88 2920 1614.64 80.98 1
-75.750992307 0.12250708351 254.56 3028.48 1641.48 66.6775 1
-65.6491212586 0.13618921527 266.52 2744.84 1693.16 81.6675 1
-55.3264307214 0.15908905552 256.36 2111.68 1670.72 79.0375 1
-60.0955710704 0.16224161112 270.36 1933.84 1700.88 82.84 1
-61.2812340255 0.18227849243 272.12 2011.56 1726.76 72.0575 1
-59.1269767094 0.19736576791 264.68 2169.24 1677.68 79.1425 1
-60.2092576428 0.20201762261 269.28 1905.12 1700.68 79.7175 1
-68.8375960879 0.21538582913 254.84 3485.64 1624.12 76.41 1
-71.5696398195 0.23550587791 263.52 2913.8 1617.52 78.6273 1
-69.0745681308 0.26086243588 253.72 3492.08 1611.76 74.9225 1
-66.6334516921 0.31212750041 267.96 2945.04 1670.84 76.9525 1
-55.19907461 0.35772941049 249.8 2115.6 1649.88 72.795 1
-60.0663581578 0.35911287556 266.08 1939.32 1691.56 81.5725 1
-57.5235860737 0.3984838247 266.44 2272.96 1711.44 79.015 1
-67.2682631886 0.42034135134 265.52 2816.88 1674.52 81.9075 1
-52.6962341975 0.48211970339 254.36 2436.84 1583.32 66.58 1
-69.2681698379 0.48574863655 253.8 3550.96 1608.92 79.855 1
-64.5969025952 0.49149998666 268 2643.44 1735.76 82.0625 1
-54.2615797112 0.50524427373 254.92 2123.84 1642.92 67.02 1
-55.5390337792 0.51568888072 256.52 2120.8 1686.64 76.845 1
-63.941148674 0.52696217432 269 2592.12 1745.76 79.9675 1
-66.4442508595 0.54278035388 268.32 3216.68 1706.84 81.3875 1
-70.0504013484 0.54280905176 255.52 3298.32 1608.68 79.8425 1
-59.7596892545 0.54300408117 268.88 1945 1704.08 71.5125 1
-73.6977178693 0.54313544241 262.4 2696.16 1632.24 63.425 1
-64.5592331477 0.55015537674 268.2 2628 1736.88 80.8475 1
-76.2288018314 0.55365676057 250.08 3820.28 1620.84 79.7375 1
-69.199223122 0.59066232439 255.12 3595.48 1617.68 59.3872 1
-53.6650598802 0.61345486292 254.8 2265.88 1622.36 33.6875 1
-52.519717847 0.62576556002 246.64 2503.12 1551.96 59.0375 1
-58.3030561486 0.63309810569 267.92 2162.64 1708 70.565 1
-72.9343827366 0.65189250806 259.2 2698.52 1613.52 81.4325 1
-52.0200618924 0.65222754335 260.6 2430.2 1575.04 58.0325 1
-64.6334901179 0.67366168059 268.2 2601.64 1740.04 81.3775 1
-73.1280753275 0.67530967202 260.12 2663.4 1620.24 78.4825 1
-55.014608776 0.70551138271 252.72 2072.24 1661.96 69.7475 1
-58.5883987854 0.71297916552 264.48 2151.28 1692.36 64.7625 1
-52.5685209805 0.7151521834 253.64 2456.92 1576.2 44.7125 1
-61.1203897636 0.73056244285 273.04 1911.6 1740.12 53.2875 1
-66.2010943414 0.73143436817 238.72 3208.4 1628.88 48.5675 1
-63.7072443321 0.73322118971 269.16 2354.36 1750.8 71.4475 1
-52.0662297808 0.80404760024 261.52 2440.92 1582.92 56.85 1
-74.4910363525 0.87113607369 257.88 2713.72 1627.32 69.9 1
-72.1012642215 0.88949665662 266.68 2728.44 1639.64 77.6125 1
-52.5987116998 0.93142318602 257.8 2426.6 1598.48 55.59 1
-69.5331096712 0.94450956042 254.36 3488.24 1623.44 77.7775 1
-73.7005704336 0.94812359193 261.64 2574.96 1644.08 75.4975 1
-73.7771527514 0.95339202659 261.28 2583.64 1643.48 75.885 1
-62.1958723939 0.97262925902 270.52 1887.44 1752.4 73.165 1
-61.2694369999 1.02378593377 272.16 1902.6 1747.36 68.9175 1
-64.7374920386 1.06452333504 267.4 2519.48 1750.24 76.1475 1
-59.8784297993 1.07092572245 270.12 1887.08 1715.4 58.22 1
-53.3259896271 1.07123288144 251.52 2334.16 1605.04 71.195 1
-53.3634044909 1.10277789978 254 2310.32 1616.52 65.535 1
-54.0708406858 1.11094817819 256.64 2136.68 1648.24 63.6275 1
-71.8953069021 1.13016594585 266.04 2742.64 1640.28 66.8075 1
-74.3832241421 1.13875024143 257.92 2644.12 1644.08 78.225 1
-55.2985844088 1.15004257306 255.88 2012.32 1696.16 76.1375 1
-74.3877980275 1.16112762943 257.92 2644.12 1644.08 78.225 1
-61.3675646781 1.1956397763 272.2 1878 1752.08 65.5225 1
-68.5976310539 1.1991691649 258.16 3355.84 1700.56 80.5825 1
-74.0770030082 1.21778839258 259 2542.32 1653.84 77.095 1
-52.0109860842 1.23278377095 260.04 2478.72 1586.76 74.835 1
-78.2172973401 1.25603025518 227.28 5556.32 1447.52 29.225 1
-59.6561529882 1.25934840289 268.88 1864.08 1709.28 74.735 1
-68.5226667381 1.2626952624 259 3383.72 1716 80.32 1
-52.758769358 1.27776122495 256.8 2401.6 1607.68 56.1675 1
-71.3104115489 1.3255010612 263.56 2892.16 1633.96 68.5675 1
-62.281162535 1.32579462129 256.24 1894.12 1707.92 38.17 1
-76.9281473338 1.33009731544 97.24 2710.28 993.16 50.435 1
-55.2022364881 1.33241526346 252.84 2000.56 1681.28 74.9175 1
-63.2119496861 1.34399278322 268.24 1918.56 1758.96 77.5678 1
-60.3614685869 1.40158397112 270.88 1924.48 1728.12 65.8275 1
-52.4504870056 1.41455625071 258.08 2451.16 1603.64 67.13 1
-52.2356423012 1.46566953827 257.72 2491.16 1596.12 74.73 1
-70.7796542479 1.47533753081 261.68 3045.28 1636.92 77.81 1
-56.1786934391 1.48709561116 259.52 2054.64 1750.4 73.925 1
-61.8210712837 1.52300004998 247.24 1944.68 1676 77.6475 1
-57.2928290764 1.52378474652 264.48 2066.12 1732.72 66.2675 1
-78.3198549199 1.52843345655 248.8 4716 1463 48.19 1
-73.5561554571 1.57184858629 263 2367 1679.28 79.1375 1
-64.6381525786 1.57971198821 241.36 2492.04 1664.36 81.32 1
-71.8627049482 1.60547289147 266.36 2706.4 1650.16 70.8975 1
-73.498485042 1.61044206019 263.36 2354.52 1678.56 79.1275 1
-78.0339161227 1.61733011694 253.76 4990.6 1544.08 60.695 1
-51.6307200396 1.61922489949 258.2 2603.64 1573.04 72.9 1
-70.8640480289 1.69216264745 262.68 2986.92 1641.96 77.86 1
-67.6286689525 1.70660207218 262.52 3580.56 1856.08 64.1175 1
-66.948339439 1.73489456785 262.72 3348.92 1919.64 80.3625 1
-56.9501804728 1.74212228199 266.24 2044.88 1751.92 73.3225 1
-66.6462846666 1.74457025137 265.04 3225.2 1887.8 81.92 1
-52.7615722991 1.75271706154 255.76 2401.08 1614.96 48.3125 1
-52.0322311336 1.83248691629 256.76 2585.2 1594.24 71.4175 1
-68.5520102553 1.8341636817 261.04 3408 1750.32 73.5775 1
-54.1966359863 1.83973803346 251.24 2144.56 1634.92 71.985 1
-54.354906985 1.86407234578 253.24 2100.28 1645.44 74.6475 1
-59.6274792755 1.87568810336 262.88 1776.04 1684.16 69.605 1
-73.5768259329 1.91590518325 263.32 2308.72 1695.24 81.53 1
-65.0191349383 1.94285545947 264.8 2412.6 1766.68 72.37 1
-67.0218248684 1.95352406744 262.04 3423.8 1984.44 80.55 1
-70.031196347 1.9690326371 258.6 3182.6 1649.4 76.875 1
-72.4549889937 1.9822667912 271.8 2509.84 1682.84 67.8225 1
-63.1055738657 1.98632268261 263.72 1821.36 1753.56 72.445 1
-57.7426528729 1.99084311012 265.28 1948.4 1713.64 63.85 1
-56.4879915539 1.99416030647 260.2 2016.76 1751.04 77.8275 1
-59.9041645353 2.03152354127 260.68 1775.48 1678.12 59.3875 1
-70.067068217 2.06382373058 261.56 3128.28 1659.24 80.71 1
-75.4340740428 2.07040194212 158.4 2087.36 1245.24 40.5125 1
-77.9814445626 2.07201953785 259.8 4631.52 1523.48 47.5525 1
-73.4562965591 2.08352562209 266.92 2326.96 1709.72 73.645 1
-70.3538245751 2.09009406284 262.4 3044.48 1655.36 79.6575 1
-69.8506767854 2.09402323112 259.36 3179.36 1658.92 76.345 1
-64.9466958198 2.12740561274 259.04 2363.84 1743.04 77.8825 1
-71.9032691835 2.12961240043 272.8 2601.56 1679.64 76.26 1
-68.3589515782 2.13854029597 261.88 3464.04 1779.92 73.6725 1
-59.3870688225 2.20909583956 267 1645.28 1688.72 56.2725 1
-64.8407760769 2.25735727005 262.76 2295.84 1757.68 79.145 1
-69.2381283761 2.31906474558 259.4 3246.56 1692.32 78.295 1
-63.0867054883 2.35970062212 255.92 1851.52 1730.6 80.5475 1
-52.3300625083 2.37165580074 255.04 2540.96 1618.08 70.75 1
-56.5571452259 2.37189132416 264.96 1932.48 1734.72 60.945 1
-61.2519845565 2.40462521057 268.68 1738.68 1756.6 51.5725 1
-67.049170771 2.42695089738 264.16 3365.2 1928.28 76.53 1
-53.7424403253 2.44637619981 250.6 2294.16 1615.72 54.3975 1
-55.8545510881 2.44803756918 246.28 1819.04 1634.32 80.1275 1
-56.8173529235 2.47448474058 265.4 1971.2 1721.2 66.52 1
-61.1007632057 2.48351618131 267.12 1711.56 1747.08 45.535 1
-53.7091718082 2.50085243868 252 2297.08 1621.08 56.905 1
-69.525620268 2.52335486263 261.76 3146.4 1683.44 78.83 1
-68.3450967962 2.52338941955 263.16 3379.92 1777.12 70.095 1
-69.07333421 2.53401095531 259.92 3247.68 1702.72 73.8875 1
-53.9037621725 2.56817593336 252.92 2286.88 1623.64 54.4275 1
-52.0008390918 2.59164773949 252.64 2710.08 1610.48 75.625 1
-55.0242477228 2.59504209927 246.92 2144.68 1612.52 79.3725 1
-69.8291789648 2.60137020921 262.48 3073.6 1671.96 75.1175 1
-68.3324197724 2.64359045811 263.92 3353.4 1777.12 71.19 1
-52.7154780182 2.65122160421 254.36 2416.72 1627.76 63.45 1
-58.0157186166 2.68409477819 262.24 1851 1674.6 68.9325 1
-67.1561712661 2.70735690052 265.44 3157.56 1895.96 77.2425 1
-70.9931598731 2.71207158647 268.92 2699.56 1670.76 76.8425 1
-51.7223770211 2.78469089719 257.24 2923.04 1623.28 66.45 1
-54.5349248855 2.81038527813 254.16 2284.88 1626.68 70.6425 1
-74.544577279 2.81902511213 223.48 1997.64 1551.4 57.7225 1
-52.1759995163 2.83467266451 253.68 2595.96 1629.4 72.8675 1
-74.4872717737 2.85629135068 248.72 2243.88 1710.72 76.715 1
-60.0433747468 2.86719135649 271.84 1580.08 1706.32 60.9275 1
-68.6331706304 2.92237202644 265.48 3194.92 1737.72 69.4853 1
-70.8943297006 2.92325824724 267.96 2678.32 1666.52 67.815 1
-52.1442697641 2.95189865941 252.32 2628.84 1625.68 73.21 1
-53.4912071108 2.97078048168 249.96 2360.28 1603.04 62.0975 1
-64.1436102363 2.99857837225 201.24 2497.28 1526.6 65.165 1
-62.409806408 3.01565669875 254.68 1930.24 1741 77.735 1
-77.3322319147 3.03857487083 264.52 9431.2 1619.6 32.375 1
-69.6892028806 3.07585238413 263.96 3017.64 1677.48 77.745 1
-74.1143589122 3.08043763221 240.72 3006.92 1623.8 78.175 1
-63.3507851374 3.08737660018 236.28 2091.64 1667.96 71.82 1
-66.3845234963 3.14529049569 268.04 3440.32 1857.28 81.51 1
-53.0208205013 3.14682150214 250.52 2419.88 1606.48 68.755 1
-70.3329060493 3.17175692494 267.12 2805.44 1670.6 67.21 1
-53.7403809406 3.18027148889 250.92 2387.04 1597.92 69.5375 1
-69.7963554616 3.18557619291 265.84 2957.6 1677.12 76.4425 1
-61.7691173622 3.20334540615 262.04 1830.8 1767.04 73.6375 1
-69.26554648 3.22181320178 265.04 3064.24 1691.28 75.515 1
-55.7694306254 3.23844306017 262.72 2266.44 1641.52 74.9225 1
-59.5862866319 3.26372968846 232.12 1655.24 1554.88 73.2025 1
-71.3494772051 3.32073922222 266.56 2509.08 1659.04 77.67 1
-51.4221182716 3.3257154623 259.48 3289.52 1632.28 37.91 1
-65.8134719302 3.33564822257 261.24 3317.64 1804.48 79.5225 1
-52.2484124246 3.36231239857 253.8 2724.44 1635.36 59.855 1
-53.8663043218 3.37283453815 249.8 2423 1587.48 74.9175 1
-67.53077972 3.39176813737 270.52 3116.24 1801.16 44.165 1
-74.3860742565 3.41559507081 184.8 2122.28 1270.44 49.18 1
-64.5652101424 3.43640007814 217.88 2667.08 1597.6 78.215 1
-61.6952874474 3.47123356312 267.64 1754.52 1793.76 72.6875 1
-66.5475426857 3.47770885422 270.84 3340.56 1851 56.525 1
-55.5376443822 3.53926340633 260.96 2469.52 1622.56 77.3975 1
-66.9217586422 3.55594673645 272.12 3281.64 1832.12 66.045 1
-67.0296433124 3.62430416887 272.16 3283.8 1826.72 65.5325 1
-52.8419521146 3.62431345879 250.56 2673.6 1594.92 56.125 1
-54.6671296303 3.63097293665 258 2530.8 1605.8 68.305 1
-61.9294604861 3.63392679861 263.96 1926.12 1790.04 65.9275 1
-70.8667120802 3.63557643831 267.48 2510.48 1661.88 80.4925 1
-52.2164127304 3.66342865669 252.96 3011.08 1623.04 57.925 1
-67.8790456171 3.73961254392 270.36 2904.04 1724.6 63.6475 1
-53.118677878 3.79752437312 244.92 2643.56 1555.36 80.5475 1
-69.8421192978 3.82076751995 266.56 2892.96 1669.64 75.9725 1
-53.7931952344 3.85066118729 248.96 2381.24 1563.16 72.3075 1
-57.5533672358 3.93346372706 266.88 2152.84 1654.64 68.9625 1
-67.3648671214 3.95082073785 274.68 3102.04 1797.24 54.2 1
-77.0020886734 3.96595665985 260.2 7284.36 1464.08 62.695 1
-68.3571366912 3.97197263187 272.32 2947.4 1713.64 64.2114 1
-55.8961718587 3.99441476108 266.16 2558.96 1621.6 73.1625 1
-60.1890891114 4.01740194821 263.8 1013.68 1690.4 20.96 1
-63.6084439191 4.0725360142 231.24 2859.68 1651 41.045 1
-66.9905140349 4.12423628718 274.92 3130.56 1819.08 68.06 1
-69.4358068296 4.20216520873 269.04 2931.72 1677 77.7675 1
-64.5427489194 4.26550019754 228.84 3047.52 1645.88 78.7575 1
-54.1469230752 4.27495996737 259.44 2445.4 1586.28 74.0475 1
-53.1707735383 4.2957047957 249.12 2921.36 1534.84 70.185 1
-55.956339927 4.31809261433 264.96 2431.76 1608.2 61.515 1
-69.5826463212 4.33900230973 269.72 2888.44 1676.04 75.8075 1
-65.733928011 4.34176029439 206.28 3177.48 1580.68 61.98 1
-59.5728143492 4.37967620604 246.96 1416.52 1585.64 73.76 1
-62.9804178674 4.44613164792 252.6 3224.48 1737.56 79.5175 1
-62.977644171 4.47464159225 251.44 3281.04 1732.2 79.93 1
-61.8684788842 4.51945308958 231.56 2487.08 1697.48 73.245 1
-53.809863542 4.53787806519 257.4 2500.32 1564.24 75.1725 1
-68.4166030552 4.59287974902 276.96 2917.28 1731.2 67.425 1
-56.3903088826 4.59810483423 268.6 2378.92 1622.76 63.8025 1
-66.8985176258 4.61061980469 203.84 3294.12 1548.4 76.485 1
-61.9124010313 4.67706213971 213.92 2712.8 1617.64 72.15 1
-61.6484810116 4.75459680061 224.44 2542.28 1670.16 49.64 1
-57.7230608372 4.83217476182 267.44 2278.36 1647.6 65.63 1
-63.4581032285 4.9518120725 254.28 3919.44 1717.72 78.54 1
-64.9715737646 4.96267089319 242 3413.16 1713.28 76.5425 1
-53.2770668531 4.96737812086 253.52 2700.8 1513.56 76.6675 1
-62.2836476827 5.10923021362 236.32 3247.64 1682.96 78.545 1
-72.7145159514 5.12550650435 245.92 3872.8 1659.16 31.0775 1
-65.6500947131 5.13349748038 267.2 2602.48 1880.92 73.225 1
-65.2112431825 5.15157781154 193.4 3208.88 1512.68 77.46 1
-55.1066598131 5.16165423788 266.68 2269.12 1580.56 71.77 1
-53.5269455146 5.18613563043 257.68 2608.84 1531.36 76.645 1
-55.7688846976 5.25493218646 266.8 2224.96 1579.48 64.4975 1
-65.0510779312 5.31715191951 231.96 3292.68 1672.64 39.8275 1
-55.6993861489 5.3214780721 266.52 2251.16 1577.12 68.43 1
-58.2196357138 5.34357454393 265.32 2506.12 1604.36 55 1
-64.9451987002 5.35704823976 256.16 3322.84 1771.48 75.5275 1
-61.9852496791 5.36991997106 197.6 2652.12 1490.8 80.3475 1
-66.0743575316 5.37139581479 275.08 2629.36 1910.28 57.37 1
-66.4470643307 5.43925438611 235.76 2906.72 1706.68 75.8525 1
-64.4622192997 5.48196778863 258.04 3312.8 1739.56 69.8975 1
-54.5851765782 5.53401176013 265 2249.12 1563.52 69.0725 1
-70.35326957 5.53679082825 270.76 2260.56 1681.72 27.905 1
-66.7709091611 5.5461099093 258.72 2833.24 1773.92 76.36 1
-57.4539510555 5.54978078071 270.32 1988.36 1631 56.275 1
-75.6913615377 5.55036192738 151.4 2643.76 1138.76 35.625 1
-75.3267525746 5.56067598362 142.12 2433.96 1065.6 55.0525 1
-55.9021178093 5.62384061469 268.32 2152.96 1570.32 79.0739 1
-65.6434528924 5.68523239545 253.84 2680.2 1789.96 78.855 1
-66.8886869752 5.68783233399 240.6 2832.08 1688.24 77.555 1
-54.8816248953 5.69333152261 265.12 2223.68 1552.32 67.94 1
-58.4555161857 5.76245016915 262.12 2620.2 1529.52 25.11 1
-65.1856675145 5.76639007805 191.24 3031 1489.8 63.3525 1
-63.1155360624 5.7823619994 254.92 3444.44 1684.56 75.66 1
-55.7789440353 5.8297802272 268.88 2161.64 1558.96 36.495 1
-60.1705930037 5.86912216588 213 1903.2 1452.44 59.635 1
-64.737408988 5.96495851687 258.72 3075.8 1737.44 65.1925 1
-66.187996462 5.99790107579 236.76 2741.48 1695.88 74.19 1
-59.404855798 6.08706708222 259.6 2384.88 1504.36 37.5125 1
-69.3839967269 6.13692319933 274.56 2302.76 1710.36 37.6369 1
-61.7966896404 6.14919875231 225.52 2097.32 1567.16 42.835 1
-65.0581591713 6.16610966965 230.72 2829.92 1635.96 53.49 1
-62.2691199792 6.18556699165 237.88 2329.88 1613.76 68.025 1
-64.0051279678 6.21761979654 257.64 2868.6 1708.88 70.7775 1
-63.832418403 6.25138030417 257.76 2841.76 1708.96 73.885 1
-61.8930801647 6.25716564216 267.44 2355.72 1746.28 63.33 1
-67.8233256085 6.27374321012 282.16 2147.64 1757 25.9675 1
-60.6339602082 6.31960151451 233.72 1465.32 1550.12 78.965 1
-64.4044233243 6.32007597197 261.08 2860.36 1720.8 64.8675 1
-72.0155641907 6.36996810636 200.12 2564.04 1501.44 35.465 1
-61.2214645031 6.42860085083 263.2 1962.12 1718.72 75.47 1
-62.1400073446 6.48558113783 267.08 2038.32 1730.24 71.3925 1
-74.1593103001 6.68806441939 279.84 2944.76 1749.88 37.9565 1
-62.3296393051 6.73030426156 258.48 1747.76 1684.96 72.0475 1
-72.2784267092 6.80158692773 144.4 1669.92 1241.68 5.45 1
-70.0614610026 6.94396702697 271.92 1846.16 1650.68 18.6125 1
-58.6327490212 7.14775962405 267.24 2433.92 1388.16 34.1425 1
-65.0754155749 7.21467825513 275.48 1888.88 1747.68 76.8575 1
-65.1324096079 7.2708649473 277.6 1924.08 1757.2 71.8217 1
-65.110383229 7.27673530009 276.36 1903.44 1750.8 75.7975 1
-74.646369799 7.35939102415 267.12 3921.44 1720.72 73.955 1
-59.6838241008 7.37383665457 263.68 2397.16 1494.48 64.275 1
-74.8591458784 7.39651386983 276.6 4333.56 1774.92 51.3525 1
-61.2906202125 7.56727608924 259.72 1461.04 1659.16 67.9225 1
-62.1285857996 7.61677640462 259.44 1115.16 1676.76 33.575 1
-59.3943714059 7.63353370239 262.6 2608.88 1454.76 60.875 1
-58.857949394 7.64275717403 268.72 2541.52 1418.2 50.305 1
-61.4476680105 7.64846458371 245.96 1416.96 1605.52 72.405 1
-62.7450039451 7.65059245603 258 1232.64 1669.24 17 1
-59.7766985779 7.74733092251 263.2 2604.12 1490.92 53.18 1
-68.0402546086 7.76528095387 275.04 1714.4 1702.84 30.41 1
-81.4309223773 7.95207082503 250.24 3058.8 1655.36 19.7925 1
-62.7681213946 7.99160331885 254.76 1151.8 1658.96 63.14 1
-60.7816627672 8.03129120078 260.76 2035.08 1533.72 59.49 1
-62.3033292221 8.09236370366 245.12 1113.76 1611.08 59.5425 1
-81.601049928 8.11123886082 254.76 3378.4 1649.56 39.385 1
-71.3351293502 8.11229469625 205.92 1099.88 1489.2 21.1225 1
-61.0344272394 8.1415319271 263.84 1858.88 1543.56 72.385 1
-81.543014588 8.14368679499 246.44 3174.84 1617.76 28.765 1
-77.6906647354 8.27986717228 265.2 1902.84 1492.08 71.08 1
-71.5718984572 8.28635851326 125.6 1093.2 1202.68 33.9425 1
-71.3860218592 8.34573098583 153.68 998.32 1314.08 23.1825 1
-71.2847550832 8.41872879901 154.28 1102.68 1335.44 25.49 1
-63.4559284667 8.51632043902 268.32 1058.96 1731.36 27.0575 1
-81.0598818474 8.64791343087 239.36 2724.04 1512.84 14.3475 1
-73.9076389751 8.71754797924 284.96 1745.12 1809.2 42.565 1
-80.1290761229 8.88208610281 263.48 3088.68 1443.36 39.8925 1
-70.0376001883 8.88631026106 265.88 1679.68 1695.56 34.1654 1
-73.2286689289 9.03493603499 248.88 2426.28 1694.8 77.295 1
-70.7868432004 9.18913475594 176.8 814.4 1477.64 16.4125 1
-62.4773084601 9.2387942554 265.84 1204.28 1648.64 46.36 1
-79.0394319919 9.32484182596 248.36 2677.24 1415.52 39.24 1
-82.7007876415 9.42418304297 253.24 2553.88 1529.96 67.65 1
-70.63161962 9.63615606699 235.92 1038.96 1575.36 49.055 1
-84.5941697206 9.71698471318 253.96 2932.44 1728.84 49.1825 1
-83.5419530109 9.98818224049 238.28 3661.32 1536.68 49.6737 1
-64.4155619016 10.1374729627 217 1528 1476.48 67.565 1
-84.4001893705 10.2315221632 169.4 2651.52 1266.48 33.805 1
-72.5206425557 11.0147624109 231.28 1219.04 1570.48 59.525 1
-84.5838788595 11.3708704675 255.68 2046.32 1561.76 35.3075 1
-84.8348395005 11.4286204813 259.96 2149.08 1604.92 31.2475 1
-70.147418104 12.1061014881 277.826 413.043 1516.26 12.4741 1
-84.1544765667 12.2059274829 255.2 3885.52 1480.32 18.64 1
-71.6497426893 12.4610445131 286 279 1595.5 0 1
-84.394104513 12.8119370865 251.84 2757.68 1499.2 25.27 1
-84.0015550071 12.8251557131 255.32 2821.04 1455.04 34.425 1
-84.1647601825 12.9534940913 254.2 2714 1470.6 34.3025 1
-86.1776237443 13.1332107972 219.2 887.64 1569.56 27.425 1
-88.9009669378 13.3248724725 263.478 1758.48 1849.43 38.1815 1
-86.1381702447 14.0121708382 209.84 1726 1495.2 65.8475 1
-84.5529946106 14.0662376501 249.52 2754.36 1500.24 59.265 1
-83.2845794444 14.1619999107 260 2851.6 1319.8 41.1111 1
-84.2103571228 14.2148650186 249.92 2542.84 1433.16 59.355 1
-85.1369754672 14.449836027 253.48 1982.76 1628.84 76.6875 1
-84.9095816408 14.7347494864 257.44 2178.04 1556.4 68.01 1
-87.5315986286 14.8597995063 211.76 1717.88 1572.96 32.9525 1
-91.8128430409 14.8826364482 111.76 1660.48 1189.56 42.3975 1
-91.7384494257 15.255100834 158.04 1283.84 1424.4 25.78 1
-85.5449818942 15.307150958 208.24 1763 1373.96 70.1625 1
-88.9645447855 15.3601327276 262.12 2352.08 1579.76 26.72 1
-91.6310899359 15.6530599425 161.56 1521.84 1438.48 37.815 1
-87.4203282021 15.6899277977 246.6 2344.36 1613.32 45.15 1
-86.493339142 15.7334501745 261.76 2176.84 1715.32 44.45 1
-90.0428518474 15.8067419531 246.8 3047.4 1521.2 64.71 1
-89.9983087229 16.2908281911 247.56 2151.28 1474 32.845 1
-89.2301231527 16.3884611985 220.52 2400 1329.68 55.445 1
-90.7478336245 16.6617263298 252.36 2020.04 1640.24 61.025 1
-88.7825086791 16.7710136195 234.44 2081.6 1377.72 73.915 1
-91.936168609 16.8093736687 228.24 2051.52 1728.4 52.165 1
-89.3797668163 16.8662435106 247.72 1475.4 1442.44 47.2275 1
-91.8921030518 17.0098821638 201.52 2180.6 1586.88 67.835 1
-91.2878144462 17.042324089 255.36 2258.2 1728.2 55.265 1
-90.3906846013 17.1703392769 263.56 1718.44 1608.96 51.9575 1
-89.7533250477 17.4226986033 248.4 1332.64 1493.76 70.385 1
-94.3664920793 17.5230171521 256.52 2970.52 1642.92 41.5175 1
-90.6951323958 17.5748961975 262.8 1591.32 1702.04 39.7675 1
-89.0371947151 17.6593462124 251.72 1454.48 1555.2 70.43 1
-89.1472583985 17.8545042489 254.4 1328.56 1608.08 68.855 1
-90.7690733262 18.4738401286 260.16 1381.32 1840.72 50.9375 1
-87.8748416719 18.567333235 262.96 1282.4 1518.88 46.9825 1
-89.2842293844 18.7529254487 249.32 1110.16 1725.2 72.12 1
-90.4406946683 18.9100782774 254.48 1278.92 1841.72 69.9925 1
-88.4006251935 18.9346844426 256.96 1223.84 1594.32 54.4725 1
-88.9511003292 19.1288859409 256.92 1060.4 1751.12 63.42 1
-90.1640035892 19.2676292577 258.04 1195.56 1844.32 54.4725 1
-88.6317609469 19.2746082263 257.92 1098.8 1734.64 61.0425 1
-88.5879817801 19.294652665 258 1114 1739.36 49.18 1
-88.0431701512 19.3897709217 259 1267.52 1701.6 52.6225 1
-101.602799439 19.6504415624 163.28 951.68 1570.36 26 1
-75.3859312491 19.8921948095 242.438 1128.81 1512 41.0067 1
-88.1208213383 20.4253126601 255.24 1164.88 1787.12 56.5275 1
-89.3645422952 20.479591444 259 1093.36 1864.2 44.7 1
-82.7808265033 21.892240847 254.263 1403.63 1505.63 22.1953 1
-105.328345584 22.9623498293 217.52 1193.6 1576.16 26.2575 1
-105.732818441 23.5759092766 191.68 1167.4 1460.52 30.1925 1
-105.736559117 23.6898384137 118.36 1407.96 1198.32 52.015 1
-106.260444451 23.8727160179 243.64 975.76 1735.84 36.12 1
-106.00741107 23.9126212728 174.52 1111.64 1382.92 35.77 1
-106.418886464 24.3570806782 210.24 1218.96 1549.04 22.155 1
-97.6798424056 24.4186535036 237 764.8 1594 7.7971 1
-78.2498729613 24.5509837423 250.6 1154.52 1294.92 8.9004 1
-106.467518082 24.8658230171 210.76 1205.8 1644.56 17.6575 1
-107.353750036 25.1253636859 246.52 942.16 1922.24 12.4568 1
-106.713501485 25.1858763358 169 1225.68 1418.52 42.665 1
-107.98366244 25.2970215656 245.16 648.84 1893.48 6.67 1
-111.715352872 26.3557580298 213.88 188.88 1710 3.415 1
-80.6027115689 28.3289738455 221 1209.62 1284.69 11.5417 1
-92.7686848442 29.6809611896 200.48 1479.04 1302.36 21.4532 1
-89.714589125 29.7692449591 203 1563.8 1332.92 22.6188 1
-91.2074403506 29.8601016821 199.56 1591.52 1390.76 47.4834 1
-93.6045603313 29.9124884804 199.88 1451.72 1309.2 24.5122 1
-89.4824198553 30.0391877481 198.913 1537 1334.48 17.6189 1
-80.044610427 33.2861984397 177.08 1257.84 1383.24 0 1
-77.5483892312 34.4600804618 171.28 1385.6 1286.4 37.8363 1
-93.0876419126 36.5672115622 137.6 1095.12 1295.04 46.6283 1
-94.8087491299 36.6802221113 144.64 1102.52 1266.36 19.8625 1
-90.172759729 38.8675163815 126.8 961.48 1122.24 10.6477 1
-100.876429629 39.3127494893 108.76 496.72 1219.48 1.04 1
-87.1192993608 41.7545143701 99 944.04 975.6 0 1
-82.1188862433 41.7875274786 99 886.76 955.44 0 1
-86.7496107231 41.8061939785 97.76 973.36 970.56 13.2727 1
-82.9645081812 41.8311726178 96.76 852.88 899.76 0 1
-81.2736186595 41.856099502 95.08 950.52 929.32 0 1
-113.419466672 41.8977155181 18.08 551.64 820.12 20.4075 1
-81.2492379093 41.9926638544 92.52 952.44 916.52 0 1
-79.8374429898 42.2511409568 91.56 1036.88 892.4 0 1
-80.1601698657 42.2747940167 91.16 1013.36 889.48 0 1
-86.4424554966 42.3491412072 93.12 911.36 902.44 0 1
-79.6832138821 42.4260183774 89.04 1017.32 867.72 0 1
-87.0409530414 42.43064398 92 892.2 886.16 0 1
-80.4565133065 42.5748662217 84 968.04 879.88 31.2414 1
-80.7310949914 42.6091230753 81.96 952.12 884.04 9.69565 1
-86.6010890019 42.7799549501 89.28 870.04 871.68 0 1
-87.7749635477 43.0188966369 83 815.96 853.32 0 1
-86.7056822541 43.047744931 85.76 846.24 865.64 0 1
-87.3457633622 43.0632486933 83 830.76 838.08 0 1
-77.8181893388 43.3471848864 85.76 787.2 905.2 29.044 1
-77.1401223626 43.3727303644 85.8 888.4 913.92 0 1
-78.4466582269 43.3728315461 85.28 816.28 893.4 22.0436 1
-81.9017212553 43.4933082851 76.32 886.08 847.52 0 1
-81.8176694792 43.5500187379 75.48 896.12 842.4 0 1
-81.8477806716 43.606513581 75 893.76 838.08 0 1
-87.0346018437 43.6948883707 78 812.32 842.2 0 1
-77.8217162937 43.7161538118 78.08 808.4 861.92 0 1
-82.5255241409 43.9090444379 72.08 843 830.44 0 1
-83.4603721518 43.9835039691 73.44 736.04 912.96 0 1
-81.8329072023 44.0191600829 71.6 908.84 804.76 0 1
-82.3744674372 44.0323366225 71 854.28 812.48 0 1
-121.529133188 44.2385731499 71.36 462.24 1040.96 20.9375 1
-87.5386768838 44.260444388 67.92 760.44 804.28 8.8275 1
-83.0289342386 44.4220622219 67.96 771.6 827.88 0 1
-81.9892504093 44.4551552579 67.28 867 769.2 0 1
-82.918244611 44.4861903611 67 778.72 816.84 0 1
-81.8284661056 44.6391032426 65 862.48 748.28 0 1
-83.2163099375 44.7630878603 65.04 742.2 821 0 1
-81.340049227 44.8415153046 62.56 892.88 747.4 37.8387 1
-81.7989811208 44.8816944967 62 842.88 733.8 0 1
-86.5369961935 45.1061155913 65.88 786.92 795.96 0 1
-81.0962457625 45.139858506 59.16 905.92 759 0 1
-86.8644673668 45.1724511942 63.2 758.36 791.36 0 1
-72.5590589621 45.2484419614 51.92 1064.24 825.64 51.1354 1
-76.778941761 45.2688172889 54.12 836 822.32 54.2961 1
-83.5206691406 45.5237081121 57.88 754.68 803.96 0 1
-84.539704174 45.5287399734 61.16 767.72 857.52 44.1281 1
-83.936677831 45.5468983982 59 750.96 836.08 0 1
-69.7997425193 45.559564733 38.08 1008.04 798.36 53.8911 1
-100.454362001 45.5894697914 68.68 422.52 975.28 7.48101 1
-84.9456055392 45.7622512107 61.08 772.76 823.88 66.6087 1
-63.3915018588 45.7642797752 57.8 1158.36 764.84 49.0027 1
-81.9477380237 45.7756129094 47.92 841.76 738.04 38.25 1
-82.2394036047 45.7850589214 49.64 834.52 744.16 43.4296 1
-81.0156183614 45.8650447641 51.32 868.88 763.8 0 1
-95.1907305663 45.8804343433 53.08 658.44 870.2 13.346 1
-80.8014980318 45.8819782212 51.92 884.64 771.2 33.9468 1
-66.4228887837 45.8901408686 56.04 1097.96 799 51.6253 1
-91.4250708805 45.9589014814 45.64 802.6 885.48 55.8351 1
-83.3110135686 46.0182335588 50.72 826.68 777.36 0 1
-82.8703160876 46.2203554427 46.04 860.2 751.72 50.3662 1
-60.2427341218 46.2549647581 58.1 1410.7 694 43.8577 1
-84.1106889395 46.35143068 43.16 856.16 773.04 55.5518 1
-85.6565046653 46.7109899775 48.36 806.48 781.36 0 1
-86.7526546533 46.7332194372 47 834.76 791.6 0 1
-91.5569613623 46.9260125318 41.72 736 756.64 0 1
-85.265690585 46.982486405 42 857.96 736.76 0 1
-92.2086550068 47.0253609769 33.36 730.68 774.76 47.0495 1
-88.0266312077 47.0371084379 44.96 786.92 799.8 0 1
-53.730777987 47.0546179798 52 1364.53 560.526 48.8045 1
-86.9127725994 47.1393609142 40.72 825.72 757.72 0 1
-89.5599200871 47.4901211276 42 757.2 798 0 1
-90.3339256412 47.5579144444 46 712.08 793.44 0 1
-85.0475415977 47.5812670268 32 913.12 721.24 0 1
-101.253670721 47.5969363645 47.84 418.08 896.72 10.4203 1
-88.2271071775 47.5970327835 38.08 789.68 745.72 0 1
-81.3241725692 47.8537719068 13.52 819.08 759 60.0639 1
-89.4798936672 47.9419972692 34.84 724.96 778.96 0 1
-87.1503828171 48.1123599052 27 807.16 677.24 0 1
-87.060652095 48.1174653045 26.8 808.96 674.76 0 1
-87.6036399298 48.4878787388 22.76 791 675.12 0 1
-87.5331606822 48.5599404232 21.2 792.32 666.52 0 1
-87.1977198543 48.7154051158 17.4 789.24 646.24 0 1
-67.4997621445 48.8564766095 24.3125 939.375 676.25 16.7817 1
-98.7085245979 48.9008948628 28 442.44 837.88 2.60204 1
-87.9466703913 48.9018406882 18.24 776.48 695.92 0 1
-56.0027386473 49.2230185048 33.88 1056.72 678.56 44.6875 1
-56.9308001898 49.2888471068 34.8 1027.84 669.16 20.5952 1
-76.5038815589 49.3049973113 3.44 923.48 669.88 52.4907 1
-88.4377104524 49.4086856513 10.64 767.88 721.4 52.7759 1
-123.241818412 49.4438058633 72.8824 1374.35 687.176 64.685 1
-121.78090373 49.5042107806 98.16 1568.08 794.92 67.6152 1
-88.5409706943 49.6752121221 5.92 749.92 720.84 0 1
-117.459525095 49.8128354279 65.2 826.24 811.36 53.0321 1
-90.4878664143 49.8280980167 -0.72 770.64 700.6 58.0532 1
-91.1134827198 49.8514100059 4.88 766.76 694.68 50.3355 1
-98.2591731984 50.4612233195 17.8 474.36 767.8 0 1
-78.5345379842 50.5888477741 -9.96 807.8 639.56 0 1
-96.5301902206 50.6468435475 16.8 527.96 719.64 0 1
-98.7797924932 50.7553836916 16 460.68 754.4 0 1
-107.177505046 50.7812061098 35.88 327.84 814.92 0 1
-71.1831904152 51.0603517325 -22.92 934.44 552.36 0 1
-59.420684345 51.149821222 2.84 1142.32 529.04 0 1
-124.044862231 51.2376690065 16.2 539.08 689.36 0 1
-58.1488647941 51.2965896264 10.5417 1102.79 525 0 1
-78.288655315 51.3569230398 -11.6 732.64 614.08 0 1
-98.9780761165 51.3638211603 12.32 451.48 719.6 0 1
-97.7999110319 51.4087488012 2.12 494.76 721.4 0 1
-55.7237914023 51.5668103524 11.8125 1108.25 484.75 0 1
-70.1868540951 51.6053319821 -27 913.8 535 0 1
-99.2772806631 51.6536719436 12.88 467.32 707.96 0 1
-62.7380640017 51.6797244473 -24.96 1020.2 507.92 0 1
-97.4748090068 51.7292250072 1 492.36 691.16 0 1
-91.9443895303 51.7980370952 -9.04 681.08 627.6 0 1
-70.5647245094 51.8549043297 -33.12 918.64 509.64 0 1
-77.4463760763 51.9077232824 -21.16 754.88 567.64 0 1
-104.102436071 51.9200226216 12 414.36 711.68 0 1
-65.697119504 51.964160516 -40.88 842.44 537.68 0 1
-96.9717602625 51.9736867126 1.84 481.24 652.24 0 1
-97.8006196629 51.9949711298 1 459 674.76 0 1
-95.5603120947 52.0489495214 0.56 544.28 654.48 0 1
-65.7069609249 52.2062099048 -38.6 828.28 541.76 0 1
-69.8977765509 52.2396543857 -37.64 937.72 494.68 0 1
-97.299077282 52.2792397291 -2 437.44 635.08 0 1
-99.4832885787 52.3302952288 8.12 470.32 667.36 0 1
-71.8109544539 52.4361286321 -32.68 838.48 497.6 0 1
-64.8097996378 52.4761871896 -34.44 868.44 532.2 0 1
-120.700932598 52.5035795618 40.88 754.96 755.04 0 1
-100.75221958 52.5612086288 12.04 454 709.64 0 1
-61.0935618804 52.5817460592 -18.32 1047.52 527.84 0 1
-131.683028751 52.5880642026 79 3099.82 516.182 0 1
-86.9863741379 52.5906668343 -18.16 654 576.44 0 1
-120.974845362 52.636724982 41.56 769.96 762.36 0 1
-125.13737828 52.6918157031 -6.08 497 597.56 0 1
-74.5515942294 52.7183242139 -32.68 795.36 499.56 0 1
-90.7889552611 52.7220117235 -18.68 655.92 587.52 0 1
-90.8404632153 52.7543536042 -18.96 654.12 586.24 0 1
-98.1123430524 52.9117272544 -1.44 454.32 626.12 0 1
-98.3956907659 52.9269265083 -0.12 458.6 625.84 0 1
-100.042408639 52.9730981207 6 466.56 657.2 0 1
-99.1480901063 53.0240399147 1.88 474.36 612.2 0 1
-70.7529893265 53.1001756259 -40.44 830.68 461.68 0 1
-129.12079632 53.3459908456 60.08 2704.08 540.72 0 1
-68.5053963347 53.3589570178 -43.24 903.56 467.64 0 1
-128.280837817 53.4385295257 56.6667 2186.57 576.714 0 1
-130.393592541 53.496482912 81.2727 2330.27 448.591 0 1
-73.5470809415 53.5816424248 -40.76 763.76 460.8 0 1
-87.8024529578 53.6586882265 -26.4 599.36 533.32 0 1
-95.6186752402 53.6803018302 -12.52 515.56 599.56 0 1
-75.8946472135 53.6991565972 -37.32 717.8 477.4 0 1
-64.8140024946 53.7037047871 -39 836.48 505.08 0 1
-70.8667820441 53.9170667821 -47.2 787.52 429 0 1
-125.107234935 53.9891898177 24.4 481 686.4 0 1
-64.792880269 54.0096350479 -42 816.96 491.48 0 1
-60.7004648905 54.0990154251 -21.48 950.88 497.56 0 1
-63.6776787135 54.1058957472 -42.04 863.4 480.52 0 1
-68.5095274073 54.1878670425 -49.04 830.96 441.4 0 1
-69.65442436 54.2295668042 -48.44 797.92 436.4 0 1
-110.956095966 54.2400536849 12.84 433.88 708.68 0 1
-90.8807820779 54.244235205 -31.8 582.6 527.32 0 1
-59.4558546465 54.2945262389 -20.48 967.44 460.16 0 1
-73.0533541757 54.3271389997 -46.84 727.6 433.36 0 1
-64.4093784467 54.3683248403 -44.44 808.68 475.72 0 1
-111.917210956 54.3690875389 17.08 453.48 714.64 0 1
-71.5314528937 54.4914193992 -49.08 737.2 423 0 1
-94.2364994719 54.5266884946 -21.88 529.76 577.04 0 1
-72.2492465687 54.5473249697 -49.64 726.04 421.28 0 1
-92.5718590745 54.6417713436 -29.96 548.12 543.72 0 1
-88.5161131566 54.6536680982 -36 553.84 499 0 1
-106.740739121 54.7066804485 -2.52 461.76 659.16 0 1
-78.4722577164 54.8087922629 -42.44 592.28 443.48 0 1
-87.2564881771 54.8500347075 -37.96 542 496.04 0 1
-103.565948342 54.8778108736 -8.36 491.52 643.68 0 1
-71.960405283 54.9199929434 -51 702.64 412.8 0 1
-103.007731394 55.0901634877 -10.2 494.24 636.72 0 1
-60.0836389357 55.1467977439 -16.4 835.4 443.4 0 1
-71.506305048 55.2743671155 -53 688.24 406.68 0 1
-96.698011216 55.3398881648 -27.4 489.96 590.32 0 1
-96.6154590314 55.3650712258 -27.44 490.72 588.96 0 1
-105.409724218 55.4005493337 -8.44 497.64 631.84 0 1
-88.100028681 55.425689774 -41.96 514.88 480.36 0 1
-89.1912043416 55.4795728376 -44 521 477.36 0 1
-97.8886103087 55.5176632416 -27.24 492.64 608.08 0 1
-86.70301685 55.8099227993 -44 483.4 474.32 0 1
-106.76863773 55.8467288369 -7.56 459.28 621.88 0 1
-67.7622189219 55.8968933227 -58.76 701.72 407.8 0 1
-61.2348111468 55.9580706974 -26.7391 815.087 439.783 0 1
-100.539317832 56.0107337851 -26.6 484.36 599.4 0 1
-61.4769251472 56.0185774398 -28.2222 808.056 445.667 0 1
-61.7200280188 56.0538851134 -36.92 834.12 429.64 0 1
-96.2257218304 56.0856826738 -37.96 487.52 562.28 0 1
-98.609392997 56.0879118133 -31.08 510.56 581.36 0 1
-123.432588729 56.1159973077 -17.88 586.68 532 0 1
-99.6569409802 56.1464612354 -28.08 477.84 597 0 1
-68.9157062806 56.3826959419 -51.96 610.48 423.52 0 1
-65.6162066852 56.4291766867 -57.04 603.72 407.8 0 1
-125.476370095 56.5418104737 -18.2 480.88 551.68 0 1
-110.459174471 56.5486442819 -4.16 450.2 647.92 0 1
-102.790949431 56.5777989912 -26.36 506.72 581.2 0 1
-73.5188452694 56.5811250949 -57.08 578.4 379.88 0 1
-98.3278432249 56.6731353538 -38.28 519.52 552.6 0 1
-61.5824140075 56.8018094242 -41 834.48 402.48 0 1
-105.10264915 57.0716618333 -25.6 494.32 558.44 0 1
-90.5189231139 57.1169945445 -56.92 453.88 444.56 0 1
-66.1837716093 57.147810193 -59.16 570.96 389.92 0 1
-121.545789494 57.2358171197 -6.32 475.36 595.36 0 1
-75.2292768035 57.2441387524 -61.24 525.12 360.32 0 1
-65.5152523048 57.3183045879 -59.16 553.72 382.32 0 1
-97.2321478247 57.3202103071 -52.04 488.56 510.08 0 1
-98.2685333684 57.3508315757 -47 500.84 517.32 0 1
-96.4271097381 57.3706356991 -55.4 475.28 497.92 0 1
-107.051559998 57.3958854371 -24.44 446.6 561.4 0 1
-107.569334411 57.4292369054 -25.56 443.68 556.12 0 1
-129.899220506 57.7125227647 -13.64 450.44 568.68 0 1
-109.471297023 57.7752625584 -24.12 432.88 566.56 0 1
-102.222808276 57.778012144 -42.32 461.68 508.2 0 1
-62.4502397924 57.9671263424 -41.1429 620.429 382.286 0 1
-67.7280684986 58.1364004939 -54.44 492.16 400.04 0 1
-103.162247278 58.1829213501 -42.08 493.92 496.72 0 1
-152.170004631 58.2669559784 31.08 1452.56 437.64 0 1
-62.6511707654 58.2977997237 -44.3 591.65 367.15 0 1
-131.962643165 58.438477867 -10.36 595.56 535.08 0 1
-130.869498342 58.4498461114 -20.24 451.48 545.16 0 1
-93.1363659516 58.5553710686 -74 415 399.524 0 1
-155.579371195 58.6551587709 18.36 708.84 490.2 0 1
-109.756007564 58.7037319639 -23 380.76 577.84 0 1
-101.64215969 58.7283868655 -59.16 420.76 456.72 0 1
-63.2414130016 58.9686630009 -52.2143 532.714 333.714 0 1
-76.3217958847 59.0435262509 -72.2 417.2 314.6 0 1
-155.562188131 59.0463415328 6.2 683.16 467.28 0 1
-74.36107623 59.1221917963 -70.16 444.88 319.56 0 1
-109.153964375 59.1321846758 -25.28 356 565 0 1
-155.061303062 59.1475762238 6.68 769.36 465.24 0 1
-110.002748802 59.1746514365 -24.6 361 574.64 0 1
-159.004475455 59.2988161291 1.48 604.16 456.52 0 1
-161.979197812 59.3081855665 0 796 431 0 1
-129.59774781 59.4228210985 -34.28 624.48 500.4 0 1
-159.589434048 59.6634111946 -4.28 593.48 454.12 0 1
-73.1640308019 59.6798872835 -73.16 434.44 307.32 0 1
-132.056884175 59.8412937019 -22.48 437.16 543.04 0 1
-125.535627881 59.8854982897 -42.56 484.88 514.24 0 1
-134.944103483 59.912393751 -22.72 396.96 504.12 0 1
-120.710436596 59.9475167889 -34.64 397.08 586.12 0 1
-133.247938012 59.9523984465 -17.04 343.4 538.68 0 1
-110.027978746 60.1314703925 -41.96 351.24 516.32 0 1
-102.070922066 60.1522121389 -76 359.24 418.48 0 1
-159.118974188 60.218607742 -16.48 557.76 447.6 0 1
-153.930703822 60.2798814865 -0.4 563.68 513.36 0 1
-152.98130968 60.3906491191 2.28 711.56 483.76 0 1
-150.177441239 60.4321347102 25.36 683.92 499.32 0 1
-148.634940861 60.4639144317 34.08 1360.44 484.44 0 1
-120.171505376 60.4646246136 -43.48 389 558.16 0 1
-75.5963729087 60.4716651747 -79 390.16 288.24 0 1
-151.108049862 60.5210753752 13.16 510.76 503.88 0 1
-132.508254508 60.5786098868 -37.6 343.08 523.12 0 1
-95.2286456889 60.6710783258 -94.92 350.36 364.36 0 1
-101.135550865 60.7535444539 -90.48 314.56 388 0 1
-136.728454389 60.7801225395 -31.4 354.6 547.92 0 1
-74.5831110001 60.8904930959 -86.04 420.44 272.44 0 1
-73.506740643 60.9578965932 -87.12 432 269.32 0 1
-70.129045233 60.9988464544 -67.88 339.04 292.8 0 1
-129.779262873 61.01854843 -55.24 523.04 501.4 0 1
-142.512691466 61.0325656402 -43.96 1056.6 403.76 0 1
-114.354260441 61.1086018729 -38 309.24 502 0 1
-97.097208532 61.1116441617 -100.84 339.8 361.28 0 1
-75.0333171134 61.1165034712 -88 409.36 266.52 0 1
-94.8416093103 61.2069700386 -101.6 335.88 347 0 1
-155.169299611 61.2560741086 -13.88 530.32 504.52 0 1
-129.771461883 61.371769985 -59.92 515 489.52 0 1
-118.17908763 61.4293779417 -36 295.12 584.88 0 1
-114.544426273 61.6044376311 -44 296.2 485.4 0 1
-112.314566742 61.6105753727 -47.72 297.76 498.32 0 1
-111.737174763 61.6142563071 -53.36 307 483.2 0 1
-114.656295887 61.7157971611 -45.2 293.52 480.6 0 1
-145.201774792 61.7351696823 -35.24 361.48 550.56 0 1
-97.7894388428 61.7873941925 -106.68 308.28 349.12 0 1
-112.12262549 61.7881624677 -50.16 290.92 490.56 0 1
-113.915236439 61.8670751756 -47 285.2 480.36 0 1
-146.56601078 61.9353290907 -36.44 423.36 531.88 0 1
-145.034397611 61.9581478861 -34.44 331.12 554.16 0 1
-110.468168174 61.9717430019 -65 301 444.84 0 1
-114.584118325 62.0014973219 -48 284.04 476 0 1
-145.67568784 62.0097331364 -33.12 342.4 564.36 0 1
-162.331101105 62.0435938361 -20 415.04 418.44 0 1
-116.351765808 62.0530253416 -48.2 293.56 505.92 0 1
-114.154854162 62.0892071346 -49.52 279.68 474.24 0 1
-106.907134083 62.1006545202 -81.08 301.76 405.76 0 1
-113.924523263 62.1029221033 -50 279 474.6 0 1
-102.143838247 62.1263617293 -99.96 275.12 360.4 0 1
-100.189353284 62.1854049339 -108.08 271.36 344.24 0 1
-163.871816318 62.2332274593 -19 503.24 392.96 0 1
-75.1311509641 62.2446310156 -86.72 368.48 262.24 0 1
-111.950941407 62.2481752663 -57.32 282.56 468.6 0 1
-130.261485302 62.2717195288 -60.8 443.8 503.64 0 1
-137.70916515 62.4130495524 -58.64 233.64 488.12 0 1
-97.7851216041 62.5833051949 -111.12 272.76 341.6 0 1
-164.067772249 62.6556348465 -21 495.72 384.96 0 1
-102.417026303 62.7584982762 -105.2 258.68 347.24 0 1
-95.9990979888 62.827756186 -118 287.64 321.44 0 1
-156.687692892 62.9233070294 -44.48 467.76 462.68 0 1
-102.592951661 62.9946802968 -107.56 256.68 338.6 0 1
-117.733605267 63.1360107141 -55.92 280.28 494.44 0 1
-94.3997060973 63.1625855768 -123.08 281.6 299.44 0 1
-131.558480108 63.2245149962 -72.04 350 475.8 0 1
-92.9549681813 63.2310053689 -120.48 270.56 292.96 0 1
-66.9871047152 63.2767526163 -85.0833 371.75 253.167 0 1
-106.937688061 63.3901817626 -97.64 264.4 357.16 0 1
-66.951984497 63.3908282841 -92.2917 398.083 239.667 0 1
-115.488950885 63.4285620897 -63.92 263.28 463.12 0 1
-109.863162568 63.4715412105 -95.44 280.12 361.72 0 1
-152.537114008 63.4964997296 -34.04 359.28 485.16 0 1
-94.0018037829 63.6631901883 -125 263 294.48 0 1
-135.077564371 63.710697187 -51.84 315.44 525.24 0 1
-90.1173766211 63.7213603071 -118.864 246.818 276.273 0 1
-133.9043262 63.7650544262 -47.36 343 526.64 0 1
-94.2193267283 63.7668838756 -124.96 255.64 298.16 0 1
-98.2594318683 63.9083203376 -125.92 237.44 307 0 1
-108.667746156 64.0103605664 -101.84 253.96 346 0 1
-93.2177066797 64.0313084972 -125.68 247 286.92 0 1
-99.7881458559 64.0562802685 -123.04 218 304.52 0 1
-111.913331198 64.0824517862 -96 274.08 362.28 0 1
-128.666733401 64.0879998223 -82.12 425.44 447.6 0 1
-138.09558349 64.0993987863 -58.08 370.28 500.24 0 1
-95.8694165759 64.2145605271 -128 242 309 0 1
-133.047002249 64.2924351275 -74.8 336.44 449.68 0 1
-98.0484727321 64.4340286121 -129.4 220.8 298.6 0 1
-72.1114417673 64.5070657654 -98.36 326.84 243.4 0 1
-110.785192049 64.5156015073 -109 265.56 337.36 0 1
-72.9226977364 64.5855628016 -105.88 350.12 229.12 0 1
-71.6563665346 64.6446918471 -98.2 322 245.12 0 1
-100.023340508 64.6528007907 -125.32 199 296.88 0 1
-110.818284182 64.7514219198 -114.52 263.88 326.28 0 1
-70.6297138755 64.772668667 -100 330.6 246.4 0 1
-114.370200293 64.8430872752 -97.04 276 351.92 0 1
-118.395632559 64.936931705 -62 248.16 432.08 0 1
-101.070736812 65.0275474806 -131 198.16 277.64 0 1
-70.7945100595 65.0314717833 -101 321.12 243 0 1
-96.1386270429 65.0398252264 -140.08 231.6 282.36 0 1
-111.425480644 65.1162060738 -115.04 254 320.04 0 1
-121.967810934 65.2126937141 -67.76 272.88 437.44 0 1
-119.610462871 65.4500580631 -66.52 248.24 413.28 0 1
-88.7384205818 65.6293588348 -124 210 255.143 0 1
-119.865897589 65.6843385733 -69 244.8 405.08 0 1
-120.90741509 65.7652686308 -71 250 405.24 0 1
-120.2157227 65.8212060134 -70.68 244.72 400.08 0 1
-121.079467889 65.8608274106 -72.16 250 402.4 0 1
-114.730849913 65.8796701138 -99.28 254.84 331.8 0 1
-122.421593294 65.9387030504 -75 258.28 405.2 0 1
-99.2428664224 65.9651790525 -142 177.16 261.32 0 1
-111.601760463 66.058323041 -121.96 220.76 291.16 0 1
-119.554786435 66.0888495431 -72.52 236 383.48 0 1
-117.766358433 66.1063033185 -71.2 231.72 374.32 0 1
-124.995938707 66.1333983116 -79 275.56 423.8 0 1
-124.755660862 66.1686907778 -79.52 273.28 418.4 0 1
-115.423194418 66.1693991506 -103.76 271.04 315.36 0 1
-109.240111731 66.18075294 -129.8 205.2 283.36 0 1
-68.7413490037 66.2412918969 -107.24 309.28 227.64 0 1
-70.4602649472 66.2827463266 -102.48 275 239.32 0 1
-69.7236021181 66.2924940017 -103.04 282.4 239 0 1
-122.886565688 66.3103939848 -79.96 254 390.4 0 1
-68.8283650946 66.3348063389 -105.4 295.68 231.04 0 1
-123.090668799 66.3355256446 -80.6 252.52 389.68 0 1
-123.040537732 66.3488105139 -80.4 252.8 389.4 0 1
-121.132522963 66.3525668222 -77.92 239.92 378.2 0 1
-128.739446098 66.3715775778 -77.68 281.36 486.72 0 1
-85.1030805309 66.45437822 -125.36 208.32 240.76 0 1
-132.422504873 66.5763966954 -72 291.88 465.32 0 1
-120.782413632 66.5843483179 -80 234 366.84 0 1
-116.982140036 66.5927971155 -89.92 241.56 335.36 0 1
-153.497338538 66.7711518214 -79.64 362.76 469.52 0 1
-119.95022747 66.8568007458 -81.68 221 351.8 0 1
-114.579431913 66.958684682 -119.48 258.96 272.16 0 1
-114.371235032 67.0102953713 -120.92 249.64 268.28 0 1
-114.07344057 67.0234206889 -121.56 239.96 266.36 0 1
-111.866623367 67.0365542926 -134.88 201.2 250.12 0 1
-163.669662408 67.1363684873 -61.12 248.52 286.08 0 1
-100.23430321 67.2057504032 -146.12 142.28 237.32 0 1
-133.574801122 67.2917326166 -81 290.84 435.92 0 1
-84.4806830005 67.312001449 -134.92 217.08 216.44 0 1
-92.8901050787 67.3919784908 -155.44 198.28 225.84 0 1
-126.40051411 67.4467961126 -97.12 229 366.12 0 1
-65.5041483902 67.8958142704 -112.12 271.44 195.4 0 1
-109.390090962 68.0119524967 -129.529 128.647 263.706 0 1
-134.413679139 68.0975262468 -89.44 240.04 382.8 0 1
-134.965803924 68.1717008318 -90.96 215.92 359.76 0 1
-125.269309243 68.2354709798 -107.72 204.76 300.16 0 1
-133.60433626 68.2527951054 -91.24 246.6 393.52 0 1
-114.131775507 68.318556304 -118.52 171 257.72 0 1
-115.000170433 68.4151768189 -117.48 208 266.12 0 1
-119.571468012 68.4700485454 -119.48 227.2 245.64 0 1
-126.443083778 68.5246163981 -105.96 187.28 309.12 0 1
-108.355471199 68.5332605527 -136.6 124.28 247.56 0 1
-91.5219363186 68.5584173654 -148.04 178.16 223.76 0 1
-134.611335089 68.6161681158 -95.64 203.04 344.28 0 1
-88.4986022772 68.6256762053 -138 179.08 216.32 0 1
-74.3715745181 68.7847638019 -115 197 222 0 1
-93.4720889954 68.9723741129 -155.96 149.8 223.76 0 1
-135.746302073 68.9861271791 -100.25 198.3 312.25 0 1
-107.498646905 68.9880665099 -140.625 121.125 236 0 1
-75.556083897 69.0041087017 -119.84 190 217 0 1
-134.636454005 69.0744055575 -102.4 182.8 314.44 0 1
-91.9591398864 69.3057650664 -153.8 167.48 213.64 0 1
-75.1980957365 69.4458637332 -124.8 195.92 210.08 0 1
-132.048346723 69.6306339331 -110.72 139 277.4 0 1
-131.163844523 69.6413676661 -110.68 136 281.96 0 1
-93.2233575359 69.6476559509 -153 143 219.6 0 1
-68.762199023 69.9381496348 -129.591 249 198.273 0 1
-129.924635029 69.9418189203 -111.48 122 269.48 0 1
-109.686291217 69.9454637312 -147.96 107.72 211.24 0 1
-93.1277587987 70.0005824049 -153.68 142.96 213.96 0 1
-159.396684672 70.0435841274 -102.84 151.88 230.32 0 1
-124.756386886 70.0602798574 -121.818 156 208.273 0 1
-127.009391178 70.1197346058 -117.909 134.864 245.409 0 1
-156.249990636 70.1996295976 -113.4 150.48 242.44 0 1
-155.591553559 70.2391866279 -116 150.2 253.4 0 1
-103.317714329 70.2478986075 -156 108.04 193 0 1
-72.8411095201 70.3147096241 -141.52 240.88 186 0 1
-158.658631613 70.3598342582 -108 144.68 221.72 0 1
-153.64906038 70.4279874008 -125 137.08 278.2 0 1
-149.156303871 70.456872174 -115.48 145.28 321 0 1
-157.756407768 70.491589667 -111.36 140 218.84 0 1
-87.8269128508 70.8193612406 -143 154 202 0 1
-155.304499526 70.9899575736 -124.08 126.76 231 0 1
-154.789318108 71.0392916097 -126.56 125.68 239.52 0 1
-107.911027442 71.097840371 -156 94.24 194.36 0 1
-85.6881433725 71.1007402486 -135.88 156.2 204.88 0 1
-155.072003005 71.1130452608 -126.529 123.765 231.706 0 1
-95.4354949001 71.3726697279 -161.043 132 195.174 0 1
-110.030542726 71.3829239238 -160.76 99 180.28 0 1
-107.95344077 71.4813707036 -154.36 86.4 195 0 1
-97.0716949153 72.3832730817 -163.56 118.68 183.16 0 1
-83.8243209075 73.4845274609 -151.2 183.133 177.867 0 1
-124.248046527 73.9769886766 -153 98.1739 164.261 0 1
-124.48128032 74.2242083385 -155.348 95.913 161.043 0 1
-121.231446867 74.3002786209 -162.4 109.36 157.32 0 1
-91.1637328817 74.760060738 -165.87 130.13 172.783 0 1
-110.465214002 74.8576397705 -174.36 72 152.8 0 1
-80.1445704568 74.8646078449 -153 134 193 0 1
-121.867969183 76.0517056351 -176.55 85.4 139 0 1
-115.896616167 76.2807652107 -182 85 141 0 1
-87.1630057477 76.4172920777 -177.273 123.364 167.727 0 1
-82.0881450282 77.3166999292 -168.909 107.818 177.545 0 1
-115.088378581 77.9462013114 -196 74 125 0 1
-110.650759417 78.2966944449 -198.6 64.35 123 0 1
-104.849449203 78.5531807926 -201 85 122 0 1
-71.9392015474 80.107006301 -167.118 117.882 147.235 0 1
-87.1113347341 80.7097418083 -212.84 95.56 139.24 0 1
-93.9249273861 81.0476067039 -206.9 82 132.35 0 1
-79.1684653001 81.1361504742 -217.643 151 118.286 0 1
-72.2369649063 81.6823922892 -174.28 95.52 145.92 0 1
-81.479229743 82.6297950445 -202 70 146 0 1
-68.081523303 82.638786387 -173.333 100.533 144.533 0 1
-81.0827381785 82.7956360597 -202.68 71 143.12 0 1
-64.7251048211 82.8184036348 -175 116.125 148.333 0 1
-73.4241841005 82.9567627424 -186.24 85.88 140.44 0 1
